2025-04-10 09:07:07.075145: I tensorflow/core/platform/cpu_feature_guard.cc:182] This TensorFlow binary is optimized to use available CPU instructions in performance-critical operations.
To enable the following instructions: AVX2 FMA, in other operations, rebuild TensorFlow with the appropriate compiler flags.
2025-04-10 09:07:07.617771: W tensorflow/compiler/tf2tensorrt/utils/py_utils.cc:38] TF-TRT Warning: Could not find TensorRT

Loading checkpoint shards:   0%|          | 0/2 [00:00<?, ?it/s]
Loading checkpoint shards:  50%|█████     | 1/2 [00:00<00:00,  2.37it/s]
Loading checkpoint shards: 100%|██████████| 2/2 [00:00<00:00,  2.36it/s]
Loading checkpoint shards: 100%|██████████| 2/2 [00:00<00:00,  2.36it/s]
Some weights of GemmaForSequenceClassification were not initialized from the model checkpoint at google/gemma-1.1-2b-it and are newly initialized: ['score.weight']
You should probably TRAIN this model on a down-stream task to be able to use it for predictions and inference.
trainable params: 929,792 || all params: 2,507,110,400 || trainable%: 0.0371

--- Round 1/20 ---
Selected 5 clients for training

Client 0 - Epoch 1/1:   0%|          | 0/18 [00:00<?, ?it/s]
Client 0 - Epoch 1/1:   0%|          | 0/18 [00:00<?, ?it/s, Loss=1.2734]
Client 0 - Epoch 1/1:   6%|▌         | 1/18 [00:00<00:10,  1.55it/s, Loss=1.2734]
Client 0 - Epoch 1/1:   6%|▌         | 1/18 [00:00<00:10,  1.55it/s, Loss=0.6953]
Client 0 - Epoch 1/1:  11%|█         | 2/18 [00:00<00:06,  2.42it/s, Loss=0.6953]
Client 0 - Epoch 1/1:  11%|█         | 2/18 [00:01<00:06,  2.42it/s, Loss=2.0781]
Client 0 - Epoch 1/1:  17%|█▋        | 3/18 [00:01<00:05,  2.95it/s, Loss=2.0781]
Client 0 - Epoch 1/1:  17%|█▋        | 3/18 [00:01<00:05,  2.95it/s, Loss=0.9023]
Client 0 - Epoch 1/1:  22%|██▏       | 4/18 [00:01<00:04,  3.30it/s, Loss=0.9023]
Client 0 - Epoch 1/1:  22%|██▏       | 4/18 [00:01<00:04,  3.30it/s, Loss=0.6172]
Client 0 - Epoch 1/1:  28%|██▊       | 5/18 [00:01<00:03,  3.53it/s, Loss=0.6172]
Client 0 - Epoch 1/1:  28%|██▊       | 5/18 [00:01<00:03,  3.53it/s, Loss=0.7852]
Client 0 - Epoch 1/1:  33%|███▎      | 6/18 [00:01<00:03,  3.68it/s, Loss=0.7852]
Client 0 - Epoch 1/1:  33%|███▎      | 6/18 [00:02<00:03,  3.68it/s, Loss=0.6445]
Client 0 - Epoch 1/1:  39%|███▉      | 7/18 [00:02<00:02,  3.78it/s, Loss=0.6445]
Client 0 - Epoch 1/1:  39%|███▉      | 7/18 [00:02<00:02,  3.78it/s, Loss=0.3066]
Client 0 - Epoch 1/1:  44%|████▍     | 8/18 [00:02<00:02,  3.86it/s, Loss=0.3066]
Client 0 - Epoch 1/1:  44%|████▍     | 8/18 [00:02<00:02,  3.86it/s, Loss=0.3633]
Client 0 - Epoch 1/1:  50%|█████     | 9/18 [00:02<00:02,  3.92it/s, Loss=0.3633]
Client 0 - Epoch 1/1:  50%|█████     | 9/18 [00:02<00:02,  3.92it/s, Loss=0.7227]
Client 0 - Epoch 1/1:  56%|█████▌    | 10/18 [00:02<00:02,  3.95it/s, Loss=0.7227]
Client 0 - Epoch 1/1:  56%|█████▌    | 10/18 [00:03<00:02,  3.95it/s, Loss=0.3086]
Client 0 - Epoch 1/1:  61%|██████    | 11/18 [00:03<00:01,  3.98it/s, Loss=0.3086]
Client 0 - Epoch 1/1:  61%|██████    | 11/18 [00:03<00:01,  3.98it/s, Loss=0.7227]
Client 0 - Epoch 1/1:  67%|██████▋   | 12/18 [00:03<00:01,  4.00it/s, Loss=0.7227]
Client 0 - Epoch 1/1:  67%|██████▋   | 12/18 [00:03<00:01,  4.00it/s, Loss=1.1172]
Client 0 - Epoch 1/1:  72%|███████▏  | 13/18 [00:03<00:01,  3.96it/s, Loss=1.1172]
Client 0 - Epoch 1/1:  72%|███████▏  | 13/18 [00:03<00:01,  3.96it/s, Loss=0.7383]
Client 0 - Epoch 1/1:  78%|███████▊  | 14/18 [00:03<00:01,  3.98it/s, Loss=0.7383]
Client 0 - Epoch 1/1:  78%|███████▊  | 14/18 [00:04<00:01,  3.98it/s, Loss=0.3320]
Client 0 - Epoch 1/1:  83%|████████▎ | 15/18 [00:04<00:00,  4.00it/s, Loss=0.3320]
Client 0 - Epoch 1/1:  83%|████████▎ | 15/18 [00:04<00:00,  4.00it/s, Loss=0.4961]
Client 0 - Epoch 1/1:  89%|████████▉ | 16/18 [00:04<00:00,  4.01it/s, Loss=0.4961]
Client 0 - Epoch 1/1:  89%|████████▉ | 16/18 [00:04<00:00,  4.01it/s, Loss=0.4766]
Client 0 - Epoch 1/1:  94%|█████████▍| 17/18 [00:04<00:00,  4.02it/s, Loss=0.4766]
Client 0 - Epoch 1/1:  94%|█████████▍| 17/18 [00:04<00:00,  4.02it/s, Loss=0.0986]
Client 0 - Epoch 1/1: 100%|██████████| 18/18 [00:04<00:00,  4.86it/s, Loss=0.0986]
Client 0 - Epoch 1/1: 100%|██████████| 18/18 [00:04<00:00,  3.80it/s, Loss=0.0986]
Client 0 - Epoch 1/1 | Avg Loss: 0.7044

Client 4 - Epoch 1/1:   0%|          | 0/31 [00:00<?, ?it/s]
Client 4 - Epoch 1/1:   0%|          | 0/31 [00:00<?, ?it/s, Loss=1.8438]
Client 4 - Epoch 1/1:   3%|▎         | 1/31 [00:00<00:07,  3.99it/s, Loss=1.8438]
Client 4 - Epoch 1/1:   3%|▎         | 1/31 [00:00<00:07,  3.99it/s, Loss=1.5234]
Client 4 - Epoch 1/1:   6%|▋         | 2/31 [00:00<00:07,  4.00it/s, Loss=1.5234]
Client 4 - Epoch 1/1:   6%|▋         | 2/31 [00:00<00:07,  4.00it/s, Loss=1.7109]
Client 4 - Epoch 1/1:  10%|▉         | 3/31 [00:00<00:06,  4.02it/s, Loss=1.7109]
Client 4 - Epoch 1/1:  10%|▉         | 3/31 [00:00<00:06,  4.02it/s, Loss=1.7266]
Client 4 - Epoch 1/1:  13%|█▎        | 4/31 [00:00<00:06,  4.03it/s, Loss=1.7266]
Client 4 - Epoch 1/1:  13%|█▎        | 4/31 [00:01<00:06,  4.03it/s, Loss=2.5000]
Client 4 - Epoch 1/1:  16%|█▌        | 5/31 [00:01<00:06,  4.04it/s, Loss=2.5000]
Client 4 - Epoch 1/1:  16%|█▌        | 5/31 [00:01<00:06,  4.04it/s, Loss=1.1797]
Client 4 - Epoch 1/1:  19%|█▉        | 6/31 [00:01<00:06,  4.03it/s, Loss=1.1797]
Client 4 - Epoch 1/1:  19%|█▉        | 6/31 [00:01<00:06,  4.03it/s, Loss=1.5234]
Client 4 - Epoch 1/1:  23%|██▎       | 7/31 [00:01<00:05,  4.03it/s, Loss=1.5234]
Client 4 - Epoch 1/1:  23%|██▎       | 7/31 [00:01<00:05,  4.03it/s, Loss=1.1641]
Client 4 - Epoch 1/1:  26%|██▌       | 8/31 [00:01<00:05,  4.03it/s, Loss=1.1641]
Client 4 - Epoch 1/1:  26%|██▌       | 8/31 [00:02<00:05,  4.03it/s, Loss=0.8633]
Client 4 - Epoch 1/1:  29%|██▉       | 9/31 [00:02<00:05,  4.02it/s, Loss=0.8633]
Client 4 - Epoch 1/1:  29%|██▉       | 9/31 [00:02<00:05,  4.02it/s, Loss=0.9883]
Client 4 - Epoch 1/1:  32%|███▏      | 10/31 [00:02<00:05,  4.03it/s, Loss=0.9883]
Client 4 - Epoch 1/1:  32%|███▏      | 10/31 [00:02<00:05,  4.03it/s, Loss=0.7812]
Client 4 - Epoch 1/1:  35%|███▌      | 11/31 [00:02<00:04,  4.04it/s, Loss=0.7812]
Client 4 - Epoch 1/1:  35%|███▌      | 11/31 [00:02<00:04,  4.04it/s, Loss=0.3438]
Client 4 - Epoch 1/1:  39%|███▊      | 12/31 [00:02<00:04,  4.04it/s, Loss=0.3438]
Client 4 - Epoch 1/1:  39%|███▊      | 12/31 [00:03<00:04,  4.04it/s, Loss=0.7578]
Client 4 - Epoch 1/1:  42%|████▏     | 13/31 [00:03<00:04,  4.05it/s, Loss=0.7578]
Client 4 - Epoch 1/1:  42%|████▏     | 13/31 [00:03<00:04,  4.05it/s, Loss=0.8477]
Client 4 - Epoch 1/1:  45%|████▌     | 14/31 [00:03<00:04,  4.04it/s, Loss=0.8477]
Client 4 - Epoch 1/1:  45%|████▌     | 14/31 [00:03<00:04,  4.04it/s, Loss=0.9844]
Client 4 - Epoch 1/1:  48%|████▊     | 15/31 [00:03<00:03,  4.05it/s, Loss=0.9844]
Client 4 - Epoch 1/1:  48%|████▊     | 15/31 [00:03<00:03,  4.05it/s, Loss=0.7656]
Client 4 - Epoch 1/1:  52%|█████▏    | 16/31 [00:03<00:03,  4.05it/s, Loss=0.7656]
Client 4 - Epoch 1/1:  52%|█████▏    | 16/31 [00:04<00:03,  4.05it/s, Loss=0.2773]
Client 4 - Epoch 1/1:  55%|█████▍    | 17/31 [00:04<00:03,  4.05it/s, Loss=0.2773]
Client 4 - Epoch 1/1:  55%|█████▍    | 17/31 [00:04<00:03,  4.05it/s, Loss=1.1719]
Client 4 - Epoch 1/1:  58%|█████▊    | 18/31 [00:04<00:03,  4.05it/s, Loss=1.1719]
Client 4 - Epoch 1/1:  58%|█████▊    | 18/31 [00:04<00:03,  4.05it/s, Loss=0.3633]
Client 4 - Epoch 1/1:  61%|██████▏   | 19/31 [00:04<00:02,  4.06it/s, Loss=0.3633]
Client 4 - Epoch 1/1:  61%|██████▏   | 19/31 [00:04<00:02,  4.06it/s, Loss=0.3301]
Client 4 - Epoch 1/1:  65%|██████▍   | 20/31 [00:04<00:02,  4.06it/s, Loss=0.3301]
Client 4 - Epoch 1/1:  65%|██████▍   | 20/31 [00:05<00:02,  4.06it/s, Loss=0.5195]
Client 4 - Epoch 1/1:  68%|██████▊   | 21/31 [00:05<00:02,  4.06it/s, Loss=0.5195]
Client 4 - Epoch 1/1:  68%|██████▊   | 21/31 [00:05<00:02,  4.06it/s, Loss=0.9141]
Client 4 - Epoch 1/1:  71%|███████   | 22/31 [00:05<00:02,  4.05it/s, Loss=0.9141]
Client 4 - Epoch 1/1:  71%|███████   | 22/31 [00:05<00:02,  4.05it/s, Loss=1.0078]
Client 4 - Epoch 1/1:  74%|███████▍  | 23/31 [00:05<00:01,  4.06it/s, Loss=1.0078]
Client 4 - Epoch 1/1:  74%|███████▍  | 23/31 [00:05<00:01,  4.06it/s, Loss=0.3828]
Client 4 - Epoch 1/1:  77%|███████▋  | 24/31 [00:05<00:01,  4.06it/s, Loss=0.3828]
Client 4 - Epoch 1/1:  77%|███████▋  | 24/31 [00:06<00:01,  4.06it/s, Loss=0.4766]
Client 4 - Epoch 1/1:  81%|████████  | 25/31 [00:06<00:01,  4.07it/s, Loss=0.4766]
Client 4 - Epoch 1/1:  81%|████████  | 25/31 [00:06<00:01,  4.07it/s, Loss=1.0312]
Client 4 - Epoch 1/1:  84%|████████▍ | 26/31 [00:06<00:01,  4.07it/s, Loss=1.0312]
Client 4 - Epoch 1/1:  84%|████████▍ | 26/31 [00:06<00:01,  4.07it/s, Loss=0.2793]
Client 4 - Epoch 1/1:  87%|████████▋ | 27/31 [00:06<00:00,  4.08it/s, Loss=0.2793]
Client 4 - Epoch 1/1:  87%|████████▋ | 27/31 [00:06<00:00,  4.08it/s, Loss=0.3027]
Client 4 - Epoch 1/1:  90%|█████████ | 28/31 [00:06<00:00,  4.08it/s, Loss=0.3027]
Client 4 - Epoch 1/1:  90%|█████████ | 28/31 [00:07<00:00,  4.08it/s, Loss=0.6719]
Client 4 - Epoch 1/1:  94%|█████████▎| 29/31 [00:07<00:00,  4.08it/s, Loss=0.6719]
Client 4 - Epoch 1/1:  94%|█████████▎| 29/31 [00:07<00:00,  4.08it/s, Loss=0.7852]
Client 4 - Epoch 1/1:  97%|█████████▋| 30/31 [00:07<00:00,  4.07it/s, Loss=0.7852]
Client 4 - Epoch 1/1:  97%|█████████▋| 30/31 [00:07<00:00,  4.07it/s, Loss=1.6719]
Client 4 - Epoch 1/1: 100%|██████████| 31/31 [00:07<00:00,  4.23it/s, Loss=1.6719]
Client 4 - Epoch 1/1: 100%|██████████| 31/31 [00:07<00:00,  4.07it/s, Loss=1.6719]
Client 4 - Epoch 1/1 | Avg Loss: 0.9577

Client 2 - Epoch 1/1:   0%|          | 0/10 [00:00<?, ?it/s]
Client 2 - Epoch 1/1:   0%|          | 0/10 [00:00<?, ?it/s, Loss=1.7031]
Client 2 - Epoch 1/1:  10%|█         | 1/10 [00:00<00:02,  4.05it/s, Loss=1.7031]
Client 2 - Epoch 1/1:  10%|█         | 1/10 [00:00<00:02,  4.05it/s, Loss=1.6016]
Client 2 - Epoch 1/1:  20%|██        | 2/10 [00:00<00:01,  4.05it/s, Loss=1.6016]
Client 2 - Epoch 1/1:  20%|██        | 2/10 [00:00<00:01,  4.05it/s, Loss=0.7539]
Client 2 - Epoch 1/1:  30%|███       | 3/10 [00:00<00:01,  4.06it/s, Loss=0.7539]
Client 2 - Epoch 1/1:  30%|███       | 3/10 [00:00<00:01,  4.06it/s, Loss=1.3281]
Client 2 - Epoch 1/1:  40%|████      | 4/10 [00:00<00:01,  4.05it/s, Loss=1.3281]
Client 2 - Epoch 1/1:  40%|████      | 4/10 [00:01<00:01,  4.05it/s, Loss=0.9375]
Client 2 - Epoch 1/1:  50%|█████     | 5/10 [00:01<00:01,  4.05it/s, Loss=0.9375]
Client 2 - Epoch 1/1:  50%|█████     | 5/10 [00:01<00:01,  4.05it/s, Loss=1.1641]
Client 2 - Epoch 1/1:  60%|██████    | 6/10 [00:01<00:00,  4.07it/s, Loss=1.1641]
Client 2 - Epoch 1/1:  60%|██████    | 6/10 [00:01<00:00,  4.07it/s, Loss=0.6758]
Client 2 - Epoch 1/1:  70%|███████   | 7/10 [00:01<00:00,  4.07it/s, Loss=0.6758]
Client 2 - Epoch 1/1:  70%|███████   | 7/10 [00:01<00:00,  4.07it/s, Loss=0.7539]
Client 2 - Epoch 1/1:  80%|████████  | 8/10 [00:01<00:00,  4.07it/s, Loss=0.7539]
Client 2 - Epoch 1/1:  80%|████████  | 8/10 [00:02<00:00,  4.07it/s, Loss=1.0391]
Client 2 - Epoch 1/1:  90%|█████████ | 9/10 [00:02<00:00,  4.08it/s, Loss=1.0391]
Client 2 - Epoch 1/1:  90%|█████████ | 9/10 [00:02<00:00,  4.08it/s, Loss=0.1357]
Client 2 - Epoch 1/1: 100%|██████████| 10/10 [00:02<00:00,  4.96it/s, Loss=0.1357]
Client 2 - Epoch 1/1: 100%|██████████| 10/10 [00:02<00:00,  4.32it/s, Loss=0.1357]
Client 2 - Epoch 1/1 | Avg Loss: 1.0093

Client 1 - Epoch 1/1:   0%|          | 0/84 [00:00<?, ?it/s]
Client 1 - Epoch 1/1:   0%|          | 0/84 [00:00<?, ?it/s, Loss=1.9531]
Client 1 - Epoch 1/1:   1%|          | 1/84 [00:00<00:20,  4.04it/s, Loss=1.9531]
Client 1 - Epoch 1/1:   1%|          | 1/84 [00:00<00:20,  4.04it/s, Loss=1.1250]
Client 1 - Epoch 1/1:   2%|▏         | 2/84 [00:00<00:20,  4.06it/s, Loss=1.1250]
Client 1 - Epoch 1/1:   2%|▏         | 2/84 [00:00<00:20,  4.06it/s, Loss=1.0703]
Client 1 - Epoch 1/1:   4%|▎         | 3/84 [00:00<00:19,  4.05it/s, Loss=1.0703]
Client 1 - Epoch 1/1:   4%|▎         | 3/84 [00:00<00:19,  4.05it/s, Loss=1.4688]
Client 1 - Epoch 1/1:   5%|▍         | 4/84 [00:00<00:19,  4.05it/s, Loss=1.4688]
Client 1 - Epoch 1/1:   5%|▍         | 4/84 [00:01<00:19,  4.05it/s, Loss=1.2031]
Client 1 - Epoch 1/1:   6%|▌         | 5/84 [00:01<00:19,  4.05it/s, Loss=1.2031]
Client 1 - Epoch 1/1:   6%|▌         | 5/84 [00:01<00:19,  4.05it/s, Loss=1.6797]
Client 1 - Epoch 1/1:   7%|▋         | 6/84 [00:01<00:19,  4.05it/s, Loss=1.6797]
Client 1 - Epoch 1/1:   7%|▋         | 6/84 [00:01<00:19,  4.05it/s, Loss=1.3750]
Client 1 - Epoch 1/1:   8%|▊         | 7/84 [00:01<00:18,  4.05it/s, Loss=1.3750]
Client 1 - Epoch 1/1:   8%|▊         | 7/84 [00:01<00:18,  4.05it/s, Loss=1.3438]
Client 1 - Epoch 1/1:  10%|▉         | 8/84 [00:01<00:18,  4.06it/s, Loss=1.3438]
Client 1 - Epoch 1/1:  10%|▉         | 8/84 [00:02<00:18,  4.06it/s, Loss=1.7734]
Client 1 - Epoch 1/1:  11%|█         | 9/84 [00:02<00:18,  4.07it/s, Loss=1.7734]
Client 1 - Epoch 1/1:  11%|█         | 9/84 [00:02<00:18,  4.07it/s, Loss=0.8828]
Client 1 - Epoch 1/1:  12%|█▏        | 10/84 [00:02<00:18,  4.07it/s, Loss=0.8828]
Client 1 - Epoch 1/1:  12%|█▏        | 10/84 [00:02<00:18,  4.07it/s, Loss=1.0156]
Client 1 - Epoch 1/1:  13%|█▎        | 11/84 [00:02<00:17,  4.07it/s, Loss=1.0156]
Client 1 - Epoch 1/1:  13%|█▎        | 11/84 [00:02<00:17,  4.07it/s, Loss=1.3125]
Client 1 - Epoch 1/1:  14%|█▍        | 12/84 [00:02<00:17,  4.07it/s, Loss=1.3125]
Client 1 - Epoch 1/1:  14%|█▍        | 12/84 [00:03<00:17,  4.07it/s, Loss=0.9961]
Client 1 - Epoch 1/1:  15%|█▌        | 13/84 [00:03<00:17,  4.08it/s, Loss=0.9961]
Client 1 - Epoch 1/1:  15%|█▌        | 13/84 [00:03<00:17,  4.08it/s, Loss=0.7305]
Client 1 - Epoch 1/1:  17%|█▋        | 14/84 [00:03<00:17,  4.08it/s, Loss=0.7305]
Client 1 - Epoch 1/1:  17%|█▋        | 14/84 [00:03<00:17,  4.08it/s, Loss=0.9180]
Client 1 - Epoch 1/1:  18%|█▊        | 15/84 [00:03<00:16,  4.08it/s, Loss=0.9180]
Client 1 - Epoch 1/1:  18%|█▊        | 15/84 [00:03<00:16,  4.08it/s, Loss=0.6875]
Client 1 - Epoch 1/1:  19%|█▉        | 16/84 [00:03<00:16,  4.08it/s, Loss=0.6875]
Client 1 - Epoch 1/1:  19%|█▉        | 16/84 [00:04<00:16,  4.08it/s, Loss=0.6641]
Client 1 - Epoch 1/1:  20%|██        | 17/84 [00:04<00:16,  4.08it/s, Loss=0.6641]
Client 1 - Epoch 1/1:  20%|██        | 17/84 [00:04<00:16,  4.08it/s, Loss=1.5000]
Client 1 - Epoch 1/1:  21%|██▏       | 18/84 [00:04<00:16,  4.09it/s, Loss=1.5000]
Client 1 - Epoch 1/1:  21%|██▏       | 18/84 [00:04<00:16,  4.09it/s, Loss=0.8125]
Client 1 - Epoch 1/1:  23%|██▎       | 19/84 [00:04<00:15,  4.08it/s, Loss=0.8125]
Client 1 - Epoch 1/1:  23%|██▎       | 19/84 [00:04<00:15,  4.08it/s, Loss=0.5547]
Client 1 - Epoch 1/1:  24%|██▍       | 20/84 [00:04<00:15,  4.09it/s, Loss=0.5547]
Client 1 - Epoch 1/1:  24%|██▍       | 20/84 [00:05<00:15,  4.09it/s, Loss=0.8945]
Client 1 - Epoch 1/1:  25%|██▌       | 21/84 [00:05<00:15,  4.09it/s, Loss=0.8945]
Client 1 - Epoch 1/1:  25%|██▌       | 21/84 [00:05<00:15,  4.09it/s, Loss=0.6289]
Client 1 - Epoch 1/1:  26%|██▌       | 22/84 [00:05<00:15,  4.09it/s, Loss=0.6289]
Client 1 - Epoch 1/1:  26%|██▌       | 22/84 [00:05<00:15,  4.09it/s, Loss=1.1484]
Client 1 - Epoch 1/1:  27%|██▋       | 23/84 [00:05<00:14,  4.08it/s, Loss=1.1484]
Client 1 - Epoch 1/1:  27%|██▋       | 23/84 [00:05<00:14,  4.08it/s, Loss=0.4648]
Client 1 - Epoch 1/1:  29%|██▊       | 24/84 [00:05<00:14,  4.07it/s, Loss=0.4648]
Client 1 - Epoch 1/1:  29%|██▊       | 24/84 [00:06<00:14,  4.07it/s, Loss=0.3066]
Client 1 - Epoch 1/1:  30%|██▉       | 25/84 [00:06<00:14,  4.07it/s, Loss=0.3066]
Client 1 - Epoch 1/1:  30%|██▉       | 25/84 [00:06<00:14,  4.07it/s, Loss=0.5977]
Client 1 - Epoch 1/1:  31%|███       | 26/84 [00:06<00:14,  4.05it/s, Loss=0.5977]
Client 1 - Epoch 1/1:  31%|███       | 26/84 [00:06<00:14,  4.05it/s, Loss=0.9062]
Client 1 - Epoch 1/1:  32%|███▏      | 27/84 [00:06<00:14,  4.06it/s, Loss=0.9062]
Client 1 - Epoch 1/1:  32%|███▏      | 27/84 [00:06<00:14,  4.06it/s, Loss=1.2734]
Client 1 - Epoch 1/1:  33%|███▎      | 28/84 [00:06<00:13,  4.05it/s, Loss=1.2734]
Client 1 - Epoch 1/1:  33%|███▎      | 28/84 [00:07<00:13,  4.05it/s, Loss=1.0000]
Client 1 - Epoch 1/1:  35%|███▍      | 29/84 [00:07<00:13,  4.06it/s, Loss=1.0000]
Client 1 - Epoch 1/1:  35%|███▍      | 29/84 [00:07<00:13,  4.06it/s, Loss=0.6680]
Client 1 - Epoch 1/1:  36%|███▌      | 30/84 [00:07<00:13,  4.07it/s, Loss=0.6680]
Client 1 - Epoch 1/1:  36%|███▌      | 30/84 [00:07<00:13,  4.07it/s, Loss=0.8906]
Client 1 - Epoch 1/1:  37%|███▋      | 31/84 [00:07<00:13,  4.06it/s, Loss=0.8906]
Client 1 - Epoch 1/1:  37%|███▋      | 31/84 [00:07<00:13,  4.06it/s, Loss=0.5664]
Client 1 - Epoch 1/1:  38%|███▊      | 32/84 [00:07<00:12,  4.07it/s, Loss=0.5664]
Client 1 - Epoch 1/1:  38%|███▊      | 32/84 [00:08<00:12,  4.07it/s, Loss=0.2715]
Client 1 - Epoch 1/1:  39%|███▉      | 33/84 [00:08<00:12,  4.07it/s, Loss=0.2715]
Client 1 - Epoch 1/1:  39%|███▉      | 33/84 [00:08<00:12,  4.07it/s, Loss=0.3340]
Client 1 - Epoch 1/1:  40%|████      | 34/84 [00:08<00:12,  4.06it/s, Loss=0.3340]
Client 1 - Epoch 1/1:  40%|████      | 34/84 [00:08<00:12,  4.06it/s, Loss=0.6094]
Client 1 - Epoch 1/1:  42%|████▏     | 35/84 [00:08<00:12,  4.05it/s, Loss=0.6094]
Client 1 - Epoch 1/1:  42%|████▏     | 35/84 [00:08<00:12,  4.05it/s, Loss=0.7930]
Client 1 - Epoch 1/1:  43%|████▎     | 36/84 [00:08<00:11,  4.05it/s, Loss=0.7930]
Client 1 - Epoch 1/1:  43%|████▎     | 36/84 [00:09<00:11,  4.05it/s, Loss=1.1875]
Client 1 - Epoch 1/1:  44%|████▍     | 37/84 [00:09<00:11,  4.05it/s, Loss=1.1875]
Client 1 - Epoch 1/1:  44%|████▍     | 37/84 [00:09<00:11,  4.05it/s, Loss=0.8711]
Client 1 - Epoch 1/1:  45%|████▌     | 38/84 [00:09<00:11,  4.06it/s, Loss=0.8711]
Client 1 - Epoch 1/1:  45%|████▌     | 38/84 [00:09<00:11,  4.06it/s, Loss=0.6211]
Client 1 - Epoch 1/1:  46%|████▋     | 39/84 [00:09<00:11,  4.06it/s, Loss=0.6211]
Client 1 - Epoch 1/1:  46%|████▋     | 39/84 [00:09<00:11,  4.06it/s, Loss=0.1523]
Client 1 - Epoch 1/1:  48%|████▊     | 40/84 [00:09<00:10,  4.06it/s, Loss=0.1523]
Client 1 - Epoch 1/1:  48%|████▊     | 40/84 [00:10<00:10,  4.06it/s, Loss=0.4238]
Client 1 - Epoch 1/1:  49%|████▉     | 41/84 [00:10<00:10,  4.07it/s, Loss=0.4238]
Client 1 - Epoch 1/1:  49%|████▉     | 41/84 [00:10<00:10,  4.07it/s, Loss=0.2734]
Client 1 - Epoch 1/1:  50%|█████     | 42/84 [00:10<00:10,  4.07it/s, Loss=0.2734]
Client 1 - Epoch 1/1:  50%|█████     | 42/84 [00:10<00:10,  4.07it/s, Loss=0.2158]
Client 1 - Epoch 1/1:  51%|█████     | 43/84 [00:10<00:10,  4.08it/s, Loss=0.2158]
Client 1 - Epoch 1/1:  51%|█████     | 43/84 [00:10<00:10,  4.08it/s, Loss=0.5469]
Client 1 - Epoch 1/1:  52%|█████▏    | 44/84 [00:10<00:09,  4.08it/s, Loss=0.5469]
Client 1 - Epoch 1/1:  52%|█████▏    | 44/84 [00:11<00:09,  4.08it/s, Loss=0.4648]
Client 1 - Epoch 1/1:  54%|█████▎    | 45/84 [00:11<00:09,  4.07it/s, Loss=0.4648]
Client 1 - Epoch 1/1:  54%|█████▎    | 45/84 [00:11<00:09,  4.07it/s, Loss=0.1553]
Client 1 - Epoch 1/1:  55%|█████▍    | 46/84 [00:11<00:09,  4.07it/s, Loss=0.1553]
Client 1 - Epoch 1/1:  55%|█████▍    | 46/84 [00:11<00:09,  4.07it/s, Loss=0.3145]
Client 1 - Epoch 1/1:  56%|█████▌    | 47/84 [00:11<00:09,  4.07it/s, Loss=0.3145]
Client 1 - Epoch 1/1:  56%|█████▌    | 47/84 [00:11<00:09,  4.07it/s, Loss=0.2578]
Client 1 - Epoch 1/1:  57%|█████▋    | 48/84 [00:11<00:08,  4.07it/s, Loss=0.2578]
Client 1 - Epoch 1/1:  57%|█████▋    | 48/84 [00:12<00:08,  4.07it/s, Loss=0.0947]
Client 1 - Epoch 1/1:  58%|█████▊    | 49/84 [00:12<00:08,  4.07it/s, Loss=0.0947]
Client 1 - Epoch 1/1:  58%|█████▊    | 49/84 [00:12<00:08,  4.07it/s, Loss=0.1914]
Client 1 - Epoch 1/1:  60%|█████▉    | 50/84 [00:12<00:08,  4.07it/s, Loss=0.1914]
Client 1 - Epoch 1/1:  60%|█████▉    | 50/84 [00:12<00:08,  4.07it/s, Loss=0.4824]
Client 1 - Epoch 1/1:  61%|██████    | 51/84 [00:12<00:08,  4.07it/s, Loss=0.4824]
Client 1 - Epoch 1/1:  61%|██████    | 51/84 [00:12<00:08,  4.07it/s, Loss=0.3105]
Client 1 - Epoch 1/1:  62%|██████▏   | 52/84 [00:12<00:07,  4.07it/s, Loss=0.3105]
Client 1 - Epoch 1/1:  62%|██████▏   | 52/84 [00:13<00:07,  4.07it/s, Loss=0.3574]
Client 1 - Epoch 1/1:  63%|██████▎   | 53/84 [00:13<00:07,  4.07it/s, Loss=0.3574]
Client 1 - Epoch 1/1:  63%|██████▎   | 53/84 [00:13<00:07,  4.07it/s, Loss=0.8281]
Client 1 - Epoch 1/1:  64%|██████▍   | 54/84 [00:13<00:07,  4.07it/s, Loss=0.8281]
Client 1 - Epoch 1/1:  64%|██████▍   | 54/84 [00:13<00:07,  4.07it/s, Loss=0.3281]
Client 1 - Epoch 1/1:  65%|██████▌   | 55/84 [00:13<00:07,  4.06it/s, Loss=0.3281]
Client 1 - Epoch 1/1:  65%|██████▌   | 55/84 [00:13<00:07,  4.06it/s, Loss=1.0469]
Client 1 - Epoch 1/1:  67%|██████▋   | 56/84 [00:13<00:06,  4.06it/s, Loss=1.0469]
Client 1 - Epoch 1/1:  67%|██████▋   | 56/84 [00:14<00:06,  4.06it/s, Loss=0.5977]
Client 1 - Epoch 1/1:  68%|██████▊   | 57/84 [00:14<00:06,  4.06it/s, Loss=0.5977]
Client 1 - Epoch 1/1:  68%|██████▊   | 57/84 [00:14<00:06,  4.06it/s, Loss=0.3945]
Client 1 - Epoch 1/1:  69%|██████▉   | 58/84 [00:14<00:06,  4.07it/s, Loss=0.3945]
Client 1 - Epoch 1/1:  69%|██████▉   | 58/84 [00:14<00:06,  4.07it/s, Loss=0.7695]
Client 1 - Epoch 1/1:  70%|███████   | 59/84 [00:14<00:06,  4.07it/s, Loss=0.7695]
Client 1 - Epoch 1/1:  70%|███████   | 59/84 [00:14<00:06,  4.07it/s, Loss=0.1289]
Client 1 - Epoch 1/1:  71%|███████▏  | 60/84 [00:14<00:05,  4.07it/s, Loss=0.1289]
Client 1 - Epoch 1/1:  71%|███████▏  | 60/84 [00:14<00:05,  4.07it/s, Loss=0.1982]
Client 1 - Epoch 1/1:  73%|███████▎  | 61/84 [00:14<00:05,  4.07it/s, Loss=0.1982]
Client 1 - Epoch 1/1:  73%|███████▎  | 61/84 [00:15<00:05,  4.07it/s, Loss=0.1729]
Client 1 - Epoch 1/1:  74%|███████▍  | 62/84 [00:15<00:05,  4.06it/s, Loss=0.1729]
Client 1 - Epoch 1/1:  74%|███████▍  | 62/84 [00:15<00:05,  4.06it/s, Loss=0.1631]
Client 1 - Epoch 1/1:  75%|███████▌  | 63/84 [00:15<00:05,  4.06it/s, Loss=0.1631]
Client 1 - Epoch 1/1:  75%|███████▌  | 63/84 [00:15<00:05,  4.06it/s, Loss=0.5898]
Client 1 - Epoch 1/1:  76%|███████▌  | 64/84 [00:15<00:04,  4.07it/s, Loss=0.5898]
Client 1 - Epoch 1/1:  76%|███████▌  | 64/84 [00:15<00:04,  4.07it/s, Loss=0.5078]
Client 1 - Epoch 1/1:  77%|███████▋  | 65/84 [00:15<00:04,  4.07it/s, Loss=0.5078]
Client 1 - Epoch 1/1:  77%|███████▋  | 65/84 [00:16<00:04,  4.07it/s, Loss=0.0471]
Client 1 - Epoch 1/1:  79%|███████▊  | 66/84 [00:16<00:04,  4.07it/s, Loss=0.0471]
Client 1 - Epoch 1/1:  79%|███████▊  | 66/84 [00:16<00:04,  4.07it/s, Loss=0.2412]
Client 1 - Epoch 1/1:  80%|███████▉  | 67/84 [00:16<00:04,  4.07it/s, Loss=0.2412]
Client 1 - Epoch 1/1:  80%|███████▉  | 67/84 [00:16<00:04,  4.07it/s, Loss=0.0781]
Client 1 - Epoch 1/1:  81%|████████  | 68/84 [00:16<00:03,  4.07it/s, Loss=0.0781]
Client 1 - Epoch 1/1:  81%|████████  | 68/84 [00:16<00:03,  4.07it/s, Loss=0.5430]
Client 1 - Epoch 1/1:  82%|████████▏ | 69/84 [00:16<00:03,  4.07it/s, Loss=0.5430]
Client 1 - Epoch 1/1:  82%|████████▏ | 69/84 [00:17<00:03,  4.07it/s, Loss=0.6445]
Client 1 - Epoch 1/1:  83%|████████▎ | 70/84 [00:17<00:03,  4.07it/s, Loss=0.6445]
Client 1 - Epoch 1/1:  83%|████████▎ | 70/84 [00:17<00:03,  4.07it/s, Loss=0.7617]
Client 1 - Epoch 1/1:  85%|████████▍ | 71/84 [00:17<00:03,  4.07it/s, Loss=0.7617]
Client 1 - Epoch 1/1:  85%|████████▍ | 71/84 [00:17<00:03,  4.07it/s, Loss=0.0317]
Client 1 - Epoch 1/1:  86%|████████▌ | 72/84 [00:17<00:02,  4.07it/s, Loss=0.0317]
Client 1 - Epoch 1/1:  86%|████████▌ | 72/84 [00:17<00:02,  4.07it/s, Loss=0.0664]
Client 1 - Epoch 1/1:  87%|████████▋ | 73/84 [00:17<00:02,  4.07it/s, Loss=0.0664]
Client 1 - Epoch 1/1:  87%|████████▋ | 73/84 [00:18<00:02,  4.07it/s, Loss=0.2480]
Client 1 - Epoch 1/1:  88%|████████▊ | 74/84 [00:18<00:02,  4.07it/s, Loss=0.2480]
Client 1 - Epoch 1/1:  88%|████████▊ | 74/84 [00:18<00:02,  4.07it/s, Loss=0.0255]
Client 1 - Epoch 1/1:  89%|████████▉ | 75/84 [00:18<00:02,  4.07it/s, Loss=0.0255]
Client 1 - Epoch 1/1:  89%|████████▉ | 75/84 [00:18<00:02,  4.07it/s, Loss=0.1582]
Client 1 - Epoch 1/1:  90%|█████████ | 76/84 [00:18<00:01,  4.07it/s, Loss=0.1582]
Client 1 - Epoch 1/1:  90%|█████████ | 76/84 [00:18<00:01,  4.07it/s, Loss=0.0674]
Client 1 - Epoch 1/1:  92%|█████████▏| 77/84 [00:18<00:01,  4.07it/s, Loss=0.0674]
Client 1 - Epoch 1/1:  92%|█████████▏| 77/84 [00:19<00:01,  4.07it/s, Loss=0.1709]
Client 1 - Epoch 1/1:  93%|█████████▎| 78/84 [00:19<00:01,  4.07it/s, Loss=0.1709]
Client 1 - Epoch 1/1:  93%|█████████▎| 78/84 [00:19<00:01,  4.07it/s, Loss=0.0791]
Client 1 - Epoch 1/1:  94%|█████████▍| 79/84 [00:19<00:01,  4.07it/s, Loss=0.0791]
Client 1 - Epoch 1/1:  94%|█████████▍| 79/84 [00:19<00:01,  4.07it/s, Loss=0.4961]
Client 1 - Epoch 1/1:  95%|█████████▌| 80/84 [00:19<00:00,  4.07it/s, Loss=0.4961]
Client 1 - Epoch 1/1:  95%|█████████▌| 80/84 [00:19<00:00,  4.07it/s, Loss=0.5469]
Client 1 - Epoch 1/1:  96%|█████████▋| 81/84 [00:19<00:00,  4.07it/s, Loss=0.5469]
Client 1 - Epoch 1/1:  96%|█████████▋| 81/84 [00:20<00:00,  4.07it/s, Loss=0.6016]
Client 1 - Epoch 1/1:  98%|█████████▊| 82/84 [00:20<00:00,  4.07it/s, Loss=0.6016]
Client 1 - Epoch 1/1:  98%|█████████▊| 82/84 [00:20<00:00,  4.07it/s, Loss=1.2734]
Client 1 - Epoch 1/1:  99%|█████████▉| 83/84 [00:20<00:00,  4.07it/s, Loss=1.2734]
Client 1 - Epoch 1/1:  99%|█████████▉| 83/84 [00:20<00:00,  4.07it/s, Loss=0.5234]
Client 1 - Epoch 1/1: 100%|██████████| 84/84 [00:20<00:00,  4.24it/s, Loss=0.5234]
Client 1 - Epoch 1/1: 100%|██████████| 84/84 [00:20<00:00,  4.07it/s, Loss=0.5234]
Client 1 - Epoch 1/1 | Avg Loss: 0.6389

Client 3 - Epoch 1/1:   0%|          | 0/9 [00:00<?, ?it/s]
Client 3 - Epoch 1/1:   0%|          | 0/9 [00:00<?, ?it/s, Loss=1.7734]
Client 3 - Epoch 1/1:  11%|█         | 1/9 [00:00<00:01,  4.05it/s, Loss=1.7734]
Client 3 - Epoch 1/1:  11%|█         | 1/9 [00:00<00:01,  4.05it/s, Loss=1.6406]
Client 3 - Epoch 1/1:  22%|██▏       | 2/9 [00:00<00:01,  4.05it/s, Loss=1.6406]
Client 3 - Epoch 1/1:  22%|██▏       | 2/9 [00:00<00:01,  4.05it/s, Loss=0.9531]
Client 3 - Epoch 1/1:  33%|███▎      | 3/9 [00:00<00:01,  4.06it/s, Loss=0.9531]
Client 3 - Epoch 1/1:  33%|███▎      | 3/9 [00:00<00:01,  4.06it/s, Loss=1.1406]
Client 3 - Epoch 1/1:  44%|████▍     | 4/9 [00:00<00:01,  4.07it/s, Loss=1.1406]
Client 3 - Epoch 1/1:  44%|████▍     | 4/9 [00:01<00:01,  4.07it/s, Loss=1.3125]
Client 3 - Epoch 1/1:  56%|█████▌    | 5/9 [00:01<00:00,  4.07it/s, Loss=1.3125]
Client 3 - Epoch 1/1:  56%|█████▌    | 5/9 [00:01<00:00,  4.07it/s, Loss=1.5859]
Client 3 - Epoch 1/1:  67%|██████▋   | 6/9 [00:01<00:00,  4.07it/s, Loss=1.5859]
Client 3 - Epoch 1/1:  67%|██████▋   | 6/9 [00:01<00:00,  4.07it/s, Loss=1.3516]
Client 3 - Epoch 1/1:  78%|███████▊  | 7/9 [00:01<00:00,  4.07it/s, Loss=1.3516]
Client 3 - Epoch 1/1:  78%|███████▊  | 7/9 [00:01<00:00,  4.07it/s, Loss=1.2344]
Client 3 - Epoch 1/1:  89%|████████▉ | 8/9 [00:01<00:00,  4.07it/s, Loss=1.2344]
Client 3 - Epoch 1/1:  89%|████████▉ | 8/9 [00:02<00:00,  4.07it/s, Loss=0.3672]
Client 3 - Epoch 1/1: 100%|██████████| 9/9 [00:02<00:00,  4.75it/s, Loss=0.3672]
Client 3 - Epoch 1/1: 100%|██████████| 9/9 [00:02<00:00,  4.28it/s, Loss=0.3672]
Client 3 - Epoch 1/1 | Avg Loss: 1.2622

Evaluating normal:   0%|          | 0/100 [00:00<?, ?it/s]
Evaluating normal:   0%|          | 0/100 [00:00<?, ?it/s, Accuracy=50.00%]
Evaluating normal:   1%|          | 1/100 [00:00<00:11,  8.96it/s, Accuracy=50.00%]
Evaluating normal:   1%|          | 1/100 [00:00<00:11,  8.96it/s, Accuracy=56.25%]
Evaluating normal:   2%|▏         | 2/100 [00:00<00:10,  9.10it/s, Accuracy=56.25%]
Evaluating normal:   2%|▏         | 2/100 [00:00<00:10,  9.10it/s, Accuracy=50.00%]
Evaluating normal:   3%|▎         | 3/100 [00:00<00:10,  9.15it/s, Accuracy=50.00%]
Evaluating normal:   3%|▎         | 3/100 [00:00<00:10,  9.15it/s, Accuracy=53.12%]
Evaluating normal:   4%|▍         | 4/100 [00:00<00:10,  9.13it/s, Accuracy=53.12%]
Evaluating normal:   4%|▍         | 4/100 [00:00<00:10,  9.13it/s, Accuracy=50.00%]
Evaluating normal:   5%|▌         | 5/100 [00:00<00:10,  9.18it/s, Accuracy=50.00%]
Evaluating normal:   5%|▌         | 5/100 [00:00<00:10,  9.18it/s, Accuracy=45.83%]
Evaluating normal:   6%|▌         | 6/100 [00:00<00:10,  9.20it/s, Accuracy=45.83%]
Evaluating normal:   6%|▌         | 6/100 [00:00<00:10,  9.20it/s, Accuracy=41.07%]
Evaluating normal:   7%|▋         | 7/100 [00:00<00:10,  9.21it/s, Accuracy=41.07%]
Evaluating normal:   7%|▋         | 7/100 [00:00<00:10,  9.21it/s, Accuracy=43.75%]
Evaluating normal:   8%|▊         | 8/100 [00:00<00:09,  9.21it/s, Accuracy=43.75%]
Evaluating normal:   8%|▊         | 8/100 [00:00<00:09,  9.21it/s, Accuracy=48.61%]
Evaluating normal:   9%|▉         | 9/100 [00:00<00:09,  9.21it/s, Accuracy=48.61%]
Evaluating normal:   9%|▉         | 9/100 [00:01<00:09,  9.21it/s, Accuracy=50.00%]
Evaluating normal:  10%|█         | 10/100 [00:01<00:09,  9.20it/s, Accuracy=50.00%]
Evaluating normal:  10%|█         | 10/100 [00:01<00:09,  9.20it/s, Accuracy=50.00%]
Evaluating normal:  11%|█         | 11/100 [00:01<00:09,  9.21it/s, Accuracy=50.00%]
Evaluating normal:  11%|█         | 11/100 [00:01<00:09,  9.21it/s, Accuracy=48.96%]
Evaluating normal:  12%|█▏        | 12/100 [00:01<00:09,  9.21it/s, Accuracy=48.96%]
Evaluating normal:  12%|█▏        | 12/100 [00:01<00:09,  9.21it/s, Accuracy=50.96%]
Evaluating normal:  13%|█▎        | 13/100 [00:01<00:09,  9.21it/s, Accuracy=50.96%]
Evaluating normal:  13%|█▎        | 13/100 [00:01<00:09,  9.21it/s, Accuracy=50.00%]
Evaluating normal:  14%|█▍        | 14/100 [00:01<00:09,  9.21it/s, Accuracy=50.00%]
Evaluating normal:  14%|█▍        | 14/100 [00:01<00:09,  9.21it/s, Accuracy=47.50%]
Evaluating normal:  15%|█▌        | 15/100 [00:01<00:09,  9.22it/s, Accuracy=47.50%]
Evaluating normal:  15%|█▌        | 15/100 [00:01<00:09,  9.22it/s, Accuracy=49.22%]
Evaluating normal:  16%|█▌        | 16/100 [00:01<00:09,  9.21it/s, Accuracy=49.22%]
Evaluating normal:  16%|█▌        | 16/100 [00:01<00:09,  9.21it/s, Accuracy=48.53%]
Evaluating normal:  17%|█▋        | 17/100 [00:01<00:09,  9.20it/s, Accuracy=48.53%]
Evaluating normal:  17%|█▋        | 17/100 [00:01<00:09,  9.20it/s, Accuracy=47.22%]
Evaluating normal:  18%|█▊        | 18/100 [00:01<00:08,  9.21it/s, Accuracy=47.22%]
Evaluating normal:  18%|█▊        | 18/100 [00:02<00:08,  9.21it/s, Accuracy=46.71%]
Evaluating normal:  19%|█▉        | 19/100 [00:02<00:08,  9.23it/s, Accuracy=46.71%]
Evaluating normal:  19%|█▉        | 19/100 [00:02<00:08,  9.23it/s, Accuracy=48.75%]
Evaluating normal:  20%|██        | 20/100 [00:02<00:08,  9.22it/s, Accuracy=48.75%]
Evaluating normal:  20%|██        | 20/100 [00:02<00:08,  9.22it/s, Accuracy=48.81%]
Evaluating normal:  21%|██        | 21/100 [00:02<00:08,  9.22it/s, Accuracy=48.81%]
Evaluating normal:  21%|██        | 21/100 [00:02<00:08,  9.22it/s, Accuracy=48.86%]
Evaluating normal:  22%|██▏       | 22/100 [00:02<00:08,  9.21it/s, Accuracy=48.86%]
Evaluating normal:  22%|██▏       | 22/100 [00:02<00:08,  9.21it/s, Accuracy=48.91%]
Evaluating normal:  23%|██▎       | 23/100 [00:02<00:08,  9.20it/s, Accuracy=48.91%]
Evaluating normal:  23%|██▎       | 23/100 [00:02<00:08,  9.20it/s, Accuracy=48.96%]
Evaluating normal:  24%|██▍       | 24/100 [00:02<00:08,  9.20it/s, Accuracy=48.96%]
Evaluating normal:  24%|██▍       | 24/100 [00:02<00:08,  9.20it/s, Accuracy=48.00%]
Evaluating normal:  25%|██▌       | 25/100 [00:02<00:08,  9.21it/s, Accuracy=48.00%]
Evaluating normal:  25%|██▌       | 25/100 [00:02<00:08,  9.21it/s, Accuracy=49.04%]
Evaluating normal:  26%|██▌       | 26/100 [00:02<00:08,  9.20it/s, Accuracy=49.04%]
Evaluating normal:  26%|██▌       | 26/100 [00:02<00:08,  9.20it/s, Accuracy=48.15%]
Evaluating normal:  27%|██▋       | 27/100 [00:02<00:07,  9.20it/s, Accuracy=48.15%]
Evaluating normal:  27%|██▋       | 27/100 [00:03<00:07,  9.20it/s, Accuracy=47.77%]
Evaluating normal:  28%|██▊       | 28/100 [00:03<00:07,  9.21it/s, Accuracy=47.77%]
Evaluating normal:  28%|██▊       | 28/100 [00:03<00:07,  9.21it/s, Accuracy=48.71%]
Evaluating normal:  29%|██▉       | 29/100 [00:03<00:07,  9.23it/s, Accuracy=48.71%]
Evaluating normal:  29%|██▉       | 29/100 [00:03<00:07,  9.23it/s, Accuracy=48.75%]
Evaluating normal:  30%|███       | 30/100 [00:03<00:07,  9.22it/s, Accuracy=48.75%]
Evaluating normal:  30%|███       | 30/100 [00:03<00:07,  9.22it/s, Accuracy=48.39%]
Evaluating normal:  31%|███       | 31/100 [00:03<00:07,  9.20it/s, Accuracy=48.39%]
Evaluating normal:  31%|███       | 31/100 [00:03<00:07,  9.20it/s, Accuracy=48.05%]
Evaluating normal:  32%|███▏      | 32/100 [00:03<00:07,  9.22it/s, Accuracy=48.05%]
Evaluating normal:  32%|███▏      | 32/100 [00:03<00:07,  9.22it/s, Accuracy=48.48%]
Evaluating normal:  33%|███▎      | 33/100 [00:03<00:07,  9.22it/s, Accuracy=48.48%]
Evaluating normal:  33%|███▎      | 33/100 [00:03<00:07,  9.22it/s, Accuracy=48.16%]
Evaluating normal:  34%|███▍      | 34/100 [00:03<00:07,  9.22it/s, Accuracy=48.16%]
Evaluating normal:  34%|███▍      | 34/100 [00:03<00:07,  9.22it/s, Accuracy=48.57%]
Evaluating normal:  35%|███▌      | 35/100 [00:03<00:07,  9.22it/s, Accuracy=48.57%]
Evaluating normal:  35%|███▌      | 35/100 [00:03<00:07,  9.22it/s, Accuracy=48.26%]
Evaluating normal:  36%|███▌      | 36/100 [00:03<00:06,  9.22it/s, Accuracy=48.26%]
Evaluating normal:  36%|███▌      | 36/100 [00:04<00:06,  9.22it/s, Accuracy=48.65%]
Evaluating normal:  37%|███▋      | 37/100 [00:04<00:06,  9.21it/s, Accuracy=48.65%]
Evaluating normal:  37%|███▋      | 37/100 [00:04<00:06,  9.21it/s, Accuracy=49.01%]
Evaluating normal:  38%|███▊      | 38/100 [00:04<00:06,  9.21it/s, Accuracy=49.01%]
Evaluating normal:  38%|███▊      | 38/100 [00:04<00:06,  9.21it/s, Accuracy=48.72%]
Evaluating normal:  39%|███▉      | 39/100 [00:04<00:06,  9.22it/s, Accuracy=48.72%]
Evaluating normal:  39%|███▉      | 39/100 [00:04<00:06,  9.22it/s, Accuracy=49.06%]
Evaluating normal:  40%|████      | 40/100 [00:04<00:06,  9.22it/s, Accuracy=49.06%]
Evaluating normal:  40%|████      | 40/100 [00:04<00:06,  9.22it/s, Accuracy=48.48%]
Evaluating normal:  41%|████      | 41/100 [00:04<00:06,  9.22it/s, Accuracy=48.48%]
Evaluating normal:  41%|████      | 41/100 [00:04<00:06,  9.22it/s, Accuracy=48.81%]
Evaluating normal:  42%|████▏     | 42/100 [00:04<00:06,  9.21it/s, Accuracy=48.81%]
Evaluating normal:  42%|████▏     | 42/100 [00:04<00:06,  9.21it/s, Accuracy=48.26%]
Evaluating normal:  43%|████▎     | 43/100 [00:04<00:06,  9.22it/s, Accuracy=48.26%]
Evaluating normal:  43%|████▎     | 43/100 [00:04<00:06,  9.22it/s, Accuracy=48.58%]
Evaluating normal:  44%|████▍     | 44/100 [00:04<00:06,  9.21it/s, Accuracy=48.58%]
Evaluating normal:  44%|████▍     | 44/100 [00:04<00:06,  9.21it/s, Accuracy=48.61%]
Evaluating normal:  45%|████▌     | 45/100 [00:04<00:05,  9.20it/s, Accuracy=48.61%]
Evaluating normal:  45%|████▌     | 45/100 [00:04<00:05,  9.20it/s, Accuracy=48.91%]
Evaluating normal:  46%|████▌     | 46/100 [00:04<00:05,  9.20it/s, Accuracy=48.91%]
Evaluating normal:  46%|████▌     | 46/100 [00:05<00:05,  9.20it/s, Accuracy=48.94%]
Evaluating normal:  47%|████▋     | 47/100 [00:05<00:05,  9.21it/s, Accuracy=48.94%]
Evaluating normal:  47%|████▋     | 47/100 [00:05<00:05,  9.21it/s, Accuracy=48.44%]
Evaluating normal:  48%|████▊     | 48/100 [00:05<00:05,  9.21it/s, Accuracy=48.44%]
Evaluating normal:  48%|████▊     | 48/100 [00:05<00:05,  9.21it/s, Accuracy=48.47%]
Evaluating normal:  49%|████▉     | 49/100 [00:05<00:05,  9.21it/s, Accuracy=48.47%]
Evaluating normal:  49%|████▉     | 49/100 [00:05<00:05,  9.21it/s, Accuracy=48.75%]
Evaluating normal:  50%|█████     | 50/100 [00:05<00:05,  9.21it/s, Accuracy=48.75%]
Evaluating normal:  50%|█████     | 50/100 [00:05<00:05,  9.21it/s, Accuracy=49.02%]
Evaluating normal:  51%|█████     | 51/100 [00:05<00:05,  9.22it/s, Accuracy=49.02%]
Evaluating normal:  51%|█████     | 51/100 [00:05<00:05,  9.22it/s, Accuracy=48.56%]
Evaluating normal:  52%|█████▏    | 52/100 [00:05<00:05,  9.20it/s, Accuracy=48.56%]
Evaluating normal:  52%|█████▏    | 52/100 [00:05<00:05,  9.20it/s, Accuracy=48.35%]
Evaluating normal:  53%|█████▎    | 53/100 [00:05<00:05,  9.22it/s, Accuracy=48.35%]
Evaluating normal:  53%|█████▎    | 53/100 [00:05<00:05,  9.22it/s, Accuracy=47.92%]
Evaluating normal:  54%|█████▍    | 54/100 [00:05<00:04,  9.21it/s, Accuracy=47.92%]
Evaluating normal:  54%|█████▍    | 54/100 [00:05<00:04,  9.21it/s, Accuracy=48.18%]
Evaluating normal:  55%|█████▌    | 55/100 [00:05<00:04,  9.21it/s, Accuracy=48.18%]
Evaluating normal:  55%|█████▌    | 55/100 [00:06<00:04,  9.21it/s, Accuracy=48.21%]
Evaluating normal:  56%|█████▌    | 56/100 [00:06<00:04,  9.21it/s, Accuracy=48.21%]
Evaluating normal:  56%|█████▌    | 56/100 [00:06<00:04,  9.21it/s, Accuracy=48.46%]
Evaluating normal:  57%|█████▋    | 57/100 [00:06<00:04,  9.23it/s, Accuracy=48.46%]
Evaluating normal:  57%|█████▋    | 57/100 [00:06<00:04,  9.23it/s, Accuracy=48.28%]
Evaluating normal:  58%|█████▊    | 58/100 [00:06<00:04,  9.22it/s, Accuracy=48.28%]
Evaluating normal:  58%|█████▊    | 58/100 [00:06<00:04,  9.22it/s, Accuracy=48.09%]
Evaluating normal:  59%|█████▉    | 59/100 [00:06<00:04,  9.18it/s, Accuracy=48.09%]
Evaluating normal:  59%|█████▉    | 59/100 [00:06<00:04,  9.18it/s, Accuracy=47.71%]
Evaluating normal:  60%|██████    | 60/100 [00:06<00:04,  9.19it/s, Accuracy=47.71%]
Evaluating normal:  60%|██████    | 60/100 [00:06<00:04,  9.19it/s, Accuracy=48.16%]
Evaluating normal:  61%|██████    | 61/100 [00:06<00:04,  9.18it/s, Accuracy=48.16%]
Evaluating normal:  61%|██████    | 61/100 [00:06<00:04,  9.18it/s, Accuracy=48.59%]
Evaluating normal:  62%|██████▏   | 62/100 [00:06<00:04,  9.19it/s, Accuracy=48.59%]
Evaluating normal:  62%|██████▏   | 62/100 [00:06<00:04,  9.19it/s, Accuracy=48.81%]
Evaluating normal:  63%|██████▎   | 63/100 [00:06<00:04,  9.21it/s, Accuracy=48.81%]
Evaluating normal:  63%|██████▎   | 63/100 [00:06<00:04,  9.21it/s, Accuracy=48.63%]
Evaluating normal:  64%|██████▍   | 64/100 [00:06<00:03,  9.19it/s, Accuracy=48.63%]
Evaluating normal:  64%|██████▍   | 64/100 [00:07<00:03,  9.19it/s, Accuracy=48.85%]
Evaluating normal:  65%|██████▌   | 65/100 [00:07<00:03,  9.20it/s, Accuracy=48.85%]
Evaluating normal:  65%|██████▌   | 65/100 [00:07<00:03,  9.20it/s, Accuracy=48.67%]
Evaluating normal:  66%|██████▌   | 66/100 [00:07<00:03,  9.21it/s, Accuracy=48.67%]
Evaluating normal:  66%|██████▌   | 66/100 [00:07<00:03,  9.21it/s, Accuracy=48.13%]
Evaluating normal:  67%|██████▋   | 67/100 [00:07<00:03,  9.22it/s, Accuracy=48.13%]
Evaluating normal:  67%|██████▋   | 67/100 [00:07<00:03,  9.22it/s, Accuracy=48.71%]
Evaluating normal:  68%|██████▊   | 68/100 [00:07<00:03,  9.22it/s, Accuracy=48.71%]
Evaluating normal:  68%|██████▊   | 68/100 [00:07<00:03,  9.22it/s, Accuracy=49.28%]
Evaluating normal:  69%|██████▉   | 69/100 [00:07<00:03,  9.21it/s, Accuracy=49.28%]
Evaluating normal:  69%|██████▉   | 69/100 [00:07<00:03,  9.21it/s, Accuracy=49.11%]
Evaluating normal:  70%|███████   | 70/100 [00:07<00:03,  9.21it/s, Accuracy=49.11%]
Evaluating normal:  70%|███████   | 70/100 [00:07<00:03,  9.21it/s, Accuracy=48.94%]
Evaluating normal:  71%|███████   | 71/100 [00:07<00:03,  9.21it/s, Accuracy=48.94%]
Evaluating normal:  71%|███████   | 71/100 [00:07<00:03,  9.21it/s, Accuracy=49.13%]
Evaluating normal:  72%|███████▏  | 72/100 [00:07<00:03,  9.23it/s, Accuracy=49.13%]
Evaluating normal:  72%|███████▏  | 72/100 [00:07<00:03,  9.23it/s, Accuracy=49.49%]
Evaluating normal:  73%|███████▎  | 73/100 [00:07<00:02,  9.22it/s, Accuracy=49.49%]
Evaluating normal:  73%|███████▎  | 73/100 [00:08<00:02,  9.22it/s, Accuracy=49.16%]
Evaluating normal:  74%|███████▍  | 74/100 [00:08<00:02,  9.23it/s, Accuracy=49.16%]
Evaluating normal:  74%|███████▍  | 74/100 [00:08<00:02,  9.23it/s, Accuracy=49.33%]
Evaluating normal:  75%|███████▌  | 75/100 [00:08<00:02,  9.24it/s, Accuracy=49.33%]
Evaluating normal:  75%|███████▌  | 75/100 [00:08<00:02,  9.24it/s, Accuracy=49.51%]
Evaluating normal:  76%|███████▌  | 76/100 [00:08<00:02,  9.22it/s, Accuracy=49.51%]
Evaluating normal:  76%|███████▌  | 76/100 [00:08<00:02,  9.22it/s, Accuracy=49.84%]
Evaluating normal:  77%|███████▋  | 77/100 [00:08<00:02,  9.22it/s, Accuracy=49.84%]
Evaluating normal:  77%|███████▋  | 77/100 [00:08<00:02,  9.22it/s, Accuracy=49.68%]
Evaluating normal:  78%|███████▊  | 78/100 [00:08<00:02,  9.18it/s, Accuracy=49.68%]
Evaluating normal:  78%|███████▊  | 78/100 [00:08<00:02,  9.18it/s, Accuracy=49.53%]
Evaluating normal:  79%|███████▉  | 79/100 [00:08<00:02,  9.19it/s, Accuracy=49.53%]
Evaluating normal:  79%|███████▉  | 79/100 [00:08<00:02,  9.19it/s, Accuracy=49.53%]
Evaluating normal:  80%|████████  | 80/100 [00:08<00:02,  9.17it/s, Accuracy=49.53%]
Evaluating normal:  80%|████████  | 80/100 [00:08<00:02,  9.17it/s, Accuracy=49.69%]
Evaluating normal:  81%|████████  | 81/100 [00:08<00:02,  9.18it/s, Accuracy=49.69%]
Evaluating normal:  81%|████████  | 81/100 [00:08<00:02,  9.18it/s, Accuracy=49.54%]
Evaluating normal:  82%|████████▏ | 82/100 [00:08<00:01,  9.16it/s, Accuracy=49.54%]
Evaluating normal:  82%|████████▏ | 82/100 [00:09<00:01,  9.16it/s, Accuracy=49.55%]
Evaluating normal:  83%|████████▎ | 83/100 [00:09<00:01,  9.15it/s, Accuracy=49.55%]
Evaluating normal:  83%|████████▎ | 83/100 [00:09<00:01,  9.15it/s, Accuracy=49.70%]
Evaluating normal:  84%|████████▍ | 84/100 [00:09<00:01,  9.16it/s, Accuracy=49.70%]
Evaluating normal:  84%|████████▍ | 84/100 [00:09<00:01,  9.16it/s, Accuracy=49.71%]
Evaluating normal:  85%|████████▌ | 85/100 [00:09<00:01,  9.18it/s, Accuracy=49.71%]
Evaluating normal:  85%|████████▌ | 85/100 [00:09<00:01,  9.18it/s, Accuracy=49.71%]
Evaluating normal:  86%|████████▌ | 86/100 [00:09<00:01,  9.21it/s, Accuracy=49.71%]
Evaluating normal:  86%|████████▌ | 86/100 [00:09<00:01,  9.21it/s, Accuracy=49.57%]
Evaluating normal:  87%|████████▋ | 87/100 [00:09<00:01,  9.22it/s, Accuracy=49.57%]
Evaluating normal:  87%|████████▋ | 87/100 [00:09<00:01,  9.22it/s, Accuracy=49.72%]
Evaluating normal:  88%|████████▊ | 88/100 [00:09<00:01,  9.25it/s, Accuracy=49.72%]
Evaluating normal:  88%|████████▊ | 88/100 [00:09<00:01,  9.25it/s, Accuracy=49.44%]
Evaluating normal:  89%|████████▉ | 89/100 [00:09<00:01,  9.24it/s, Accuracy=49.44%]
Evaluating normal:  89%|████████▉ | 89/100 [00:09<00:01,  9.24it/s, Accuracy=49.44%]
Evaluating normal:  90%|█████████ | 90/100 [00:09<00:01,  9.23it/s, Accuracy=49.44%]
Evaluating normal:  90%|█████████ | 90/100 [00:09<00:01,  9.23it/s, Accuracy=49.45%]
Evaluating normal:  91%|█████████ | 91/100 [00:09<00:00,  9.23it/s, Accuracy=49.45%]
Evaluating normal:  91%|█████████ | 91/100 [00:09<00:00,  9.23it/s, Accuracy=49.73%]
Evaluating normal:  92%|█████████▏| 92/100 [00:09<00:00,  9.23it/s, Accuracy=49.73%]
Evaluating normal:  92%|█████████▏| 92/100 [00:10<00:00,  9.23it/s, Accuracy=49.46%]
Evaluating normal:  93%|█████████▎| 93/100 [00:10<00:00,  9.24it/s, Accuracy=49.46%]
Evaluating normal:  93%|█████████▎| 93/100 [00:10<00:00,  9.24it/s, Accuracy=49.34%]
Evaluating normal:  94%|█████████▍| 94/100 [00:10<00:00,  9.24it/s, Accuracy=49.34%]
Evaluating normal:  94%|█████████▍| 94/100 [00:10<00:00,  9.24it/s, Accuracy=49.21%]
Evaluating normal:  95%|█████████▌| 95/100 [00:10<00:00,  9.25it/s, Accuracy=49.21%]
Evaluating normal:  95%|█████████▌| 95/100 [00:10<00:00,  9.25it/s, Accuracy=49.09%]
Evaluating normal:  96%|█████████▌| 96/100 [00:10<00:00,  9.25it/s, Accuracy=49.09%]
Evaluating normal:  96%|█████████▌| 96/100 [00:10<00:00,  9.25it/s, Accuracy=48.97%]
Evaluating normal:  97%|█████████▋| 97/100 [00:10<00:00,  9.25it/s, Accuracy=48.97%]
Evaluating normal:  97%|█████████▋| 97/100 [00:10<00:00,  9.25it/s, Accuracy=49.11%]
Evaluating normal:  98%|█████████▊| 98/100 [00:10<00:00,  9.25it/s, Accuracy=49.11%]
Evaluating normal:  98%|█████████▊| 98/100 [00:10<00:00,  9.25it/s, Accuracy=48.86%]
Evaluating normal:  99%|█████████▉| 99/100 [00:10<00:00,  9.26it/s, Accuracy=48.86%]
Evaluating normal:  99%|█████████▉| 99/100 [00:10<00:00,  9.26it/s, Accuracy=49.12%]
Evaluating normal: 100%|██████████| 100/100 [00:10<00:00,  9.26it/s, Accuracy=49.12%]
Evaluating normal: 100%|██████████| 100/100 [00:10<00:00,  9.21it/s, Accuracy=49.12%]
Test Accuracy (Normal): 0.4913

Evaluating adversarial:   0%|          | 0/100 [00:00<?, ?it/s]
Evaluating adversarial:   0%|          | 0/100 [00:00<?, ?it/s, Accuracy=0.00%]
Evaluating adversarial:   1%|          | 1/100 [00:00<00:34,  2.85it/s, Accuracy=0.00%]
Evaluating adversarial:   1%|          | 1/100 [00:00<00:34,  2.85it/s, Accuracy=0.00%]
Evaluating adversarial:   2%|▏         | 2/100 [00:00<00:34,  2.85it/s, Accuracy=0.00%]
Evaluating adversarial:   2%|▏         | 2/100 [00:01<00:34,  2.85it/s, Accuracy=0.00%]
Evaluating adversarial:   3%|▎         | 3/100 [00:01<00:34,  2.85it/s, Accuracy=0.00%]
Evaluating adversarial:   3%|▎         | 3/100 [00:01<00:34,  2.85it/s, Accuracy=0.00%]
Evaluating adversarial:   4%|▍         | 4/100 [00:01<00:33,  2.84it/s, Accuracy=0.00%]
Evaluating adversarial:   4%|▍         | 4/100 [00:01<00:33,  2.84it/s, Accuracy=0.00%]
Evaluating adversarial:   5%|▌         | 5/100 [00:01<00:33,  2.85it/s, Accuracy=0.00%]
Evaluating adversarial:   5%|▌         | 5/100 [00:02<00:33,  2.85it/s, Accuracy=0.00%]
Evaluating adversarial:   6%|▌         | 6/100 [00:02<00:33,  2.85it/s, Accuracy=0.00%]
Evaluating adversarial:   6%|▌         | 6/100 [00:02<00:33,  2.85it/s, Accuracy=0.00%]
Evaluating adversarial:   7%|▋         | 7/100 [00:02<00:32,  2.85it/s, Accuracy=0.00%]
Evaluating adversarial:   7%|▋         | 7/100 [00:02<00:32,  2.85it/s, Accuracy=0.00%]
Evaluating adversarial:   8%|▊         | 8/100 [00:02<00:32,  2.85it/s, Accuracy=0.00%]
Evaluating adversarial:   8%|▊         | 8/100 [00:03<00:32,  2.85it/s, Accuracy=0.00%]
Evaluating adversarial:   9%|▉         | 9/100 [00:03<00:31,  2.85it/s, Accuracy=0.00%]
Evaluating adversarial:   9%|▉         | 9/100 [00:03<00:31,  2.85it/s, Accuracy=0.00%]
Evaluating adversarial:  10%|█         | 10/100 [00:03<00:31,  2.85it/s, Accuracy=0.00%]
Evaluating adversarial:  10%|█         | 10/100 [00:03<00:31,  2.85it/s, Accuracy=0.00%]
Evaluating adversarial:  11%|█         | 11/100 [00:03<00:31,  2.85it/s, Accuracy=0.00%]
Evaluating adversarial:  11%|█         | 11/100 [00:04<00:31,  2.85it/s, Accuracy=0.00%]
Evaluating adversarial:  12%|█▏        | 12/100 [00:04<00:30,  2.84it/s, Accuracy=0.00%]
Evaluating adversarial:  12%|█▏        | 12/100 [00:04<00:30,  2.84it/s, Accuracy=0.00%]
Evaluating adversarial:  13%|█▎        | 13/100 [00:04<00:30,  2.85it/s, Accuracy=0.00%]
Evaluating adversarial:  13%|█▎        | 13/100 [00:04<00:30,  2.85it/s, Accuracy=0.00%]
Evaluating adversarial:  14%|█▍        | 14/100 [00:04<00:30,  2.84it/s, Accuracy=0.00%]
Evaluating adversarial:  14%|█▍        | 14/100 [00:05<00:30,  2.84it/s, Accuracy=0.00%]
Evaluating adversarial:  15%|█▌        | 15/100 [00:05<00:29,  2.84it/s, Accuracy=0.00%]
Evaluating adversarial:  15%|█▌        | 15/100 [00:05<00:29,  2.84it/s, Accuracy=0.00%]
Evaluating adversarial:  16%|█▌        | 16/100 [00:05<00:29,  2.84it/s, Accuracy=0.00%]
Evaluating adversarial:  16%|█▌        | 16/100 [00:05<00:29,  2.84it/s, Accuracy=0.00%]
Evaluating adversarial:  17%|█▋        | 17/100 [00:05<00:29,  2.84it/s, Accuracy=0.00%]
Evaluating adversarial:  17%|█▋        | 17/100 [00:06<00:29,  2.84it/s, Accuracy=0.00%]
Evaluating adversarial:  18%|█▊        | 18/100 [00:06<00:28,  2.84it/s, Accuracy=0.00%]
Evaluating adversarial:  18%|█▊        | 18/100 [00:06<00:28,  2.84it/s, Accuracy=0.00%]
Evaluating adversarial:  19%|█▉        | 19/100 [00:06<00:28,  2.84it/s, Accuracy=0.00%]
Evaluating adversarial:  19%|█▉        | 19/100 [00:07<00:28,  2.84it/s, Accuracy=0.00%]
Evaluating adversarial:  20%|██        | 20/100 [00:07<00:28,  2.84it/s, Accuracy=0.00%]
Evaluating adversarial:  20%|██        | 20/100 [00:07<00:28,  2.84it/s, Accuracy=0.00%]
Evaluating adversarial:  21%|██        | 21/100 [00:07<00:27,  2.84it/s, Accuracy=0.00%]
Evaluating adversarial:  21%|██        | 21/100 [00:07<00:27,  2.84it/s, Accuracy=0.00%]
Evaluating adversarial:  22%|██▏       | 22/100 [00:07<00:27,  2.84it/s, Accuracy=0.00%]
Evaluating adversarial:  22%|██▏       | 22/100 [00:08<00:27,  2.84it/s, Accuracy=0.00%]
Evaluating adversarial:  23%|██▎       | 23/100 [00:08<00:27,  2.84it/s, Accuracy=0.00%]
Evaluating adversarial:  23%|██▎       | 23/100 [00:08<00:27,  2.84it/s, Accuracy=0.00%]
Evaluating adversarial:  24%|██▍       | 24/100 [00:08<00:26,  2.84it/s, Accuracy=0.00%]
Evaluating adversarial:  24%|██▍       | 24/100 [00:08<00:26,  2.84it/s, Accuracy=0.00%]
Evaluating adversarial:  25%|██▌       | 25/100 [00:08<00:26,  2.84it/s, Accuracy=0.00%]
Evaluating adversarial:  25%|██▌       | 25/100 [00:09<00:26,  2.84it/s, Accuracy=0.00%]
Evaluating adversarial:  26%|██▌       | 26/100 [00:09<00:26,  2.84it/s, Accuracy=0.00%]
Evaluating adversarial:  26%|██▌       | 26/100 [00:09<00:26,  2.84it/s, Accuracy=0.00%]
Evaluating adversarial:  27%|██▋       | 27/100 [00:09<00:25,  2.84it/s, Accuracy=0.00%]
Evaluating adversarial:  27%|██▋       | 27/100 [00:09<00:25,  2.84it/s, Accuracy=0.00%]
Evaluating adversarial:  28%|██▊       | 28/100 [00:09<00:25,  2.84it/s, Accuracy=0.00%]
Evaluating adversarial:  28%|██▊       | 28/100 [00:10<00:25,  2.84it/s, Accuracy=0.00%]
Evaluating adversarial:  29%|██▉       | 29/100 [00:10<00:25,  2.84it/s, Accuracy=0.00%]
Evaluating adversarial:  29%|██▉       | 29/100 [00:10<00:25,  2.84it/s, Accuracy=0.00%]
Evaluating adversarial:  30%|███       | 30/100 [00:10<00:24,  2.84it/s, Accuracy=0.00%]
Evaluating adversarial:  30%|███       | 30/100 [00:10<00:24,  2.84it/s, Accuracy=0.00%]
Evaluating adversarial:  31%|███       | 31/100 [00:10<00:24,  2.83it/s, Accuracy=0.00%]
Evaluating adversarial:  31%|███       | 31/100 [00:11<00:24,  2.83it/s, Accuracy=0.00%]
Evaluating adversarial:  32%|███▏      | 32/100 [00:11<00:23,  2.84it/s, Accuracy=0.00%]
Evaluating adversarial:  32%|███▏      | 32/100 [00:11<00:23,  2.84it/s, Accuracy=0.00%]
Evaluating adversarial:  33%|███▎      | 33/100 [00:11<00:23,  2.84it/s, Accuracy=0.00%]
Evaluating adversarial:  33%|███▎      | 33/100 [00:11<00:23,  2.84it/s, Accuracy=0.00%]
Evaluating adversarial:  34%|███▍      | 34/100 [00:11<00:23,  2.84it/s, Accuracy=0.00%]
Evaluating adversarial:  34%|███▍      | 34/100 [00:12<00:23,  2.84it/s, Accuracy=0.00%]
Evaluating adversarial:  35%|███▌      | 35/100 [00:12<00:22,  2.83it/s, Accuracy=0.00%]
Evaluating adversarial:  35%|███▌      | 35/100 [00:12<00:22,  2.83it/s, Accuracy=0.00%]
Evaluating adversarial:  36%|███▌      | 36/100 [00:12<00:22,  2.83it/s, Accuracy=0.00%]
Evaluating adversarial:  36%|███▌      | 36/100 [00:13<00:22,  2.83it/s, Accuracy=0.00%]
Evaluating adversarial:  37%|███▋      | 37/100 [00:13<00:22,  2.82it/s, Accuracy=0.00%]
Evaluating adversarial:  37%|███▋      | 37/100 [00:13<00:22,  2.82it/s, Accuracy=0.00%]
Evaluating adversarial:  38%|███▊      | 38/100 [00:13<00:21,  2.82it/s, Accuracy=0.00%]
Evaluating adversarial:  38%|███▊      | 38/100 [00:13<00:21,  2.82it/s, Accuracy=0.00%]
Evaluating adversarial:  39%|███▉      | 39/100 [00:13<00:21,  2.82it/s, Accuracy=0.00%]
Evaluating adversarial:  39%|███▉      | 39/100 [00:14<00:21,  2.82it/s, Accuracy=0.00%]
Evaluating adversarial:  40%|████      | 40/100 [00:14<00:21,  2.83it/s, Accuracy=0.00%]
Evaluating adversarial:  40%|████      | 40/100 [00:14<00:21,  2.83it/s, Accuracy=0.00%]
Evaluating adversarial:  41%|████      | 41/100 [00:14<00:20,  2.83it/s, Accuracy=0.00%]
Evaluating adversarial:  41%|████      | 41/100 [00:14<00:20,  2.83it/s, Accuracy=0.00%]
Evaluating adversarial:  42%|████▏     | 42/100 [00:14<00:20,  2.83it/s, Accuracy=0.00%]
Evaluating adversarial:  42%|████▏     | 42/100 [00:15<00:20,  2.83it/s, Accuracy=0.00%]
Evaluating adversarial:  43%|████▎     | 43/100 [00:15<00:20,  2.83it/s, Accuracy=0.00%]
Evaluating adversarial:  43%|████▎     | 43/100 [00:15<00:20,  2.83it/s, Accuracy=0.00%]
Evaluating adversarial:  44%|████▍     | 44/100 [00:15<00:19,  2.83it/s, Accuracy=0.00%]
Evaluating adversarial:  44%|████▍     | 44/100 [00:15<00:19,  2.83it/s, Accuracy=0.00%]
Evaluating adversarial:  45%|████▌     | 45/100 [00:15<00:19,  2.83it/s, Accuracy=0.00%]
Evaluating adversarial:  45%|████▌     | 45/100 [00:16<00:19,  2.83it/s, Accuracy=0.00%]
Evaluating adversarial:  46%|████▌     | 46/100 [00:16<00:19,  2.83it/s, Accuracy=0.00%]
Evaluating adversarial:  46%|████▌     | 46/100 [00:16<00:19,  2.83it/s, Accuracy=0.00%]
Evaluating adversarial:  47%|████▋     | 47/100 [00:16<00:18,  2.83it/s, Accuracy=0.00%]
Evaluating adversarial:  47%|████▋     | 47/100 [00:16<00:18,  2.83it/s, Accuracy=0.00%]
Evaluating adversarial:  48%|████▊     | 48/100 [00:16<00:18,  2.83it/s, Accuracy=0.00%]
Evaluating adversarial:  48%|████▊     | 48/100 [00:17<00:18,  2.83it/s, Accuracy=0.00%]
Evaluating adversarial:  49%|████▉     | 49/100 [00:17<00:17,  2.84it/s, Accuracy=0.00%]
Evaluating adversarial:  49%|████▉     | 49/100 [00:17<00:17,  2.84it/s, Accuracy=0.00%]
Evaluating adversarial:  50%|█████     | 50/100 [00:17<00:17,  2.84it/s, Accuracy=0.00%]
Evaluating adversarial:  50%|█████     | 50/100 [00:17<00:17,  2.84it/s, Accuracy=0.00%]
Evaluating adversarial:  51%|█████     | 51/100 [00:17<00:17,  2.84it/s, Accuracy=0.00%]
Evaluating adversarial:  51%|█████     | 51/100 [00:18<00:17,  2.84it/s, Accuracy=0.00%]
Evaluating adversarial:  52%|█████▏    | 52/100 [00:18<00:16,  2.83it/s, Accuracy=0.00%]
Evaluating adversarial:  52%|█████▏    | 52/100 [00:18<00:16,  2.83it/s, Accuracy=0.00%]
Evaluating adversarial:  53%|█████▎    | 53/100 [00:18<00:16,  2.83it/s, Accuracy=0.00%]
Evaluating adversarial:  53%|█████▎    | 53/100 [00:19<00:16,  2.83it/s, Accuracy=0.00%]
Evaluating adversarial:  54%|█████▍    | 54/100 [00:19<00:16,  2.83it/s, Accuracy=0.00%]
Evaluating adversarial:  54%|█████▍    | 54/100 [00:19<00:16,  2.83it/s, Accuracy=0.00%]
Evaluating adversarial:  55%|█████▌    | 55/100 [00:19<00:15,  2.84it/s, Accuracy=0.00%]
Evaluating adversarial:  55%|█████▌    | 55/100 [00:19<00:15,  2.84it/s, Accuracy=0.00%]
Evaluating adversarial:  56%|█████▌    | 56/100 [00:19<00:15,  2.84it/s, Accuracy=0.00%]
Evaluating adversarial:  56%|█████▌    | 56/100 [00:20<00:15,  2.84it/s, Accuracy=0.00%]
Evaluating adversarial:  57%|█████▋    | 57/100 [00:20<00:15,  2.83it/s, Accuracy=0.00%]
Evaluating adversarial:  57%|█████▋    | 57/100 [00:20<00:15,  2.83it/s, Accuracy=0.00%]
Evaluating adversarial:  58%|█████▊    | 58/100 [00:20<00:14,  2.83it/s, Accuracy=0.00%]
Evaluating adversarial:  58%|█████▊    | 58/100 [00:20<00:14,  2.83it/s, Accuracy=0.00%]
Evaluating adversarial:  59%|█████▉    | 59/100 [00:20<00:14,  2.83it/s, Accuracy=0.00%]
Evaluating adversarial:  59%|█████▉    | 59/100 [00:21<00:14,  2.83it/s, Accuracy=0.00%]
Evaluating adversarial:  60%|██████    | 60/100 [00:21<00:14,  2.83it/s, Accuracy=0.00%]
Evaluating adversarial:  60%|██████    | 60/100 [00:21<00:14,  2.83it/s, Accuracy=0.00%]
Evaluating adversarial:  61%|██████    | 61/100 [00:21<00:13,  2.83it/s, Accuracy=0.00%]
Evaluating adversarial:  61%|██████    | 61/100 [00:21<00:13,  2.83it/s, Accuracy=0.00%]
Evaluating adversarial:  62%|██████▏   | 62/100 [00:21<00:13,  2.83it/s, Accuracy=0.00%]
Evaluating adversarial:  62%|██████▏   | 62/100 [00:22<00:13,  2.83it/s, Accuracy=0.00%]
Evaluating adversarial:  63%|██████▎   | 63/100 [00:22<00:13,  2.83it/s, Accuracy=0.00%]
Evaluating adversarial:  63%|██████▎   | 63/100 [00:22<00:13,  2.83it/s, Accuracy=0.00%]
Evaluating adversarial:  64%|██████▍   | 64/100 [00:22<00:12,  2.83it/s, Accuracy=0.00%]
Evaluating adversarial:  64%|██████▍   | 64/100 [00:22<00:12,  2.83it/s, Accuracy=0.00%]
Evaluating adversarial:  65%|██████▌   | 65/100 [00:22<00:12,  2.83it/s, Accuracy=0.00%]
Evaluating adversarial:  65%|██████▌   | 65/100 [00:23<00:12,  2.83it/s, Accuracy=0.00%]
Evaluating adversarial:  66%|██████▌   | 66/100 [00:23<00:12,  2.83it/s, Accuracy=0.00%]
Evaluating adversarial:  66%|██████▌   | 66/100 [00:23<00:12,  2.83it/s, Accuracy=0.00%]
Evaluating adversarial:  67%|██████▋   | 67/100 [00:23<00:11,  2.83it/s, Accuracy=0.00%]
Evaluating adversarial:  67%|██████▋   | 67/100 [00:23<00:11,  2.83it/s, Accuracy=0.00%]
Evaluating adversarial:  68%|██████▊   | 68/100 [00:23<00:11,  2.83it/s, Accuracy=0.00%]
Evaluating adversarial:  68%|██████▊   | 68/100 [00:24<00:11,  2.83it/s, Accuracy=0.00%]
Evaluating adversarial:  69%|██████▉   | 69/100 [00:24<00:10,  2.83it/s, Accuracy=0.00%]
Evaluating adversarial:  69%|██████▉   | 69/100 [00:24<00:10,  2.83it/s, Accuracy=0.00%]
Evaluating adversarial:  70%|███████   | 70/100 [00:24<00:10,  2.83it/s, Accuracy=0.00%]
Evaluating adversarial:  70%|███████   | 70/100 [00:25<00:10,  2.83it/s, Accuracy=0.00%]
Evaluating adversarial:  71%|███████   | 71/100 [00:25<00:10,  2.83it/s, Accuracy=0.00%]
Evaluating adversarial:  71%|███████   | 71/100 [00:25<00:10,  2.83it/s, Accuracy=0.00%]
Evaluating adversarial:  72%|███████▏  | 72/100 [00:25<00:09,  2.83it/s, Accuracy=0.00%]
Evaluating adversarial:  72%|███████▏  | 72/100 [00:25<00:09,  2.83it/s, Accuracy=0.00%]
Evaluating adversarial:  73%|███████▎  | 73/100 [00:25<00:09,  2.83it/s, Accuracy=0.00%]
Evaluating adversarial:  73%|███████▎  | 73/100 [00:26<00:09,  2.83it/s, Accuracy=0.00%]
Evaluating adversarial:  74%|███████▍  | 74/100 [00:26<00:09,  2.83it/s, Accuracy=0.00%]
Evaluating adversarial:  74%|███████▍  | 74/100 [00:26<00:09,  2.83it/s, Accuracy=0.00%]
Evaluating adversarial:  75%|███████▌  | 75/100 [00:26<00:08,  2.83it/s, Accuracy=0.00%]
Evaluating adversarial:  75%|███████▌  | 75/100 [00:26<00:08,  2.83it/s, Accuracy=0.00%]
Evaluating adversarial:  76%|███████▌  | 76/100 [00:26<00:08,  2.83it/s, Accuracy=0.00%]
Evaluating adversarial:  76%|███████▌  | 76/100 [00:27<00:08,  2.83it/s, Accuracy=0.00%]
Evaluating adversarial:  77%|███████▋  | 77/100 [00:27<00:08,  2.83it/s, Accuracy=0.00%]
Evaluating adversarial:  77%|███████▋  | 77/100 [00:27<00:08,  2.83it/s, Accuracy=0.00%]
Evaluating adversarial:  78%|███████▊  | 78/100 [00:27<00:07,  2.83it/s, Accuracy=0.00%]
Evaluating adversarial:  78%|███████▊  | 78/100 [00:27<00:07,  2.83it/s, Accuracy=0.00%]
Evaluating adversarial:  79%|███████▉  | 79/100 [00:27<00:07,  2.82it/s, Accuracy=0.00%]
Evaluating adversarial:  79%|███████▉  | 79/100 [00:28<00:07,  2.82it/s, Accuracy=0.00%]
Evaluating adversarial:  80%|████████  | 80/100 [00:28<00:07,  2.82it/s, Accuracy=0.00%]
Evaluating adversarial:  80%|████████  | 80/100 [00:28<00:07,  2.82it/s, Accuracy=0.00%]
Evaluating adversarial:  81%|████████  | 81/100 [00:28<00:06,  2.83it/s, Accuracy=0.00%]
Evaluating adversarial:  81%|████████  | 81/100 [00:28<00:06,  2.83it/s, Accuracy=0.00%]
Evaluating adversarial:  82%|████████▏ | 82/100 [00:28<00:06,  2.82it/s, Accuracy=0.00%]
Evaluating adversarial:  82%|████████▏ | 82/100 [00:29<00:06,  2.82it/s, Accuracy=0.00%]
Evaluating adversarial:  83%|████████▎ | 83/100 [00:29<00:06,  2.82it/s, Accuracy=0.00%]
Evaluating adversarial:  83%|████████▎ | 83/100 [00:29<00:06,  2.82it/s, Accuracy=0.00%]
Evaluating adversarial:  84%|████████▍ | 84/100 [00:29<00:05,  2.82it/s, Accuracy=0.00%]
Evaluating adversarial:  84%|████████▍ | 84/100 [00:29<00:05,  2.82it/s, Accuracy=0.00%]
Evaluating adversarial:  85%|████████▌ | 85/100 [00:29<00:05,  2.82it/s, Accuracy=0.00%]
Evaluating adversarial:  85%|████████▌ | 85/100 [00:30<00:05,  2.82it/s, Accuracy=0.00%]
Evaluating adversarial:  86%|████████▌ | 86/100 [00:30<00:04,  2.83it/s, Accuracy=0.00%]
Evaluating adversarial:  86%|████████▌ | 86/100 [00:30<00:04,  2.83it/s, Accuracy=0.00%]
Evaluating adversarial:  87%|████████▋ | 87/100 [00:30<00:04,  2.83it/s, Accuracy=0.00%]
Evaluating adversarial:  87%|████████▋ | 87/100 [00:31<00:04,  2.83it/s, Accuracy=0.00%]
Evaluating adversarial:  88%|████████▊ | 88/100 [00:31<00:04,  2.83it/s, Accuracy=0.00%]
Evaluating adversarial:  88%|████████▊ | 88/100 [00:31<00:04,  2.83it/s, Accuracy=0.00%]
Evaluating adversarial:  89%|████████▉ | 89/100 [00:31<00:03,  2.83it/s, Accuracy=0.00%]
Evaluating adversarial:  89%|████████▉ | 89/100 [00:31<00:03,  2.83it/s, Accuracy=0.00%]
Evaluating adversarial:  90%|█████████ | 90/100 [00:31<00:03,  2.83it/s, Accuracy=0.00%]
Evaluating adversarial:  90%|█████████ | 90/100 [00:32<00:03,  2.83it/s, Accuracy=0.00%]
Evaluating adversarial:  91%|█████████ | 91/100 [00:32<00:03,  2.83it/s, Accuracy=0.00%]
Evaluating adversarial:  91%|█████████ | 91/100 [00:32<00:03,  2.83it/s, Accuracy=0.00%]
Evaluating adversarial:  92%|█████████▏| 92/100 [00:32<00:02,  2.82it/s, Accuracy=0.00%]
Evaluating adversarial:  92%|█████████▏| 92/100 [00:32<00:02,  2.82it/s, Accuracy=0.00%]
Evaluating adversarial:  93%|█████████▎| 93/100 [00:32<00:02,  2.83it/s, Accuracy=0.00%]
Evaluating adversarial:  93%|█████████▎| 93/100 [00:33<00:02,  2.83it/s, Accuracy=0.00%]
Evaluating adversarial:  94%|█████████▍| 94/100 [00:33<00:02,  2.83it/s, Accuracy=0.00%]
Evaluating adversarial:  94%|█████████▍| 94/100 [00:33<00:02,  2.83it/s, Accuracy=0.00%]
Evaluating adversarial:  95%|█████████▌| 95/100 [00:33<00:01,  2.83it/s, Accuracy=0.00%]
Evaluating adversarial:  95%|█████████▌| 95/100 [00:33<00:01,  2.83it/s, Accuracy=0.00%]
Evaluating adversarial:  96%|█████████▌| 96/100 [00:33<00:01,  2.83it/s, Accuracy=0.00%]
Evaluating adversarial:  96%|█████████▌| 96/100 [00:34<00:01,  2.83it/s, Accuracy=0.00%]
Evaluating adversarial:  97%|█████████▋| 97/100 [00:34<00:01,  2.83it/s, Accuracy=0.00%]
Evaluating adversarial:  97%|█████████▋| 97/100 [00:34<00:01,  2.83it/s, Accuracy=0.00%]
Evaluating adversarial:  98%|█████████▊| 98/100 [00:34<00:00,  2.83it/s, Accuracy=0.00%]
Evaluating adversarial:  98%|█████████▊| 98/100 [00:34<00:00,  2.83it/s, Accuracy=0.00%]
Evaluating adversarial:  99%|█████████▉| 99/100 [00:34<00:00,  2.83it/s, Accuracy=0.00%]
Evaluating adversarial:  99%|█████████▉| 99/100 [00:35<00:00,  2.83it/s, Accuracy=0.00%]
Evaluating adversarial: 100%|██████████| 100/100 [00:35<00:00,  2.83it/s, Accuracy=0.00%]
Evaluating adversarial: 100%|██████████| 100/100 [00:35<00:00,  2.83it/s, Accuracy=0.00%]
Test Accuracy (Adversarial): 0.0000
Round 1 duration: 118.42 seconds

--- Round 2/20 ---
Selected 5 clients for training

Client 1 - Epoch 1/1:   0%|          | 0/84 [00:00<?, ?it/s]
Client 1 - Epoch 1/1:   0%|          | 0/84 [00:00<?, ?it/s, Loss=1.2891]
Client 1 - Epoch 1/1:   1%|          | 1/84 [00:00<00:20,  4.04it/s, Loss=1.2891]
Client 1 - Epoch 1/1:   1%|          | 1/84 [00:00<00:20,  4.04it/s, Loss=1.3516]
Client 1 - Epoch 1/1:   2%|▏         | 2/84 [00:00<00:20,  4.05it/s, Loss=1.3516]
Client 1 - Epoch 1/1:   2%|▏         | 2/84 [00:00<00:20,  4.05it/s, Loss=1.1250]
Client 1 - Epoch 1/1:   4%|▎         | 3/84 [00:00<00:19,  4.06it/s, Loss=1.1250]
Client 1 - Epoch 1/1:   4%|▎         | 3/84 [00:00<00:19,  4.06it/s, Loss=1.0938]
Client 1 - Epoch 1/1:   5%|▍         | 4/84 [00:00<00:19,  4.06it/s, Loss=1.0938]
Client 1 - Epoch 1/1:   5%|▍         | 4/84 [00:01<00:19,  4.06it/s, Loss=0.6289]
Client 1 - Epoch 1/1:   6%|▌         | 5/84 [00:01<00:19,  4.06it/s, Loss=0.6289]
Client 1 - Epoch 1/1:   6%|▌         | 5/84 [00:01<00:19,  4.06it/s, Loss=0.7656]
Client 1 - Epoch 1/1:   7%|▋         | 6/84 [00:01<00:19,  4.06it/s, Loss=0.7656]
Client 1 - Epoch 1/1:   7%|▋         | 6/84 [00:01<00:19,  4.06it/s, Loss=0.5000]
Client 1 - Epoch 1/1:   8%|▊         | 7/84 [00:01<00:18,  4.06it/s, Loss=0.5000]
Client 1 - Epoch 1/1:   8%|▊         | 7/84 [00:01<00:18,  4.06it/s, Loss=0.6953]
Client 1 - Epoch 1/1:  10%|▉         | 8/84 [00:01<00:18,  4.05it/s, Loss=0.6953]
Client 1 - Epoch 1/1:  10%|▉         | 8/84 [00:02<00:18,  4.05it/s, Loss=0.7891]
Client 1 - Epoch 1/1:  11%|█         | 9/84 [00:02<00:18,  4.06it/s, Loss=0.7891]
Client 1 - Epoch 1/1:  11%|█         | 9/84 [00:02<00:18,  4.06it/s, Loss=0.5312]
Client 1 - Epoch 1/1:  12%|█▏        | 10/84 [00:02<00:18,  4.06it/s, Loss=0.5312]
Client 1 - Epoch 1/1:  12%|█▏        | 10/84 [00:02<00:18,  4.06it/s, Loss=0.6719]
Client 1 - Epoch 1/1:  13%|█▎        | 11/84 [00:02<00:17,  4.06it/s, Loss=0.6719]
Client 1 - Epoch 1/1:  13%|█▎        | 11/84 [00:02<00:17,  4.06it/s, Loss=0.2676]
Client 1 - Epoch 1/1:  14%|█▍        | 12/84 [00:02<00:17,  4.06it/s, Loss=0.2676]
Client 1 - Epoch 1/1:  14%|█▍        | 12/84 [00:03<00:17,  4.06it/s, Loss=0.5586]
Client 1 - Epoch 1/1:  15%|█▌        | 13/84 [00:03<00:17,  4.06it/s, Loss=0.5586]
Client 1 - Epoch 1/1:  15%|█▌        | 13/84 [00:03<00:17,  4.06it/s, Loss=0.5312]
Client 1 - Epoch 1/1:  17%|█▋        | 14/84 [00:03<00:17,  4.06it/s, Loss=0.5312]
Client 1 - Epoch 1/1:  17%|█▋        | 14/84 [00:03<00:17,  4.06it/s, Loss=0.4629]
Client 1 - Epoch 1/1:  18%|█▊        | 15/84 [00:03<00:17,  4.06it/s, Loss=0.4629]
Client 1 - Epoch 1/1:  18%|█▊        | 15/84 [00:03<00:17,  4.06it/s, Loss=0.7227]
Client 1 - Epoch 1/1:  19%|█▉        | 16/84 [00:03<00:16,  4.05it/s, Loss=0.7227]
Client 1 - Epoch 1/1:  19%|█▉        | 16/84 [00:04<00:16,  4.05it/s, Loss=0.3184]
Client 1 - Epoch 1/1:  20%|██        | 17/84 [00:04<00:16,  4.06it/s, Loss=0.3184]
Client 1 - Epoch 1/1:  20%|██        | 17/84 [00:04<00:16,  4.06it/s, Loss=0.7031]
Client 1 - Epoch 1/1:  21%|██▏       | 18/84 [00:04<00:16,  4.06it/s, Loss=0.7031]
Client 1 - Epoch 1/1:  21%|██▏       | 18/84 [00:04<00:16,  4.06it/s, Loss=0.2041]
Client 1 - Epoch 1/1:  23%|██▎       | 19/84 [00:04<00:15,  4.06it/s, Loss=0.2041]
Client 1 - Epoch 1/1:  23%|██▎       | 19/84 [00:04<00:15,  4.06it/s, Loss=0.2188]
Client 1 - Epoch 1/1:  24%|██▍       | 20/84 [00:04<00:15,  4.06it/s, Loss=0.2188]
Client 1 - Epoch 1/1:  24%|██▍       | 20/84 [00:05<00:15,  4.06it/s, Loss=0.0854]
Client 1 - Epoch 1/1:  25%|██▌       | 21/84 [00:05<00:15,  4.06it/s, Loss=0.0854]
Client 1 - Epoch 1/1:  25%|██▌       | 21/84 [00:05<00:15,  4.06it/s, Loss=0.7109]
Client 1 - Epoch 1/1:  26%|██▌       | 22/84 [00:05<00:15,  4.06it/s, Loss=0.7109]
Client 1 - Epoch 1/1:  26%|██▌       | 22/84 [00:05<00:15,  4.06it/s, Loss=0.2109]
Client 1 - Epoch 1/1:  27%|██▋       | 23/84 [00:05<00:15,  4.07it/s, Loss=0.2109]
Client 1 - Epoch 1/1:  27%|██▋       | 23/84 [00:05<00:15,  4.07it/s, Loss=0.6484]
Client 1 - Epoch 1/1:  29%|██▊       | 24/84 [00:05<00:14,  4.06it/s, Loss=0.6484]
Client 1 - Epoch 1/1:  29%|██▊       | 24/84 [00:06<00:14,  4.06it/s, Loss=0.6758]
Client 1 - Epoch 1/1:  30%|██▉       | 25/84 [00:06<00:14,  4.06it/s, Loss=0.6758]
Client 1 - Epoch 1/1:  30%|██▉       | 25/84 [00:06<00:14,  4.06it/s, Loss=0.1787]
Client 1 - Epoch 1/1:  31%|███       | 26/84 [00:06<00:14,  4.06it/s, Loss=0.1787]
Client 1 - Epoch 1/1:  31%|███       | 26/84 [00:06<00:14,  4.06it/s, Loss=0.0718]
Client 1 - Epoch 1/1:  32%|███▏      | 27/84 [00:06<00:14,  4.06it/s, Loss=0.0718]
Client 1 - Epoch 1/1:  32%|███▏      | 27/84 [00:06<00:14,  4.06it/s, Loss=0.2305]
Client 1 - Epoch 1/1:  33%|███▎      | 28/84 [00:06<00:13,  4.06it/s, Loss=0.2305]
Client 1 - Epoch 1/1:  33%|███▎      | 28/84 [00:07<00:13,  4.06it/s, Loss=0.0801]
Client 1 - Epoch 1/1:  35%|███▍      | 29/84 [00:07<00:13,  4.05it/s, Loss=0.0801]
Client 1 - Epoch 1/1:  35%|███▍      | 29/84 [00:07<00:13,  4.05it/s, Loss=0.0684]
Client 1 - Epoch 1/1:  36%|███▌      | 30/84 [00:07<00:13,  4.05it/s, Loss=0.0684]
Client 1 - Epoch 1/1:  36%|███▌      | 30/84 [00:07<00:13,  4.05it/s, Loss=0.6797]
Client 1 - Epoch 1/1:  37%|███▋      | 31/84 [00:07<00:13,  4.05it/s, Loss=0.6797]
Client 1 - Epoch 1/1:  37%|███▋      | 31/84 [00:07<00:13,  4.05it/s, Loss=0.1436]
Client 1 - Epoch 1/1:  38%|███▊      | 32/84 [00:07<00:12,  4.05it/s, Loss=0.1436]
Client 1 - Epoch 1/1:  38%|███▊      | 32/84 [00:08<00:12,  4.05it/s, Loss=0.4629]
Client 1 - Epoch 1/1:  39%|███▉      | 33/84 [00:08<00:12,  4.05it/s, Loss=0.4629]
Client 1 - Epoch 1/1:  39%|███▉      | 33/84 [00:08<00:12,  4.05it/s, Loss=0.9180]
Client 1 - Epoch 1/1:  40%|████      | 34/84 [00:08<00:12,  4.05it/s, Loss=0.9180]
Client 1 - Epoch 1/1:  40%|████      | 34/84 [00:08<00:12,  4.05it/s, Loss=0.2949]
Client 1 - Epoch 1/1:  42%|████▏     | 35/84 [00:08<00:12,  4.04it/s, Loss=0.2949]
Client 1 - Epoch 1/1:  42%|████▏     | 35/84 [00:08<00:12,  4.04it/s, Loss=0.1484]
Client 1 - Epoch 1/1:  43%|████▎     | 36/84 [00:08<00:11,  4.05it/s, Loss=0.1484]
Client 1 - Epoch 1/1:  43%|████▎     | 36/84 [00:09<00:11,  4.05it/s, Loss=0.1885]
Client 1 - Epoch 1/1:  44%|████▍     | 37/84 [00:09<00:11,  4.05it/s, Loss=0.1885]
Client 1 - Epoch 1/1:  44%|████▍     | 37/84 [00:09<00:11,  4.05it/s, Loss=0.4004]
Client 1 - Epoch 1/1:  45%|████▌     | 38/84 [00:09<00:11,  4.04it/s, Loss=0.4004]
Client 1 - Epoch 1/1:  45%|████▌     | 38/84 [00:09<00:11,  4.04it/s, Loss=0.1514]
Client 1 - Epoch 1/1:  46%|████▋     | 39/84 [00:09<00:11,  4.04it/s, Loss=0.1514]
Client 1 - Epoch 1/1:  46%|████▋     | 39/84 [00:09<00:11,  4.04it/s, Loss=0.4746]
Client 1 - Epoch 1/1:  48%|████▊     | 40/84 [00:09<00:10,  4.05it/s, Loss=0.4746]
Client 1 - Epoch 1/1:  48%|████▊     | 40/84 [00:10<00:10,  4.05it/s, Loss=0.1187]
Client 1 - Epoch 1/1:  49%|████▉     | 41/84 [00:10<00:10,  4.04it/s, Loss=0.1187]
Client 1 - Epoch 1/1:  49%|████▉     | 41/84 [00:10<00:10,  4.04it/s, Loss=0.6562]
Client 1 - Epoch 1/1:  50%|█████     | 42/84 [00:10<00:10,  4.05it/s, Loss=0.6562]
Client 1 - Epoch 1/1:  50%|█████     | 42/84 [00:10<00:10,  4.05it/s, Loss=0.2461]
Client 1 - Epoch 1/1:  51%|█████     | 43/84 [00:10<00:10,  4.05it/s, Loss=0.2461]
Client 1 - Epoch 1/1:  51%|█████     | 43/84 [00:10<00:10,  4.05it/s, Loss=0.1953]
Client 1 - Epoch 1/1:  52%|█████▏    | 44/84 [00:10<00:09,  4.05it/s, Loss=0.1953]
Client 1 - Epoch 1/1:  52%|█████▏    | 44/84 [00:11<00:09,  4.05it/s, Loss=0.1445]
Client 1 - Epoch 1/1:  54%|█████▎    | 45/84 [00:11<00:09,  4.05it/s, Loss=0.1445]
Client 1 - Epoch 1/1:  54%|█████▎    | 45/84 [00:11<00:09,  4.05it/s, Loss=0.1650]
Client 1 - Epoch 1/1:  55%|█████▍    | 46/84 [00:11<00:09,  4.05it/s, Loss=0.1650]
Client 1 - Epoch 1/1:  55%|█████▍    | 46/84 [00:11<00:09,  4.05it/s, Loss=0.0737]
Client 1 - Epoch 1/1:  56%|█████▌    | 47/84 [00:11<00:09,  4.05it/s, Loss=0.0737]
Client 1 - Epoch 1/1:  56%|█████▌    | 47/84 [00:11<00:09,  4.05it/s, Loss=0.0500]
Client 1 - Epoch 1/1:  57%|█████▋    | 48/84 [00:11<00:08,  4.06it/s, Loss=0.0500]
Client 1 - Epoch 1/1:  57%|█████▋    | 48/84 [00:12<00:08,  4.06it/s, Loss=0.0469]
Client 1 - Epoch 1/1:  58%|█████▊    | 49/84 [00:12<00:08,  4.05it/s, Loss=0.0469]
Client 1 - Epoch 1/1:  58%|█████▊    | 49/84 [00:12<00:08,  4.05it/s, Loss=0.2051]
Client 1 - Epoch 1/1:  60%|█████▉    | 50/84 [00:12<00:08,  4.05it/s, Loss=0.2051]
Client 1 - Epoch 1/1:  60%|█████▉    | 50/84 [00:12<00:08,  4.05it/s, Loss=0.3945]
Client 1 - Epoch 1/1:  61%|██████    | 51/84 [00:12<00:08,  4.05it/s, Loss=0.3945]
Client 1 - Epoch 1/1:  61%|██████    | 51/84 [00:12<00:08,  4.05it/s, Loss=0.1367]
Client 1 - Epoch 1/1:  62%|██████▏   | 52/84 [00:12<00:07,  4.05it/s, Loss=0.1367]
Client 1 - Epoch 1/1:  62%|██████▏   | 52/84 [00:13<00:07,  4.05it/s, Loss=0.1030]
Client 1 - Epoch 1/1:  63%|██████▎   | 53/84 [00:13<00:07,  4.05it/s, Loss=0.1030]
Client 1 - Epoch 1/1:  63%|██████▎   | 53/84 [00:13<00:07,  4.05it/s, Loss=0.1113]
Client 1 - Epoch 1/1:  64%|██████▍   | 54/84 [00:13<00:07,  4.05it/s, Loss=0.1113]
Client 1 - Epoch 1/1:  64%|██████▍   | 54/84 [00:13<00:07,  4.05it/s, Loss=0.2236]
Client 1 - Epoch 1/1:  65%|██████▌   | 55/84 [00:13<00:07,  4.05it/s, Loss=0.2236]
Client 1 - Epoch 1/1:  65%|██████▌   | 55/84 [00:13<00:07,  4.05it/s, Loss=0.2676]
Client 1 - Epoch 1/1:  67%|██████▋   | 56/84 [00:13<00:06,  4.05it/s, Loss=0.2676]
Client 1 - Epoch 1/1:  67%|██████▋   | 56/84 [00:14<00:06,  4.05it/s, Loss=0.4199]
Client 1 - Epoch 1/1:  68%|██████▊   | 57/84 [00:14<00:06,  4.05it/s, Loss=0.4199]
Client 1 - Epoch 1/1:  68%|██████▊   | 57/84 [00:14<00:06,  4.05it/s, Loss=0.1895]
Client 1 - Epoch 1/1:  69%|██████▉   | 58/84 [00:14<00:06,  4.05it/s, Loss=0.1895]
Client 1 - Epoch 1/1:  69%|██████▉   | 58/84 [00:14<00:06,  4.05it/s, Loss=0.0249]
Client 1 - Epoch 1/1:  70%|███████   | 59/84 [00:14<00:06,  4.05it/s, Loss=0.0249]
Client 1 - Epoch 1/1:  70%|███████   | 59/84 [00:14<00:06,  4.05it/s, Loss=0.5547]
Client 1 - Epoch 1/1:  71%|███████▏  | 60/84 [00:14<00:05,  4.06it/s, Loss=0.5547]
Client 1 - Epoch 1/1:  71%|███████▏  | 60/84 [00:15<00:05,  4.06it/s, Loss=0.0942]
Client 1 - Epoch 1/1:  73%|███████▎  | 61/84 [00:15<00:05,  4.05it/s, Loss=0.0942]
Client 1 - Epoch 1/1:  73%|███████▎  | 61/84 [00:15<00:05,  4.05it/s, Loss=0.1846]
Client 1 - Epoch 1/1:  74%|███████▍  | 62/84 [00:15<00:05,  4.05it/s, Loss=0.1846]
Client 1 - Epoch 1/1:  74%|███████▍  | 62/84 [00:15<00:05,  4.05it/s, Loss=0.0618]
Client 1 - Epoch 1/1:  75%|███████▌  | 63/84 [00:15<00:05,  4.05it/s, Loss=0.0618]
Client 1 - Epoch 1/1:  75%|███████▌  | 63/84 [00:15<00:05,  4.05it/s, Loss=0.0277]
Client 1 - Epoch 1/1:  76%|███████▌  | 64/84 [00:15<00:04,  4.05it/s, Loss=0.0277]
Client 1 - Epoch 1/1:  76%|███████▌  | 64/84 [00:16<00:04,  4.05it/s, Loss=0.1650]
Client 1 - Epoch 1/1:  77%|███████▋  | 65/84 [00:16<00:04,  4.05it/s, Loss=0.1650]
Client 1 - Epoch 1/1:  77%|███████▋  | 65/84 [00:16<00:04,  4.05it/s, Loss=0.2285]
Client 1 - Epoch 1/1:  79%|███████▊  | 66/84 [00:16<00:04,  4.04it/s, Loss=0.2285]
Client 1 - Epoch 1/1:  79%|███████▊  | 66/84 [00:16<00:04,  4.04it/s, Loss=0.0432]
Client 1 - Epoch 1/1:  80%|███████▉  | 67/84 [00:16<00:04,  4.05it/s, Loss=0.0432]
Client 1 - Epoch 1/1:  80%|███████▉  | 67/84 [00:16<00:04,  4.05it/s, Loss=0.0640]
Client 1 - Epoch 1/1:  81%|████████  | 68/84 [00:16<00:03,  4.06it/s, Loss=0.0640]
Client 1 - Epoch 1/1:  81%|████████  | 68/84 [00:17<00:03,  4.06it/s, Loss=0.0986]
Client 1 - Epoch 1/1:  82%|████████▏ | 69/84 [00:17<00:03,  4.05it/s, Loss=0.0986]
Client 1 - Epoch 1/1:  82%|████████▏ | 69/84 [00:17<00:03,  4.05it/s, Loss=0.0322]
Client 1 - Epoch 1/1:  83%|████████▎ | 70/84 [00:17<00:03,  4.05it/s, Loss=0.0322]
Client 1 - Epoch 1/1:  83%|████████▎ | 70/84 [00:17<00:03,  4.05it/s, Loss=0.0354]
Client 1 - Epoch 1/1:  85%|████████▍ | 71/84 [00:17<00:03,  4.05it/s, Loss=0.0354]
Client 1 - Epoch 1/1:  85%|████████▍ | 71/84 [00:17<00:03,  4.05it/s, Loss=0.0864]
Client 1 - Epoch 1/1:  86%|████████▌ | 72/84 [00:17<00:02,  4.05it/s, Loss=0.0864]
Client 1 - Epoch 1/1:  86%|████████▌ | 72/84 [00:18<00:02,  4.05it/s, Loss=0.1221]
Client 1 - Epoch 1/1:  87%|████████▋ | 73/84 [00:18<00:02,  4.06it/s, Loss=0.1221]
Client 1 - Epoch 1/1:  87%|████████▋ | 73/84 [00:18<00:02,  4.06it/s, Loss=0.3457]
Client 1 - Epoch 1/1:  88%|████████▊ | 74/84 [00:18<00:02,  4.06it/s, Loss=0.3457]
Client 1 - Epoch 1/1:  88%|████████▊ | 74/84 [00:18<00:02,  4.06it/s, Loss=0.1079]
Client 1 - Epoch 1/1:  89%|████████▉ | 75/84 [00:18<00:02,  4.06it/s, Loss=0.1079]
Client 1 - Epoch 1/1:  89%|████████▉ | 75/84 [00:18<00:02,  4.06it/s, Loss=0.2021]
Client 1 - Epoch 1/1:  90%|█████████ | 76/84 [00:18<00:01,  4.06it/s, Loss=0.2021]
Client 1 - Epoch 1/1:  90%|█████████ | 76/84 [00:18<00:01,  4.06it/s, Loss=0.1084]
Client 1 - Epoch 1/1:  92%|█████████▏| 77/84 [00:18<00:01,  4.06it/s, Loss=0.1084]
Client 1 - Epoch 1/1:  92%|█████████▏| 77/84 [00:19<00:01,  4.06it/s, Loss=0.5781]
Client 1 - Epoch 1/1:  93%|█████████▎| 78/84 [00:19<00:01,  4.06it/s, Loss=0.5781]
Client 1 - Epoch 1/1:  93%|█████████▎| 78/84 [00:19<00:01,  4.06it/s, Loss=0.0742]
Client 1 - Epoch 1/1:  94%|█████████▍| 79/84 [00:19<00:01,  4.05it/s, Loss=0.0742]
Client 1 - Epoch 1/1:  94%|█████████▍| 79/84 [00:19<00:01,  4.05it/s, Loss=0.0776]
Client 1 - Epoch 1/1:  95%|█████████▌| 80/84 [00:19<00:00,  4.05it/s, Loss=0.0776]
Client 1 - Epoch 1/1:  95%|█████████▌| 80/84 [00:19<00:00,  4.05it/s, Loss=0.0615]
Client 1 - Epoch 1/1:  96%|█████████▋| 81/84 [00:19<00:00,  4.05it/s, Loss=0.0615]
Client 1 - Epoch 1/1:  96%|█████████▋| 81/84 [00:20<00:00,  4.05it/s, Loss=0.2432]
Client 1 - Epoch 1/1:  98%|█████████▊| 82/84 [00:20<00:00,  4.05it/s, Loss=0.2432]
Client 1 - Epoch 1/1:  98%|█████████▊| 82/84 [00:20<00:00,  4.05it/s, Loss=0.0752]
Client 1 - Epoch 1/1:  99%|█████████▉| 83/84 [00:20<00:00,  4.05it/s, Loss=0.0752]
Client 1 - Epoch 1/1:  99%|█████████▉| 83/84 [00:20<00:00,  4.05it/s, Loss=0.1289]
Client 1 - Epoch 1/1: 100%|██████████| 84/84 [00:20<00:00,  4.23it/s, Loss=0.1289]
Client 1 - Epoch 1/1: 100%|██████████| 84/84 [00:20<00:00,  4.06it/s, Loss=0.1289]
Client 1 - Epoch 1/1 | Avg Loss: 0.3313

Client 4 - Epoch 1/1:   0%|          | 0/31 [00:00<?, ?it/s]
Client 4 - Epoch 1/1:   0%|          | 0/31 [00:00<?, ?it/s, Loss=0.6797]
Client 4 - Epoch 1/1:   3%|▎         | 1/31 [00:00<00:07,  4.01it/s, Loss=0.6797]
Client 4 - Epoch 1/1:   3%|▎         | 1/31 [00:00<00:07,  4.01it/s, Loss=0.8516]
Client 4 - Epoch 1/1:   6%|▋         | 2/31 [00:00<00:07,  4.04it/s, Loss=0.8516]
Client 4 - Epoch 1/1:   6%|▋         | 2/31 [00:00<00:07,  4.04it/s, Loss=0.4062]
Client 4 - Epoch 1/1:  10%|▉         | 3/31 [00:00<00:06,  4.04it/s, Loss=0.4062]
Client 4 - Epoch 1/1:  10%|▉         | 3/31 [00:00<00:06,  4.04it/s, Loss=0.6211]
Client 4 - Epoch 1/1:  13%|█▎        | 4/31 [00:00<00:06,  4.05it/s, Loss=0.6211]
Client 4 - Epoch 1/1:  13%|█▎        | 4/31 [00:01<00:06,  4.05it/s, Loss=1.2109]
Client 4 - Epoch 1/1:  16%|█▌        | 5/31 [00:01<00:06,  4.05it/s, Loss=1.2109]
Client 4 - Epoch 1/1:  16%|█▌        | 5/31 [00:01<00:06,  4.05it/s, Loss=0.8555]
Client 4 - Epoch 1/1:  19%|█▉        | 6/31 [00:01<00:06,  4.05it/s, Loss=0.8555]
Client 4 - Epoch 1/1:  19%|█▉        | 6/31 [00:01<00:06,  4.05it/s, Loss=0.5430]
Client 4 - Epoch 1/1:  23%|██▎       | 7/31 [00:01<00:05,  4.05it/s, Loss=0.5430]
Client 4 - Epoch 1/1:  23%|██▎       | 7/31 [00:01<00:05,  4.05it/s, Loss=0.7148]
Client 4 - Epoch 1/1:  26%|██▌       | 8/31 [00:01<00:05,  4.06it/s, Loss=0.7148]
Client 4 - Epoch 1/1:  26%|██▌       | 8/31 [00:02<00:05,  4.06it/s, Loss=0.4570]
Client 4 - Epoch 1/1:  29%|██▉       | 9/31 [00:02<00:05,  4.06it/s, Loss=0.4570]
Client 4 - Epoch 1/1:  29%|██▉       | 9/31 [00:02<00:05,  4.06it/s, Loss=0.4258]
Client 4 - Epoch 1/1:  32%|███▏      | 10/31 [00:02<00:05,  4.06it/s, Loss=0.4258]
Client 4 - Epoch 1/1:  32%|███▏      | 10/31 [00:02<00:05,  4.06it/s, Loss=0.1089]
Client 4 - Epoch 1/1:  35%|███▌      | 11/31 [00:02<00:04,  4.06it/s, Loss=0.1089]
Client 4 - Epoch 1/1:  35%|███▌      | 11/31 [00:02<00:04,  4.06it/s, Loss=1.0078]
Client 4 - Epoch 1/1:  39%|███▊      | 12/31 [00:02<00:04,  4.06it/s, Loss=1.0078]
Client 4 - Epoch 1/1:  39%|███▊      | 12/31 [00:03<00:04,  4.06it/s, Loss=0.2891]
Client 4 - Epoch 1/1:  42%|████▏     | 13/31 [00:03<00:04,  4.06it/s, Loss=0.2891]
Client 4 - Epoch 1/1:  42%|████▏     | 13/31 [00:03<00:04,  4.06it/s, Loss=0.6562]
Client 4 - Epoch 1/1:  45%|████▌     | 14/31 [00:03<00:04,  4.06it/s, Loss=0.6562]
Client 4 - Epoch 1/1:  45%|████▌     | 14/31 [00:03<00:04,  4.06it/s, Loss=0.7852]
Client 4 - Epoch 1/1:  48%|████▊     | 15/31 [00:03<00:03,  4.06it/s, Loss=0.7852]
Client 4 - Epoch 1/1:  48%|████▊     | 15/31 [00:03<00:03,  4.06it/s, Loss=0.4883]
Client 4 - Epoch 1/1:  52%|█████▏    | 16/31 [00:03<00:03,  4.05it/s, Loss=0.4883]
Client 4 - Epoch 1/1:  52%|█████▏    | 16/31 [00:04<00:03,  4.05it/s, Loss=0.9453]
Client 4 - Epoch 1/1:  55%|█████▍    | 17/31 [00:04<00:03,  4.05it/s, Loss=0.9453]
Client 4 - Epoch 1/1:  55%|█████▍    | 17/31 [00:04<00:03,  4.05it/s, Loss=0.2578]
Client 4 - Epoch 1/1:  58%|█████▊    | 18/31 [00:04<00:03,  4.05it/s, Loss=0.2578]
Client 4 - Epoch 1/1:  58%|█████▊    | 18/31 [00:04<00:03,  4.05it/s, Loss=0.5156]
Client 4 - Epoch 1/1:  61%|██████▏   | 19/31 [00:04<00:02,  4.05it/s, Loss=0.5156]
Client 4 - Epoch 1/1:  61%|██████▏   | 19/31 [00:04<00:02,  4.05it/s, Loss=0.2393]
Client 4 - Epoch 1/1:  65%|██████▍   | 20/31 [00:04<00:02,  4.05it/s, Loss=0.2393]
Client 4 - Epoch 1/1:  65%|██████▍   | 20/31 [00:05<00:02,  4.05it/s, Loss=0.3516]
Client 4 - Epoch 1/1:  68%|██████▊   | 21/31 [00:05<00:02,  4.05it/s, Loss=0.3516]
Client 4 - Epoch 1/1:  68%|██████▊   | 21/31 [00:05<00:02,  4.05it/s, Loss=0.6484]
Client 4 - Epoch 1/1:  71%|███████   | 22/31 [00:05<00:02,  4.05it/s, Loss=0.6484]
Client 4 - Epoch 1/1:  71%|███████   | 22/31 [00:05<00:02,  4.05it/s, Loss=0.4922]
Client 4 - Epoch 1/1:  74%|███████▍  | 23/31 [00:05<00:01,  4.06it/s, Loss=0.4922]
Client 4 - Epoch 1/1:  74%|███████▍  | 23/31 [00:05<00:01,  4.06it/s, Loss=0.4648]
Client 4 - Epoch 1/1:  77%|███████▋  | 24/31 [00:05<00:01,  4.06it/s, Loss=0.4648]
Client 4 - Epoch 1/1:  77%|███████▋  | 24/31 [00:06<00:01,  4.06it/s, Loss=0.5195]
Client 4 - Epoch 1/1:  81%|████████  | 25/31 [00:06<00:01,  4.05it/s, Loss=0.5195]
Client 4 - Epoch 1/1:  81%|████████  | 25/31 [00:06<00:01,  4.05it/s, Loss=0.1846]
Client 4 - Epoch 1/1:  84%|████████▍ | 26/31 [00:06<00:01,  4.06it/s, Loss=0.1846]
Client 4 - Epoch 1/1:  84%|████████▍ | 26/31 [00:06<00:01,  4.06it/s, Loss=0.5234]
Client 4 - Epoch 1/1:  87%|████████▋ | 27/31 [00:06<00:00,  4.06it/s, Loss=0.5234]
Client 4 - Epoch 1/1:  87%|████████▋ | 27/31 [00:06<00:00,  4.06it/s, Loss=0.5156]
Client 4 - Epoch 1/1:  90%|█████████ | 28/31 [00:06<00:00,  4.06it/s, Loss=0.5156]
Client 4 - Epoch 1/1:  90%|█████████ | 28/31 [00:07<00:00,  4.06it/s, Loss=0.3711]
Client 4 - Epoch 1/1:  94%|█████████▎| 29/31 [00:07<00:00,  4.06it/s, Loss=0.3711]
Client 4 - Epoch 1/1:  94%|█████████▎| 29/31 [00:07<00:00,  4.06it/s, Loss=0.2754]
Client 4 - Epoch 1/1:  97%|█████████▋| 30/31 [00:07<00:00,  4.06it/s, Loss=0.2754]
Client 4 - Epoch 1/1:  97%|█████████▋| 30/31 [00:07<00:00,  4.06it/s, Loss=0.6328]
Client 4 - Epoch 1/1: 100%|██████████| 31/31 [00:07<00:00,  4.23it/s, Loss=0.6328]
Client 4 - Epoch 1/1: 100%|██████████| 31/31 [00:07<00:00,  4.07it/s, Loss=0.6328]
Client 4 - Epoch 1/1 | Avg Loss: 0.5496

Client 2 - Epoch 1/1:   0%|          | 0/10 [00:00<?, ?it/s]
Client 2 - Epoch 1/1:   0%|          | 0/10 [00:00<?, ?it/s, Loss=0.5117]
Client 2 - Epoch 1/1:  10%|█         | 1/10 [00:00<00:02,  4.06it/s, Loss=0.5117]
Client 2 - Epoch 1/1:  10%|█         | 1/10 [00:00<00:02,  4.06it/s, Loss=0.2441]
Client 2 - Epoch 1/1:  20%|██        | 2/10 [00:00<00:01,  4.06it/s, Loss=0.2441]
Client 2 - Epoch 1/1:  20%|██        | 2/10 [00:00<00:01,  4.06it/s, Loss=0.6289]
Client 2 - Epoch 1/1:  30%|███       | 3/10 [00:00<00:01,  4.04it/s, Loss=0.6289]
Client 2 - Epoch 1/1:  30%|███       | 3/10 [00:00<00:01,  4.04it/s, Loss=0.9648]
Client 2 - Epoch 1/1:  40%|████      | 4/10 [00:00<00:01,  4.05it/s, Loss=0.9648]
Client 2 - Epoch 1/1:  40%|████      | 4/10 [00:01<00:01,  4.05it/s, Loss=0.0752]
Client 2 - Epoch 1/1:  50%|█████     | 5/10 [00:01<00:01,  4.05it/s, Loss=0.0752]
Client 2 - Epoch 1/1:  50%|█████     | 5/10 [00:01<00:01,  4.05it/s, Loss=0.6211]
Client 2 - Epoch 1/1:  60%|██████    | 6/10 [00:01<00:00,  4.05it/s, Loss=0.6211]
Client 2 - Epoch 1/1:  60%|██████    | 6/10 [00:01<00:00,  4.05it/s, Loss=1.1562]
Client 2 - Epoch 1/1:  70%|███████   | 7/10 [00:01<00:00,  4.06it/s, Loss=1.1562]
Client 2 - Epoch 1/1:  70%|███████   | 7/10 [00:01<00:00,  4.06it/s, Loss=0.8359]
Client 2 - Epoch 1/1:  80%|████████  | 8/10 [00:01<00:00,  4.06it/s, Loss=0.8359]
Client 2 - Epoch 1/1:  80%|████████  | 8/10 [00:02<00:00,  4.06it/s, Loss=1.0625]
Client 2 - Epoch 1/1:  90%|█████████ | 9/10 [00:02<00:00,  4.05it/s, Loss=1.0625]
Client 2 - Epoch 1/1:  90%|█████████ | 9/10 [00:02<00:00,  4.05it/s, Loss=0.0535]
Client 2 - Epoch 1/1: 100%|██████████| 10/10 [00:02<00:00,  4.93it/s, Loss=0.0535]
Client 2 - Epoch 1/1: 100%|██████████| 10/10 [00:02<00:00,  4.30it/s, Loss=0.0535]
Client 2 - Epoch 1/1 | Avg Loss: 0.6154

Client 0 - Epoch 1/1:   0%|          | 0/18 [00:00<?, ?it/s]
Client 0 - Epoch 1/1:   0%|          | 0/18 [00:00<?, ?it/s, Loss=0.3633]
Client 0 - Epoch 1/1:   6%|▌         | 1/18 [00:00<00:04,  4.06it/s, Loss=0.3633]
Client 0 - Epoch 1/1:   6%|▌         | 1/18 [00:00<00:04,  4.06it/s, Loss=0.2891]
Client 0 - Epoch 1/1:  11%|█         | 2/18 [00:00<00:03,  4.06it/s, Loss=0.2891]
Client 0 - Epoch 1/1:  11%|█         | 2/18 [00:00<00:03,  4.06it/s, Loss=0.3555]
Client 0 - Epoch 1/1:  17%|█▋        | 3/18 [00:00<00:03,  4.06it/s, Loss=0.3555]
Client 0 - Epoch 1/1:  17%|█▋        | 3/18 [00:00<00:03,  4.06it/s, Loss=0.1953]
Client 0 - Epoch 1/1:  22%|██▏       | 4/18 [00:00<00:03,  4.07it/s, Loss=0.1953]
Client 0 - Epoch 1/1:  22%|██▏       | 4/18 [00:01<00:03,  4.07it/s, Loss=0.5859]
Client 0 - Epoch 1/1:  28%|██▊       | 5/18 [00:01<00:03,  4.07it/s, Loss=0.5859]
Client 0 - Epoch 1/1:  28%|██▊       | 5/18 [00:01<00:03,  4.07it/s, Loss=0.1582]
Client 0 - Epoch 1/1:  33%|███▎      | 6/18 [00:01<00:02,  4.07it/s, Loss=0.1582]
Client 0 - Epoch 1/1:  33%|███▎      | 6/18 [00:01<00:02,  4.07it/s, Loss=0.3867]
Client 0 - Epoch 1/1:  39%|███▉      | 7/18 [00:01<00:02,  4.07it/s, Loss=0.3867]
Client 0 - Epoch 1/1:  39%|███▉      | 7/18 [00:01<00:02,  4.07it/s, Loss=0.2051]
Client 0 - Epoch 1/1:  44%|████▍     | 8/18 [00:01<00:02,  4.06it/s, Loss=0.2051]
Client 0 - Epoch 1/1:  44%|████▍     | 8/18 [00:02<00:02,  4.06it/s, Loss=0.3477]
Client 0 - Epoch 1/1:  50%|█████     | 9/18 [00:02<00:02,  4.06it/s, Loss=0.3477]
Client 0 - Epoch 1/1:  50%|█████     | 9/18 [00:02<00:02,  4.06it/s, Loss=0.2930]
Client 0 - Epoch 1/1:  56%|█████▌    | 10/18 [00:02<00:01,  4.07it/s, Loss=0.2930]
Client 0 - Epoch 1/1:  56%|█████▌    | 10/18 [00:02<00:01,  4.07it/s, Loss=0.0566]
Client 0 - Epoch 1/1:  61%|██████    | 11/18 [00:02<00:01,  4.07it/s, Loss=0.0566]
Client 0 - Epoch 1/1:  61%|██████    | 11/18 [00:02<00:01,  4.07it/s, Loss=0.1123]
Client 0 - Epoch 1/1:  67%|██████▋   | 12/18 [00:02<00:01,  4.06it/s, Loss=0.1123]
Client 0 - Epoch 1/1:  67%|██████▋   | 12/18 [00:03<00:01,  4.06it/s, Loss=0.0408]
Client 0 - Epoch 1/1:  72%|███████▏  | 13/18 [00:03<00:01,  4.07it/s, Loss=0.0408]
Client 0 - Epoch 1/1:  72%|███████▏  | 13/18 [00:03<00:01,  4.07it/s, Loss=0.2197]
Client 0 - Epoch 1/1:  78%|███████▊  | 14/18 [00:03<00:00,  4.06it/s, Loss=0.2197]
Client 0 - Epoch 1/1:  78%|███████▊  | 14/18 [00:03<00:00,  4.06it/s, Loss=0.1387]
Client 0 - Epoch 1/1:  83%|████████▎ | 15/18 [00:03<00:00,  4.06it/s, Loss=0.1387]
Client 0 - Epoch 1/1:  83%|████████▎ | 15/18 [00:03<00:00,  4.06it/s, Loss=0.0718]
Client 0 - Epoch 1/1:  89%|████████▉ | 16/18 [00:03<00:00,  4.06it/s, Loss=0.0718]
Client 0 - Epoch 1/1:  89%|████████▉ | 16/18 [00:04<00:00,  4.06it/s, Loss=0.0425]
Client 0 - Epoch 1/1:  94%|█████████▍| 17/18 [00:04<00:00,  4.06it/s, Loss=0.0425]
Client 0 - Epoch 1/1:  94%|█████████▍| 17/18 [00:04<00:00,  4.06it/s, Loss=0.5898]
Client 0 - Epoch 1/1: 100%|██████████| 18/18 [00:04<00:00,  4.91it/s, Loss=0.5898]
Client 0 - Epoch 1/1: 100%|██████████| 18/18 [00:04<00:00,  4.20it/s, Loss=0.5898]
Client 0 - Epoch 1/1 | Avg Loss: 0.2473

Client 3 - Epoch 1/1:   0%|          | 0/9 [00:00<?, ?it/s]
Client 3 - Epoch 1/1:   0%|          | 0/9 [00:00<?, ?it/s, Loss=2.2031]
Client 3 - Epoch 1/1:  11%|█         | 1/9 [00:00<00:01,  4.01it/s, Loss=2.2031]
Client 3 - Epoch 1/1:  11%|█         | 1/9 [00:00<00:01,  4.01it/s, Loss=0.6406]
Client 3 - Epoch 1/1:  22%|██▏       | 2/9 [00:00<00:01,  4.04it/s, Loss=0.6406]
Client 3 - Epoch 1/1:  22%|██▏       | 2/9 [00:00<00:01,  4.04it/s, Loss=0.6484]
Client 3 - Epoch 1/1:  33%|███▎      | 3/9 [00:00<00:01,  4.05it/s, Loss=0.6484]
Client 3 - Epoch 1/1:  33%|███▎      | 3/9 [00:00<00:01,  4.05it/s, Loss=0.9648]
Client 3 - Epoch 1/1:  44%|████▍     | 4/9 [00:00<00:01,  4.06it/s, Loss=0.9648]
Client 3 - Epoch 1/1:  44%|████▍     | 4/9 [00:01<00:01,  4.06it/s, Loss=0.7148]
Client 3 - Epoch 1/1:  56%|█████▌    | 5/9 [00:01<00:00,  4.05it/s, Loss=0.7148]
Client 3 - Epoch 1/1:  56%|█████▌    | 5/9 [00:01<00:00,  4.05it/s, Loss=0.4961]
Client 3 - Epoch 1/1:  67%|██████▋   | 6/9 [00:01<00:00,  4.05it/s, Loss=0.4961]
Client 3 - Epoch 1/1:  67%|██████▋   | 6/9 [00:01<00:00,  4.05it/s, Loss=0.8125]
Client 3 - Epoch 1/1:  78%|███████▊  | 7/9 [00:01<00:00,  4.05it/s, Loss=0.8125]
Client 3 - Epoch 1/1:  78%|███████▊  | 7/9 [00:01<00:00,  4.05it/s, Loss=0.4277]
Client 3 - Epoch 1/1:  89%|████████▉ | 8/9 [00:01<00:00,  4.06it/s, Loss=0.4277]
Client 3 - Epoch 1/1:  89%|████████▉ | 8/9 [00:02<00:00,  4.06it/s, Loss=0.2617]
Client 3 - Epoch 1/1: 100%|██████████| 9/9 [00:02<00:00,  4.72it/s, Loss=0.2617]
Client 3 - Epoch 1/1: 100%|██████████| 9/9 [00:02<00:00,  4.26it/s, Loss=0.2617]
Client 3 - Epoch 1/1 | Avg Loss: 0.7967

Evaluating normal:   0%|          | 0/100 [00:00<?, ?it/s]
Evaluating normal:   0%|          | 0/100 [00:00<?, ?it/s, Accuracy=62.50%]
Evaluating normal:   1%|          | 1/100 [00:00<00:10,  9.22it/s, Accuracy=62.50%]
Evaluating normal:   1%|          | 1/100 [00:00<00:10,  9.22it/s, Accuracy=75.00%]
Evaluating normal:   2%|▏         | 2/100 [00:00<00:10,  9.18it/s, Accuracy=75.00%]
Evaluating normal:   2%|▏         | 2/100 [00:00<00:10,  9.18it/s, Accuracy=79.17%]
Evaluating normal:   3%|▎         | 3/100 [00:00<00:10,  9.19it/s, Accuracy=79.17%]
Evaluating normal:   3%|▎         | 3/100 [00:00<00:10,  9.19it/s, Accuracy=84.38%]
Evaluating normal:   4%|▍         | 4/100 [00:00<00:10,  9.18it/s, Accuracy=84.38%]
Evaluating normal:   4%|▍         | 4/100 [00:00<00:10,  9.18it/s, Accuracy=80.00%]
Evaluating normal:   5%|▌         | 5/100 [00:00<00:10,  9.20it/s, Accuracy=80.00%]
Evaluating normal:   5%|▌         | 5/100 [00:00<00:10,  9.20it/s, Accuracy=75.00%]
Evaluating normal:   6%|▌         | 6/100 [00:00<00:10,  9.22it/s, Accuracy=75.00%]
Evaluating normal:   6%|▌         | 6/100 [00:00<00:10,  9.22it/s, Accuracy=71.43%]
Evaluating normal:   7%|▋         | 7/100 [00:00<00:10,  9.22it/s, Accuracy=71.43%]
Evaluating normal:   7%|▋         | 7/100 [00:00<00:10,  9.22it/s, Accuracy=71.88%]
Evaluating normal:   8%|▊         | 8/100 [00:00<00:09,  9.23it/s, Accuracy=71.88%]
Evaluating normal:   8%|▊         | 8/100 [00:00<00:09,  9.23it/s, Accuracy=73.61%]
Evaluating normal:   9%|▉         | 9/100 [00:00<00:09,  9.22it/s, Accuracy=73.61%]
Evaluating normal:   9%|▉         | 9/100 [00:01<00:09,  9.22it/s, Accuracy=75.00%]
Evaluating normal:  10%|█         | 10/100 [00:01<00:09,  9.21it/s, Accuracy=75.00%]
Evaluating normal:  10%|█         | 10/100 [00:01<00:09,  9.21it/s, Accuracy=73.86%]
Evaluating normal:  11%|█         | 11/100 [00:01<00:09,  9.21it/s, Accuracy=73.86%]
Evaluating normal:  11%|█         | 11/100 [00:01<00:09,  9.21it/s, Accuracy=72.92%]
Evaluating normal:  12%|█▏        | 12/100 [00:01<00:09,  9.20it/s, Accuracy=72.92%]
Evaluating normal:  12%|█▏        | 12/100 [00:01<00:09,  9.20it/s, Accuracy=73.08%]
Evaluating normal:  13%|█▎        | 13/100 [00:01<00:09,  9.21it/s, Accuracy=73.08%]
Evaluating normal:  13%|█▎        | 13/100 [00:01<00:09,  9.21it/s, Accuracy=72.32%]
Evaluating normal:  14%|█▍        | 14/100 [00:01<00:09,  9.22it/s, Accuracy=72.32%]
Evaluating normal:  14%|█▍        | 14/100 [00:01<00:09,  9.22it/s, Accuracy=71.67%]
Evaluating normal:  15%|█▌        | 15/100 [00:01<00:09,  9.22it/s, Accuracy=71.67%]
Evaluating normal:  15%|█▌        | 15/100 [00:01<00:09,  9.22it/s, Accuracy=71.88%]
Evaluating normal:  16%|█▌        | 16/100 [00:01<00:09,  9.21it/s, Accuracy=71.88%]
Evaluating normal:  16%|█▌        | 16/100 [00:01<00:09,  9.21it/s, Accuracy=71.32%]
Evaluating normal:  17%|█▋        | 17/100 [00:01<00:09,  9.20it/s, Accuracy=71.32%]
Evaluating normal:  17%|█▋        | 17/100 [00:01<00:09,  9.20it/s, Accuracy=70.83%]
Evaluating normal:  18%|█▊        | 18/100 [00:01<00:08,  9.20it/s, Accuracy=70.83%]
Evaluating normal:  18%|█▊        | 18/100 [00:02<00:08,  9.20it/s, Accuracy=69.74%]
Evaluating normal:  19%|█▉        | 19/100 [00:02<00:08,  9.21it/s, Accuracy=69.74%]
Evaluating normal:  19%|█▉        | 19/100 [00:02<00:08,  9.21it/s, Accuracy=71.25%]
Evaluating normal:  20%|██        | 20/100 [00:02<00:08,  9.21it/s, Accuracy=71.25%]
Evaluating normal:  20%|██        | 20/100 [00:02<00:08,  9.21it/s, Accuracy=71.43%]
Evaluating normal:  21%|██        | 21/100 [00:02<00:08,  9.21it/s, Accuracy=71.43%]
Evaluating normal:  21%|██        | 21/100 [00:02<00:08,  9.21it/s, Accuracy=71.02%]
Evaluating normal:  22%|██▏       | 22/100 [00:02<00:08,  9.21it/s, Accuracy=71.02%]
Evaluating normal:  22%|██▏       | 22/100 [00:02<00:08,  9.21it/s, Accuracy=71.20%]
Evaluating normal:  23%|██▎       | 23/100 [00:02<00:08,  9.21it/s, Accuracy=71.20%]
Evaluating normal:  23%|██▎       | 23/100 [00:02<00:08,  9.21it/s, Accuracy=71.88%]
Evaluating normal:  24%|██▍       | 24/100 [00:02<00:08,  9.22it/s, Accuracy=71.88%]
Evaluating normal:  24%|██▍       | 24/100 [00:02<00:08,  9.22it/s, Accuracy=70.50%]
Evaluating normal:  25%|██▌       | 25/100 [00:02<00:08,  9.21it/s, Accuracy=70.50%]
Evaluating normal:  25%|██▌       | 25/100 [00:02<00:08,  9.21it/s, Accuracy=71.63%]
Evaluating normal:  26%|██▌       | 26/100 [00:02<00:08,  9.21it/s, Accuracy=71.63%]
Evaluating normal:  26%|██▌       | 26/100 [00:02<00:08,  9.21it/s, Accuracy=71.30%]
Evaluating normal:  27%|██▋       | 27/100 [00:02<00:07,  9.21it/s, Accuracy=71.30%]
Evaluating normal:  27%|██▋       | 27/100 [00:03<00:07,  9.21it/s, Accuracy=70.54%]
Evaluating normal:  28%|██▊       | 28/100 [00:03<00:07,  9.21it/s, Accuracy=70.54%]
Evaluating normal:  28%|██▊       | 28/100 [00:03<00:07,  9.21it/s, Accuracy=71.55%]
Evaluating normal:  29%|██▉       | 29/100 [00:03<00:07,  9.21it/s, Accuracy=71.55%]
Evaluating normal:  29%|██▉       | 29/100 [00:03<00:07,  9.21it/s, Accuracy=71.25%]
Evaluating normal:  30%|███       | 30/100 [00:03<00:07,  9.21it/s, Accuracy=71.25%]
Evaluating normal:  30%|███       | 30/100 [00:03<00:07,  9.21it/s, Accuracy=70.56%]
Evaluating normal:  31%|███       | 31/100 [00:03<00:07,  9.21it/s, Accuracy=70.56%]
Evaluating normal:  31%|███       | 31/100 [00:03<00:07,  9.21it/s, Accuracy=70.70%]
Evaluating normal:  32%|███▏      | 32/100 [00:03<00:07,  9.21it/s, Accuracy=70.70%]
Evaluating normal:  32%|███▏      | 32/100 [00:03<00:07,  9.21it/s, Accuracy=70.83%]
Evaluating normal:  33%|███▎      | 33/100 [00:03<00:07,  9.21it/s, Accuracy=70.83%]
Evaluating normal:  33%|███▎      | 33/100 [00:03<00:07,  9.21it/s, Accuracy=70.96%]
Evaluating normal:  34%|███▍      | 34/100 [00:03<00:07,  9.22it/s, Accuracy=70.96%]
Evaluating normal:  34%|███▍      | 34/100 [00:03<00:07,  9.22it/s, Accuracy=70.71%]
Evaluating normal:  35%|███▌      | 35/100 [00:03<00:07,  9.24it/s, Accuracy=70.71%]
Evaluating normal:  35%|███▌      | 35/100 [00:03<00:07,  9.24it/s, Accuracy=70.49%]
Evaluating normal:  36%|███▌      | 36/100 [00:03<00:06,  9.25it/s, Accuracy=70.49%]
Evaluating normal:  36%|███▌      | 36/100 [00:04<00:06,  9.25it/s, Accuracy=71.28%]
Evaluating normal:  37%|███▋      | 37/100 [00:04<00:06,  9.26it/s, Accuracy=71.28%]
Evaluating normal:  37%|███▋      | 37/100 [00:04<00:06,  9.26it/s, Accuracy=72.04%]
Evaluating normal:  38%|███▊      | 38/100 [00:04<00:06,  9.27it/s, Accuracy=72.04%]
Evaluating normal:  38%|███▊      | 38/100 [00:04<00:06,  9.27it/s, Accuracy=71.79%]
Evaluating normal:  39%|███▉      | 39/100 [00:04<00:06,  9.27it/s, Accuracy=71.79%]
Evaluating normal:  39%|███▉      | 39/100 [00:04<00:06,  9.27it/s, Accuracy=71.88%]
Evaluating normal:  40%|████      | 40/100 [00:04<00:06,  9.27it/s, Accuracy=71.88%]
Evaluating normal:  40%|████      | 40/100 [00:04<00:06,  9.27it/s, Accuracy=71.95%]
Evaluating normal:  41%|████      | 41/100 [00:04<00:06,  9.27it/s, Accuracy=71.95%]
Evaluating normal:  41%|████      | 41/100 [00:04<00:06,  9.27it/s, Accuracy=72.02%]
Evaluating normal:  42%|████▏     | 42/100 [00:04<00:06,  9.26it/s, Accuracy=72.02%]
Evaluating normal:  42%|████▏     | 42/100 [00:04<00:06,  9.26it/s, Accuracy=72.09%]
Evaluating normal:  43%|████▎     | 43/100 [00:04<00:06,  9.27it/s, Accuracy=72.09%]
Evaluating normal:  43%|████▎     | 43/100 [00:04<00:06,  9.27it/s, Accuracy=72.16%]
Evaluating normal:  44%|████▍     | 44/100 [00:04<00:06,  9.28it/s, Accuracy=72.16%]
Evaluating normal:  44%|████▍     | 44/100 [00:04<00:06,  9.28it/s, Accuracy=72.50%]
Evaluating normal:  45%|████▌     | 45/100 [00:04<00:05,  9.27it/s, Accuracy=72.50%]
Evaluating normal:  45%|████▌     | 45/100 [00:04<00:05,  9.27it/s, Accuracy=73.10%]
Evaluating normal:  46%|████▌     | 46/100 [00:04<00:05,  9.26it/s, Accuracy=73.10%]
Evaluating normal:  46%|████▌     | 46/100 [00:05<00:05,  9.26it/s, Accuracy=73.14%]
Evaluating normal:  47%|████▋     | 47/100 [00:05<00:05,  9.26it/s, Accuracy=73.14%]
Evaluating normal:  47%|████▋     | 47/100 [00:05<00:05,  9.26it/s, Accuracy=73.44%]
Evaluating normal:  48%|████▊     | 48/100 [00:05<00:05,  9.26it/s, Accuracy=73.44%]
Evaluating normal:  48%|████▊     | 48/100 [00:05<00:05,  9.26it/s, Accuracy=73.72%]
Evaluating normal:  49%|████▉     | 49/100 [00:05<00:05,  9.27it/s, Accuracy=73.72%]
Evaluating normal:  49%|████▉     | 49/100 [00:05<00:05,  9.27it/s, Accuracy=73.50%]
Evaluating normal:  50%|█████     | 50/100 [00:05<00:05,  9.26it/s, Accuracy=73.50%]
Evaluating normal:  50%|█████     | 50/100 [00:05<00:05,  9.26it/s, Accuracy=73.28%]
Evaluating normal:  51%|█████     | 51/100 [00:05<00:05,  9.27it/s, Accuracy=73.28%]
Evaluating normal:  51%|█████     | 51/100 [00:05<00:05,  9.27it/s, Accuracy=73.08%]
Evaluating normal:  52%|█████▏    | 52/100 [00:05<00:05,  9.26it/s, Accuracy=73.08%]
Evaluating normal:  52%|█████▏    | 52/100 [00:05<00:05,  9.26it/s, Accuracy=72.64%]
Evaluating normal:  53%|█████▎    | 53/100 [00:05<00:05,  9.27it/s, Accuracy=72.64%]
Evaluating normal:  53%|█████▎    | 53/100 [00:05<00:05,  9.27it/s, Accuracy=72.69%]
Evaluating normal:  54%|█████▍    | 54/100 [00:05<00:04,  9.25it/s, Accuracy=72.69%]
Evaluating normal:  54%|█████▍    | 54/100 [00:05<00:04,  9.25it/s, Accuracy=72.95%]
Evaluating normal:  55%|█████▌    | 55/100 [00:05<00:04,  9.26it/s, Accuracy=72.95%]
Evaluating normal:  55%|█████▌    | 55/100 [00:06<00:04,  9.26it/s, Accuracy=72.99%]
Evaluating normal:  56%|█████▌    | 56/100 [00:06<00:04,  9.26it/s, Accuracy=72.99%]
Evaluating normal:  56%|█████▌    | 56/100 [00:06<00:04,  9.26it/s, Accuracy=73.46%]
Evaluating normal:  57%|█████▋    | 57/100 [00:06<00:04,  9.26it/s, Accuracy=73.46%]
Evaluating normal:  57%|█████▋    | 57/100 [00:06<00:04,  9.26it/s, Accuracy=73.06%]
Evaluating normal:  58%|█████▊    | 58/100 [00:06<00:04,  9.26it/s, Accuracy=73.06%]
Evaluating normal:  58%|█████▊    | 58/100 [00:06<00:04,  9.26it/s, Accuracy=72.67%]
Evaluating normal:  59%|█████▉    | 59/100 [00:06<00:04,  9.24it/s, Accuracy=72.67%]
Evaluating normal:  59%|█████▉    | 59/100 [00:06<00:04,  9.24it/s, Accuracy=72.71%]
Evaluating normal:  60%|██████    | 60/100 [00:06<00:04,  9.25it/s, Accuracy=72.71%]
Evaluating normal:  60%|██████    | 60/100 [00:06<00:04,  9.25it/s, Accuracy=73.16%]
Evaluating normal:  61%|██████    | 61/100 [00:06<00:04,  9.24it/s, Accuracy=73.16%]
Evaluating normal:  61%|██████    | 61/100 [00:06<00:04,  9.24it/s, Accuracy=73.39%]
Evaluating normal:  62%|██████▏   | 62/100 [00:06<00:04,  9.25it/s, Accuracy=73.39%]
Evaluating normal:  62%|██████▏   | 62/100 [00:06<00:04,  9.25it/s, Accuracy=73.61%]
Evaluating normal:  63%|██████▎   | 63/100 [00:06<00:04,  9.22it/s, Accuracy=73.61%]
Evaluating normal:  63%|██████▎   | 63/100 [00:06<00:04,  9.22it/s, Accuracy=74.02%]
Evaluating normal:  64%|██████▍   | 64/100 [00:06<00:03,  9.13it/s, Accuracy=74.02%]
Evaluating normal:  64%|██████▍   | 64/100 [00:07<00:03,  9.13it/s, Accuracy=74.23%]
Evaluating normal:  65%|██████▌   | 65/100 [00:07<00:03,  9.16it/s, Accuracy=74.23%]
Evaluating normal:  65%|██████▌   | 65/100 [00:07<00:03,  9.16it/s, Accuracy=74.05%]
Evaluating normal:  66%|██████▌   | 66/100 [00:07<00:03,  9.19it/s, Accuracy=74.05%]
Evaluating normal:  66%|██████▌   | 66/100 [00:07<00:03,  9.19it/s, Accuracy=73.69%]
Evaluating normal:  67%|██████▋   | 67/100 [00:07<00:03,  9.22it/s, Accuracy=73.69%]
Evaluating normal:  67%|██████▋   | 67/100 [00:07<00:03,  9.22it/s, Accuracy=74.08%]
Evaluating normal:  68%|██████▊   | 68/100 [00:07<00:03,  9.22it/s, Accuracy=74.08%]
Evaluating normal:  68%|██████▊   | 68/100 [00:07<00:03,  9.22it/s, Accuracy=74.28%]
Evaluating normal:  69%|██████▉   | 69/100 [00:07<00:03,  9.23it/s, Accuracy=74.28%]
Evaluating normal:  69%|██████▉   | 69/100 [00:07<00:03,  9.23it/s, Accuracy=74.46%]
Evaluating normal:  70%|███████   | 70/100 [00:07<00:03,  9.25it/s, Accuracy=74.46%]
Evaluating normal:  70%|███████   | 70/100 [00:07<00:03,  9.25it/s, Accuracy=74.30%]
Evaluating normal:  71%|███████   | 71/100 [00:07<00:03,  9.25it/s, Accuracy=74.30%]
Evaluating normal:  71%|███████   | 71/100 [00:07<00:03,  9.25it/s, Accuracy=74.65%]
Evaluating normal:  72%|███████▏  | 72/100 [00:07<00:03,  9.25it/s, Accuracy=74.65%]
Evaluating normal:  72%|███████▏  | 72/100 [00:07<00:03,  9.25it/s, Accuracy=74.83%]
Evaluating normal:  73%|███████▎  | 73/100 [00:07<00:02,  9.25it/s, Accuracy=74.83%]
Evaluating normal:  73%|███████▎  | 73/100 [00:08<00:02,  9.25it/s, Accuracy=74.32%]
Evaluating normal:  74%|███████▍  | 74/100 [00:08<00:02,  9.26it/s, Accuracy=74.32%]
Evaluating normal:  74%|███████▍  | 74/100 [00:08<00:02,  9.26it/s, Accuracy=74.33%]
Evaluating normal:  75%|███████▌  | 75/100 [00:08<00:02,  9.26it/s, Accuracy=74.33%]
Evaluating normal:  75%|███████▌  | 75/100 [00:08<00:02,  9.26it/s, Accuracy=74.51%]
Evaluating normal:  76%|███████▌  | 76/100 [00:08<00:02,  9.26it/s, Accuracy=74.51%]
Evaluating normal:  76%|███████▌  | 76/100 [00:08<00:02,  9.26it/s, Accuracy=74.68%]
Evaluating normal:  77%|███████▋  | 77/100 [00:08<00:02,  9.26it/s, Accuracy=74.68%]
Evaluating normal:  77%|███████▋  | 77/100 [00:08<00:02,  9.26it/s, Accuracy=74.52%]
Evaluating normal:  78%|███████▊  | 78/100 [00:08<00:02,  9.25it/s, Accuracy=74.52%]
Evaluating normal:  78%|███████▊  | 78/100 [00:08<00:02,  9.25it/s, Accuracy=74.21%]
Evaluating normal:  79%|███████▉  | 79/100 [00:08<00:02,  9.26it/s, Accuracy=74.21%]
Evaluating normal:  79%|███████▉  | 79/100 [00:08<00:02,  9.26it/s, Accuracy=74.38%]
Evaluating normal:  80%|████████  | 80/100 [00:08<00:02,  9.26it/s, Accuracy=74.38%]
Evaluating normal:  80%|████████  | 80/100 [00:08<00:02,  9.26it/s, Accuracy=74.38%]
Evaluating normal:  81%|████████  | 81/100 [00:08<00:02,  9.24it/s, Accuracy=74.38%]
Evaluating normal:  81%|████████  | 81/100 [00:08<00:02,  9.24it/s, Accuracy=74.54%]
Evaluating normal:  82%|████████▏ | 82/100 [00:08<00:01,  9.17it/s, Accuracy=74.54%]
Evaluating normal:  82%|████████▏ | 82/100 [00:08<00:01,  9.17it/s, Accuracy=74.70%]
Evaluating normal:  83%|████████▎ | 83/100 [00:08<00:01,  9.19it/s, Accuracy=74.70%]
Evaluating normal:  83%|████████▎ | 83/100 [00:09<00:01,  9.19it/s, Accuracy=74.70%]
Evaluating normal:  84%|████████▍ | 84/100 [00:09<00:01,  9.21it/s, Accuracy=74.70%]
Evaluating normal:  84%|████████▍ | 84/100 [00:09<00:01,  9.21it/s, Accuracy=74.71%]
Evaluating normal:  85%|████████▌ | 85/100 [00:09<00:01,  9.20it/s, Accuracy=74.71%]
Evaluating normal:  85%|████████▌ | 85/100 [00:09<00:01,  9.20it/s, Accuracy=74.27%]
Evaluating normal:  86%|████████▌ | 86/100 [00:09<00:01,  9.21it/s, Accuracy=74.27%]
Evaluating normal:  86%|████████▌ | 86/100 [00:09<00:01,  9.21it/s, Accuracy=73.99%]
Evaluating normal:  87%|████████▋ | 87/100 [00:09<00:01,  9.22it/s, Accuracy=73.99%]
Evaluating normal:  87%|████████▋ | 87/100 [00:09<00:01,  9.22it/s, Accuracy=74.01%]
Evaluating normal:  88%|████████▊ | 88/100 [00:09<00:01,  9.23it/s, Accuracy=74.01%]
Evaluating normal:  88%|████████▊ | 88/100 [00:09<00:01,  9.23it/s, Accuracy=74.30%]
Evaluating normal:  89%|████████▉ | 89/100 [00:09<00:01,  9.24it/s, Accuracy=74.30%]
Evaluating normal:  89%|████████▉ | 89/100 [00:09<00:01,  9.24it/s, Accuracy=74.44%]
Evaluating normal:  90%|█████████ | 90/100 [00:09<00:01,  9.24it/s, Accuracy=74.44%]
Evaluating normal:  90%|█████████ | 90/100 [00:09<00:01,  9.24it/s, Accuracy=74.31%]
Evaluating normal:  91%|█████████ | 91/100 [00:09<00:00,  9.22it/s, Accuracy=74.31%]
Evaluating normal:  91%|█████████ | 91/100 [00:09<00:00,  9.22it/s, Accuracy=74.59%]
Evaluating normal:  92%|█████████▏| 92/100 [00:09<00:00,  9.24it/s, Accuracy=74.59%]
Evaluating normal:  92%|█████████▏| 92/100 [00:10<00:00,  9.24it/s, Accuracy=74.33%]
Evaluating normal:  93%|█████████▎| 93/100 [00:10<00:00,  9.25it/s, Accuracy=74.33%]
Evaluating normal:  93%|█████████▎| 93/100 [00:10<00:00,  9.25it/s, Accuracy=74.34%]
Evaluating normal:  94%|█████████▍| 94/100 [00:10<00:00,  9.25it/s, Accuracy=74.34%]
Evaluating normal:  94%|█████████▍| 94/100 [00:10<00:00,  9.25it/s, Accuracy=74.08%]
Evaluating normal:  95%|█████████▌| 95/100 [00:10<00:00,  9.25it/s, Accuracy=74.08%]
Evaluating normal:  95%|█████████▌| 95/100 [00:10<00:00,  9.25it/s, Accuracy=74.09%]
Evaluating normal:  96%|█████████▌| 96/100 [00:10<00:00,  9.24it/s, Accuracy=74.09%]
Evaluating normal:  96%|█████████▌| 96/100 [00:10<00:00,  9.24it/s, Accuracy=74.10%]
Evaluating normal:  97%|█████████▋| 97/100 [00:10<00:00,  9.22it/s, Accuracy=74.10%]
Evaluating normal:  97%|█████████▋| 97/100 [00:10<00:00,  9.22it/s, Accuracy=73.98%]
Evaluating normal:  98%|█████████▊| 98/100 [00:10<00:00,  9.24it/s, Accuracy=73.98%]
Evaluating normal:  98%|█████████▊| 98/100 [00:10<00:00,  9.24it/s, Accuracy=73.74%]
Evaluating normal:  99%|█████████▉| 99/100 [00:10<00:00,  9.25it/s, Accuracy=73.74%]
Evaluating normal:  99%|█████████▉| 99/100 [00:10<00:00,  9.25it/s, Accuracy=73.88%]
Evaluating normal: 100%|██████████| 100/100 [00:10<00:00,  9.24it/s, Accuracy=73.88%]
Evaluating normal: 100%|██████████| 100/100 [00:10<00:00,  9.23it/s, Accuracy=73.88%]
Test Accuracy (Normal): 0.7388

Evaluating adversarial:   0%|          | 0/100 [00:00<?, ?it/s]
Evaluating adversarial:   0%|          | 0/100 [00:00<?, ?it/s, Accuracy=0.00%]
Evaluating adversarial:   1%|          | 1/100 [00:00<00:34,  2.85it/s, Accuracy=0.00%]
Evaluating adversarial:   1%|          | 1/100 [00:00<00:34,  2.85it/s, Accuracy=0.00%]
Evaluating adversarial:   2%|▏         | 2/100 [00:00<00:34,  2.85it/s, Accuracy=0.00%]
Evaluating adversarial:   2%|▏         | 2/100 [00:01<00:34,  2.85it/s, Accuracy=0.00%]
Evaluating adversarial:   3%|▎         | 3/100 [00:01<00:34,  2.85it/s, Accuracy=0.00%]
Evaluating adversarial:   3%|▎         | 3/100 [00:01<00:34,  2.85it/s, Accuracy=0.00%]
Evaluating adversarial:   4%|▍         | 4/100 [00:01<00:33,  2.84it/s, Accuracy=0.00%]
Evaluating adversarial:   4%|▍         | 4/100 [00:01<00:33,  2.84it/s, Accuracy=0.00%]
Evaluating adversarial:   5%|▌         | 5/100 [00:01<00:33,  2.85it/s, Accuracy=0.00%]
Evaluating adversarial:   5%|▌         | 5/100 [00:02<00:33,  2.85it/s, Accuracy=0.00%]
Evaluating adversarial:   6%|▌         | 6/100 [00:02<00:33,  2.84it/s, Accuracy=0.00%]
Evaluating adversarial:   6%|▌         | 6/100 [00:02<00:33,  2.84it/s, Accuracy=0.00%]
Evaluating adversarial:   7%|▋         | 7/100 [00:02<00:32,  2.85it/s, Accuracy=0.00%]
Evaluating adversarial:   7%|▋         | 7/100 [00:02<00:32,  2.85it/s, Accuracy=0.00%]
Evaluating adversarial:   8%|▊         | 8/100 [00:02<00:32,  2.84it/s, Accuracy=0.00%]
Evaluating adversarial:   8%|▊         | 8/100 [00:03<00:32,  2.84it/s, Accuracy=0.00%]
Evaluating adversarial:   9%|▉         | 9/100 [00:03<00:32,  2.84it/s, Accuracy=0.00%]
Evaluating adversarial:   9%|▉         | 9/100 [00:03<00:32,  2.84it/s, Accuracy=0.00%]
Evaluating adversarial:  10%|█         | 10/100 [00:03<00:31,  2.84it/s, Accuracy=0.00%]
Evaluating adversarial:  10%|█         | 10/100 [00:03<00:31,  2.84it/s, Accuracy=0.00%]
Evaluating adversarial:  11%|█         | 11/100 [00:03<00:31,  2.84it/s, Accuracy=0.00%]
Evaluating adversarial:  11%|█         | 11/100 [00:04<00:31,  2.84it/s, Accuracy=0.00%]
Evaluating adversarial:  12%|█▏        | 12/100 [00:04<00:31,  2.84it/s, Accuracy=0.00%]
Evaluating adversarial:  12%|█▏        | 12/100 [00:04<00:31,  2.84it/s, Accuracy=0.00%]
Evaluating adversarial:  13%|█▎        | 13/100 [00:04<00:30,  2.84it/s, Accuracy=0.00%]
Evaluating adversarial:  13%|█▎        | 13/100 [00:04<00:30,  2.84it/s, Accuracy=0.00%]
Evaluating adversarial:  14%|█▍        | 14/100 [00:04<00:30,  2.84it/s, Accuracy=0.00%]
Evaluating adversarial:  14%|█▍        | 14/100 [00:05<00:30,  2.84it/s, Accuracy=0.00%]
Evaluating adversarial:  15%|█▌        | 15/100 [00:05<00:29,  2.84it/s, Accuracy=0.00%]
Evaluating adversarial:  15%|█▌        | 15/100 [00:05<00:29,  2.84it/s, Accuracy=0.00%]
Evaluating adversarial:  16%|█▌        | 16/100 [00:05<00:29,  2.84it/s, Accuracy=0.00%]
Evaluating adversarial:  16%|█▌        | 16/100 [00:05<00:29,  2.84it/s, Accuracy=0.00%]
Evaluating adversarial:  17%|█▋        | 17/100 [00:05<00:29,  2.84it/s, Accuracy=0.00%]
Evaluating adversarial:  17%|█▋        | 17/100 [00:06<00:29,  2.84it/s, Accuracy=0.00%]
Evaluating adversarial:  18%|█▊        | 18/100 [00:06<00:28,  2.84it/s, Accuracy=0.00%]
Evaluating adversarial:  18%|█▊        | 18/100 [00:06<00:28,  2.84it/s, Accuracy=0.00%]
Evaluating adversarial:  19%|█▉        | 19/100 [00:06<00:28,  2.84it/s, Accuracy=0.00%]
Evaluating adversarial:  19%|█▉        | 19/100 [00:07<00:28,  2.84it/s, Accuracy=0.00%]
Evaluating adversarial:  20%|██        | 20/100 [00:07<00:28,  2.84it/s, Accuracy=0.00%]
Evaluating adversarial:  20%|██        | 20/100 [00:07<00:28,  2.84it/s, Accuracy=0.00%]
Evaluating adversarial:  21%|██        | 21/100 [00:07<00:27,  2.84it/s, Accuracy=0.00%]
Evaluating adversarial:  21%|██        | 21/100 [00:07<00:27,  2.84it/s, Accuracy=0.00%]
Evaluating adversarial:  22%|██▏       | 22/100 [00:07<00:27,  2.83it/s, Accuracy=0.00%]
Evaluating adversarial:  22%|██▏       | 22/100 [00:08<00:27,  2.83it/s, Accuracy=0.00%]
Evaluating adversarial:  23%|██▎       | 23/100 [00:08<00:27,  2.83it/s, Accuracy=0.00%]
Evaluating adversarial:  23%|██▎       | 23/100 [00:08<00:27,  2.83it/s, Accuracy=0.00%]
Evaluating adversarial:  24%|██▍       | 24/100 [00:08<00:26,  2.83it/s, Accuracy=0.00%]
Evaluating adversarial:  24%|██▍       | 24/100 [00:08<00:26,  2.83it/s, Accuracy=0.00%]
Evaluating adversarial:  25%|██▌       | 25/100 [00:08<00:26,  2.83it/s, Accuracy=0.00%]
Evaluating adversarial:  25%|██▌       | 25/100 [00:09<00:26,  2.83it/s, Accuracy=0.00%]
Evaluating adversarial:  26%|██▌       | 26/100 [00:09<00:26,  2.83it/s, Accuracy=0.00%]
Evaluating adversarial:  26%|██▌       | 26/100 [00:09<00:26,  2.83it/s, Accuracy=0.00%]
Evaluating adversarial:  27%|██▋       | 27/100 [00:09<00:25,  2.83it/s, Accuracy=0.00%]
Evaluating adversarial:  27%|██▋       | 27/100 [00:09<00:25,  2.83it/s, Accuracy=0.00%]
Evaluating adversarial:  28%|██▊       | 28/100 [00:09<00:25,  2.83it/s, Accuracy=0.00%]
Evaluating adversarial:  28%|██▊       | 28/100 [00:10<00:25,  2.83it/s, Accuracy=0.00%]
Evaluating adversarial:  29%|██▉       | 29/100 [00:10<00:25,  2.83it/s, Accuracy=0.00%]
Evaluating adversarial:  29%|██▉       | 29/100 [00:10<00:25,  2.83it/s, Accuracy=0.00%]
Evaluating adversarial:  30%|███       | 30/100 [00:10<00:24,  2.83it/s, Accuracy=0.00%]
Evaluating adversarial:  30%|███       | 30/100 [00:10<00:24,  2.83it/s, Accuracy=0.00%]
Evaluating adversarial:  31%|███       | 31/100 [00:10<00:24,  2.82it/s, Accuracy=0.00%]
Evaluating adversarial:  31%|███       | 31/100 [00:11<00:24,  2.82it/s, Accuracy=0.00%]
Evaluating adversarial:  32%|███▏      | 32/100 [00:11<00:24,  2.82it/s, Accuracy=0.00%]
Evaluating adversarial:  32%|███▏      | 32/100 [00:11<00:24,  2.82it/s, Accuracy=0.00%]
Evaluating adversarial:  33%|███▎      | 33/100 [00:11<00:23,  2.82it/s, Accuracy=0.00%]
Evaluating adversarial:  33%|███▎      | 33/100 [00:11<00:23,  2.82it/s, Accuracy=0.00%]
Evaluating adversarial:  34%|███▍      | 34/100 [00:11<00:23,  2.82it/s, Accuracy=0.00%]
Evaluating adversarial:  34%|███▍      | 34/100 [00:12<00:23,  2.82it/s, Accuracy=0.00%]
Evaluating adversarial:  35%|███▌      | 35/100 [00:12<00:22,  2.83it/s, Accuracy=0.00%]
Evaluating adversarial:  35%|███▌      | 35/100 [00:12<00:22,  2.83it/s, Accuracy=0.00%]
Evaluating adversarial:  36%|███▌      | 36/100 [00:12<00:22,  2.83it/s, Accuracy=0.00%]
Evaluating adversarial:  36%|███▌      | 36/100 [00:13<00:22,  2.83it/s, Accuracy=0.00%]
Evaluating adversarial:  37%|███▋      | 37/100 [00:13<00:22,  2.83it/s, Accuracy=0.00%]
Evaluating adversarial:  37%|███▋      | 37/100 [00:13<00:22,  2.83it/s, Accuracy=0.00%]
Evaluating adversarial:  38%|███▊      | 38/100 [00:13<00:21,  2.83it/s, Accuracy=0.00%]
Evaluating adversarial:  38%|███▊      | 38/100 [00:13<00:21,  2.83it/s, Accuracy=0.00%]
Evaluating adversarial:  39%|███▉      | 39/100 [00:13<00:21,  2.83it/s, Accuracy=0.00%]
Evaluating adversarial:  39%|███▉      | 39/100 [00:14<00:21,  2.83it/s, Accuracy=0.00%]
Evaluating adversarial:  40%|████      | 40/100 [00:14<00:21,  2.83it/s, Accuracy=0.00%]
Evaluating adversarial:  40%|████      | 40/100 [00:14<00:21,  2.83it/s, Accuracy=0.00%]
Evaluating adversarial:  41%|████      | 41/100 [00:14<00:20,  2.83it/s, Accuracy=0.00%]
Evaluating adversarial:  41%|████      | 41/100 [00:14<00:20,  2.83it/s, Accuracy=0.00%]
Evaluating adversarial:  42%|████▏     | 42/100 [00:14<00:20,  2.83it/s, Accuracy=0.00%]
Evaluating adversarial:  42%|████▏     | 42/100 [00:15<00:20,  2.83it/s, Accuracy=0.00%]
Evaluating adversarial:  43%|████▎     | 43/100 [00:15<00:20,  2.83it/s, Accuracy=0.00%]
Evaluating adversarial:  43%|████▎     | 43/100 [00:15<00:20,  2.83it/s, Accuracy=0.00%]
Evaluating adversarial:  44%|████▍     | 44/100 [00:15<00:19,  2.83it/s, Accuracy=0.00%]
Evaluating adversarial:  44%|████▍     | 44/100 [00:15<00:19,  2.83it/s, Accuracy=0.00%]
Evaluating adversarial:  45%|████▌     | 45/100 [00:15<00:19,  2.83it/s, Accuracy=0.00%]
Evaluating adversarial:  45%|████▌     | 45/100 [00:16<00:19,  2.83it/s, Accuracy=0.00%]
Evaluating adversarial:  46%|████▌     | 46/100 [00:16<00:19,  2.83it/s, Accuracy=0.00%]
Evaluating adversarial:  46%|████▌     | 46/100 [00:16<00:19,  2.83it/s, Accuracy=0.00%]
Evaluating adversarial:  47%|████▋     | 47/100 [00:16<00:18,  2.83it/s, Accuracy=0.00%]
Evaluating adversarial:  47%|████▋     | 47/100 [00:16<00:18,  2.83it/s, Accuracy=0.00%]
Evaluating adversarial:  48%|████▊     | 48/100 [00:16<00:18,  2.83it/s, Accuracy=0.00%]
Evaluating adversarial:  48%|████▊     | 48/100 [00:17<00:18,  2.83it/s, Accuracy=0.00%]
Evaluating adversarial:  49%|████▉     | 49/100 [00:17<00:18,  2.83it/s, Accuracy=0.00%]
Evaluating adversarial:  49%|████▉     | 49/100 [00:17<00:18,  2.83it/s, Accuracy=0.00%]
Evaluating adversarial:  50%|█████     | 50/100 [00:17<00:17,  2.83it/s, Accuracy=0.00%]
Evaluating adversarial:  50%|█████     | 50/100 [00:18<00:17,  2.83it/s, Accuracy=0.00%]
Evaluating adversarial:  51%|█████     | 51/100 [00:18<00:17,  2.83it/s, Accuracy=0.00%]
Evaluating adversarial:  51%|█████     | 51/100 [00:18<00:17,  2.83it/s, Accuracy=0.00%]
Evaluating adversarial:  52%|█████▏    | 52/100 [00:18<00:16,  2.83it/s, Accuracy=0.00%]
Evaluating adversarial:  52%|█████▏    | 52/100 [00:18<00:16,  2.83it/s, Accuracy=0.00%]
Evaluating adversarial:  53%|█████▎    | 53/100 [00:18<00:16,  2.83it/s, Accuracy=0.00%]
Evaluating adversarial:  53%|█████▎    | 53/100 [00:19<00:16,  2.83it/s, Accuracy=0.00%]
Evaluating adversarial:  54%|█████▍    | 54/100 [00:19<00:16,  2.83it/s, Accuracy=0.00%]
Evaluating adversarial:  54%|█████▍    | 54/100 [00:19<00:16,  2.83it/s, Accuracy=0.00%]
Evaluating adversarial:  55%|█████▌    | 55/100 [00:19<00:15,  2.83it/s, Accuracy=0.00%]
Evaluating adversarial:  55%|█████▌    | 55/100 [00:19<00:15,  2.83it/s, Accuracy=0.00%]
Evaluating adversarial:  56%|█████▌    | 56/100 [00:19<00:15,  2.83it/s, Accuracy=0.00%]
Evaluating adversarial:  56%|█████▌    | 56/100 [00:20<00:15,  2.83it/s, Accuracy=0.00%]
Evaluating adversarial:  57%|█████▋    | 57/100 [00:20<00:15,  2.83it/s, Accuracy=0.00%]
Evaluating adversarial:  57%|█████▋    | 57/100 [00:20<00:15,  2.83it/s, Accuracy=0.00%]
Evaluating adversarial:  58%|█████▊    | 58/100 [00:20<00:14,  2.82it/s, Accuracy=0.00%]
Evaluating adversarial:  58%|█████▊    | 58/100 [00:20<00:14,  2.82it/s, Accuracy=0.00%]
Evaluating adversarial:  59%|█████▉    | 59/100 [00:20<00:14,  2.81it/s, Accuracy=0.00%]
Evaluating adversarial:  59%|█████▉    | 59/100 [00:21<00:14,  2.81it/s, Accuracy=0.00%]
Evaluating adversarial:  60%|██████    | 60/100 [00:21<00:14,  2.81it/s, Accuracy=0.00%]
Evaluating adversarial:  60%|██████    | 60/100 [00:21<00:14,  2.81it/s, Accuracy=0.00%]
Evaluating adversarial:  61%|██████    | 61/100 [00:21<00:13,  2.81it/s, Accuracy=0.00%]
Evaluating adversarial:  61%|██████    | 61/100 [00:21<00:13,  2.81it/s, Accuracy=0.00%]
Evaluating adversarial:  62%|██████▏   | 62/100 [00:21<00:13,  2.81it/s, Accuracy=0.00%]
Evaluating adversarial:  62%|██████▏   | 62/100 [00:22<00:13,  2.81it/s, Accuracy=0.00%]
Evaluating adversarial:  63%|██████▎   | 63/100 [00:22<00:13,  2.82it/s, Accuracy=0.00%]
Evaluating adversarial:  63%|██████▎   | 63/100 [00:22<00:13,  2.82it/s, Accuracy=0.00%]
Evaluating adversarial:  64%|██████▍   | 64/100 [00:22<00:12,  2.82it/s, Accuracy=0.00%]
Evaluating adversarial:  64%|██████▍   | 64/100 [00:22<00:12,  2.82it/s, Accuracy=0.00%]
Evaluating adversarial:  65%|██████▌   | 65/100 [00:22<00:12,  2.82it/s, Accuracy=0.00%]
Evaluating adversarial:  65%|██████▌   | 65/100 [00:23<00:12,  2.82it/s, Accuracy=0.00%]
Evaluating adversarial:  66%|██████▌   | 66/100 [00:23<00:12,  2.82it/s, Accuracy=0.00%]
Evaluating adversarial:  66%|██████▌   | 66/100 [00:23<00:12,  2.82it/s, Accuracy=0.00%]
Evaluating adversarial:  67%|██████▋   | 67/100 [00:23<00:11,  2.82it/s, Accuracy=0.00%]
Evaluating adversarial:  67%|██████▋   | 67/100 [00:24<00:11,  2.82it/s, Accuracy=0.00%]
Evaluating adversarial:  68%|██████▊   | 68/100 [00:24<00:11,  2.82it/s, Accuracy=0.00%]
Evaluating adversarial:  68%|██████▊   | 68/100 [00:24<00:11,  2.82it/s, Accuracy=0.00%]
Evaluating adversarial:  69%|██████▉   | 69/100 [00:24<00:10,  2.82it/s, Accuracy=0.00%]
Evaluating adversarial:  69%|██████▉   | 69/100 [00:24<00:10,  2.82it/s, Accuracy=0.00%]
Evaluating adversarial:  70%|███████   | 70/100 [00:24<00:10,  2.82it/s, Accuracy=0.00%]
Evaluating adversarial:  70%|███████   | 70/100 [00:25<00:10,  2.82it/s, Accuracy=0.00%]
Evaluating adversarial:  71%|███████   | 71/100 [00:25<00:10,  2.82it/s, Accuracy=0.00%]
Evaluating adversarial:  71%|███████   | 71/100 [00:25<00:10,  2.82it/s, Accuracy=0.00%]
Evaluating adversarial:  72%|███████▏  | 72/100 [00:25<00:09,  2.82it/s, Accuracy=0.00%]
Evaluating adversarial:  72%|███████▏  | 72/100 [00:25<00:09,  2.82it/s, Accuracy=0.00%]
Evaluating adversarial:  73%|███████▎  | 73/100 [00:25<00:09,  2.82it/s, Accuracy=0.00%]
Evaluating adversarial:  73%|███████▎  | 73/100 [00:26<00:09,  2.82it/s, Accuracy=0.00%]
Evaluating adversarial:  74%|███████▍  | 74/100 [00:26<00:09,  2.82it/s, Accuracy=0.00%]
Evaluating adversarial:  74%|███████▍  | 74/100 [00:26<00:09,  2.82it/s, Accuracy=0.00%]
Evaluating adversarial:  75%|███████▌  | 75/100 [00:26<00:08,  2.82it/s, Accuracy=0.00%]
Evaluating adversarial:  75%|███████▌  | 75/100 [00:26<00:08,  2.82it/s, Accuracy=0.00%]
Evaluating adversarial:  76%|███████▌  | 76/100 [00:26<00:08,  2.82it/s, Accuracy=0.00%]
Evaluating adversarial:  76%|███████▌  | 76/100 [00:27<00:08,  2.82it/s, Accuracy=0.00%]
Evaluating adversarial:  77%|███████▋  | 77/100 [00:27<00:08,  2.82it/s, Accuracy=0.00%]
Evaluating adversarial:  77%|███████▋  | 77/100 [00:27<00:08,  2.82it/s, Accuracy=0.00%]
Evaluating adversarial:  78%|███████▊  | 78/100 [00:27<00:07,  2.82it/s, Accuracy=0.00%]
Evaluating adversarial:  78%|███████▊  | 78/100 [00:27<00:07,  2.82it/s, Accuracy=0.00%]
Evaluating adversarial:  79%|███████▉  | 79/100 [00:27<00:07,  2.82it/s, Accuracy=0.00%]
Evaluating adversarial:  79%|███████▉  | 79/100 [00:28<00:07,  2.82it/s, Accuracy=0.00%]
Evaluating adversarial:  80%|████████  | 80/100 [00:28<00:07,  2.82it/s, Accuracy=0.00%]
Evaluating adversarial:  80%|████████  | 80/100 [00:28<00:07,  2.82it/s, Accuracy=0.00%]
Evaluating adversarial:  81%|████████  | 81/100 [00:28<00:06,  2.82it/s, Accuracy=0.00%]
Evaluating adversarial:  81%|████████  | 81/100 [00:28<00:06,  2.82it/s, Accuracy=0.00%]
Evaluating adversarial:  82%|████████▏ | 82/100 [00:28<00:06,  2.82it/s, Accuracy=0.00%]
Evaluating adversarial:  82%|████████▏ | 82/100 [00:29<00:06,  2.82it/s, Accuracy=0.00%]
Evaluating adversarial:  83%|████████▎ | 83/100 [00:29<00:06,  2.82it/s, Accuracy=0.00%]
Evaluating adversarial:  83%|████████▎ | 83/100 [00:29<00:06,  2.82it/s, Accuracy=0.00%]
Evaluating adversarial:  84%|████████▍ | 84/100 [00:29<00:05,  2.83it/s, Accuracy=0.00%]
Evaluating adversarial:  84%|████████▍ | 84/100 [00:30<00:05,  2.83it/s, Accuracy=0.00%]
Evaluating adversarial:  85%|████████▌ | 85/100 [00:30<00:05,  2.82it/s, Accuracy=0.00%]
Evaluating adversarial:  85%|████████▌ | 85/100 [00:30<00:05,  2.82it/s, Accuracy=0.00%]
Evaluating adversarial:  86%|████████▌ | 86/100 [00:30<00:04,  2.83it/s, Accuracy=0.00%]
Evaluating adversarial:  86%|████████▌ | 86/100 [00:30<00:04,  2.83it/s, Accuracy=0.00%]
Evaluating adversarial:  87%|████████▋ | 87/100 [00:30<00:04,  2.83it/s, Accuracy=0.00%]
Evaluating adversarial:  87%|████████▋ | 87/100 [00:31<00:04,  2.83it/s, Accuracy=0.00%]
Evaluating adversarial:  88%|████████▊ | 88/100 [00:31<00:04,  2.82it/s, Accuracy=0.00%]
Evaluating adversarial:  88%|████████▊ | 88/100 [00:31<00:04,  2.82it/s, Accuracy=0.00%]
Evaluating adversarial:  89%|████████▉ | 89/100 [00:31<00:03,  2.82it/s, Accuracy=0.00%]
Evaluating adversarial:  89%|████████▉ | 89/100 [00:31<00:03,  2.82it/s, Accuracy=0.00%]
Evaluating adversarial:  90%|█████████ | 90/100 [00:31<00:03,  2.83it/s, Accuracy=0.00%]
Evaluating adversarial:  90%|█████████ | 90/100 [00:32<00:03,  2.83it/s, Accuracy=0.00%]
Evaluating adversarial:  91%|█████████ | 91/100 [00:32<00:03,  2.83it/s, Accuracy=0.00%]
Evaluating adversarial:  91%|█████████ | 91/100 [00:32<00:03,  2.83it/s, Accuracy=0.00%]
Evaluating adversarial:  92%|█████████▏| 92/100 [00:32<00:02,  2.83it/s, Accuracy=0.00%]
Evaluating adversarial:  92%|█████████▏| 92/100 [00:32<00:02,  2.83it/s, Accuracy=0.00%]
Evaluating adversarial:  93%|█████████▎| 93/100 [00:32<00:02,  2.83it/s, Accuracy=0.00%]
Evaluating adversarial:  93%|█████████▎| 93/100 [00:33<00:02,  2.83it/s, Accuracy=0.00%]
Evaluating adversarial:  94%|█████████▍| 94/100 [00:33<00:02,  2.83it/s, Accuracy=0.00%]
Evaluating adversarial:  94%|█████████▍| 94/100 [00:33<00:02,  2.83it/s, Accuracy=0.00%]
Evaluating adversarial:  95%|█████████▌| 95/100 [00:33<00:01,  2.82it/s, Accuracy=0.00%]
Evaluating adversarial:  95%|█████████▌| 95/100 [00:33<00:01,  2.82it/s, Accuracy=0.00%]
Evaluating adversarial:  96%|█████████▌| 96/100 [00:33<00:01,  2.81it/s, Accuracy=0.00%]
Evaluating adversarial:  96%|█████████▌| 96/100 [00:34<00:01,  2.81it/s, Accuracy=0.00%]
Evaluating adversarial:  97%|█████████▋| 97/100 [00:34<00:01,  2.82it/s, Accuracy=0.00%]
Evaluating adversarial:  97%|█████████▋| 97/100 [00:34<00:01,  2.82it/s, Accuracy=0.00%]
Evaluating adversarial:  98%|█████████▊| 98/100 [00:34<00:00,  2.82it/s, Accuracy=0.00%]
Evaluating adversarial:  98%|█████████▊| 98/100 [00:35<00:00,  2.82it/s, Accuracy=0.00%]
Evaluating adversarial:  99%|█████████▉| 99/100 [00:35<00:00,  2.82it/s, Accuracy=0.00%]
Evaluating adversarial:  99%|█████████▉| 99/100 [00:35<00:00,  2.82it/s, Accuracy=0.00%]
Evaluating adversarial: 100%|██████████| 100/100 [00:35<00:00,  2.82it/s, Accuracy=0.00%]
Evaluating adversarial: 100%|██████████| 100/100 [00:35<00:00,  2.83it/s, Accuracy=0.00%]
Test Accuracy (Adversarial): 0.0000
Round 2 duration: 115.47 seconds

--- Round 3/20 ---
Selected 5 clients for training

Client 4 - Epoch 1/1:   0%|          | 0/31 [00:00<?, ?it/s]
Client 4 - Epoch 1/1:   0%|          | 0/31 [00:00<?, ?it/s, Loss=0.4219]
Client 4 - Epoch 1/1:   3%|▎         | 1/31 [00:00<00:07,  4.02it/s, Loss=0.4219]
Client 4 - Epoch 1/1:   3%|▎         | 1/31 [00:00<00:07,  4.02it/s, Loss=0.6758]
Client 4 - Epoch 1/1:   6%|▋         | 2/31 [00:00<00:07,  4.04it/s, Loss=0.6758]
Client 4 - Epoch 1/1:   6%|▋         | 2/31 [00:00<00:07,  4.04it/s, Loss=0.4180]
Client 4 - Epoch 1/1:  10%|▉         | 3/31 [00:00<00:06,  4.05it/s, Loss=0.4180]
Client 4 - Epoch 1/1:  10%|▉         | 3/31 [00:00<00:06,  4.05it/s, Loss=0.2158]
Client 4 - Epoch 1/1:  13%|█▎        | 4/31 [00:00<00:06,  4.04it/s, Loss=0.2158]
Client 4 - Epoch 1/1:  13%|█▎        | 4/31 [00:01<00:06,  4.04it/s, Loss=0.3652]
Client 4 - Epoch 1/1:  16%|█▌        | 5/31 [00:01<00:06,  4.03it/s, Loss=0.3652]
Client 4 - Epoch 1/1:  16%|█▌        | 5/31 [00:01<00:06,  4.03it/s, Loss=0.5117]
Client 4 - Epoch 1/1:  19%|█▉        | 6/31 [00:01<00:06,  4.03it/s, Loss=0.5117]
Client 4 - Epoch 1/1:  19%|█▉        | 6/31 [00:01<00:06,  4.03it/s, Loss=0.2148]
Client 4 - Epoch 1/1:  23%|██▎       | 7/31 [00:01<00:05,  4.04it/s, Loss=0.2148]
Client 4 - Epoch 1/1:  23%|██▎       | 7/31 [00:01<00:05,  4.04it/s, Loss=0.6367]
Client 4 - Epoch 1/1:  26%|██▌       | 8/31 [00:01<00:05,  4.05it/s, Loss=0.6367]
Client 4 - Epoch 1/1:  26%|██▌       | 8/31 [00:02<00:05,  4.05it/s, Loss=0.1514]
Client 4 - Epoch 1/1:  29%|██▉       | 9/31 [00:02<00:05,  4.05it/s, Loss=0.1514]
Client 4 - Epoch 1/1:  29%|██▉       | 9/31 [00:02<00:05,  4.05it/s, Loss=0.1953]
Client 4 - Epoch 1/1:  32%|███▏      | 10/31 [00:02<00:05,  4.06it/s, Loss=0.1953]
Client 4 - Epoch 1/1:  32%|███▏      | 10/31 [00:02<00:05,  4.06it/s, Loss=0.0586]
Client 4 - Epoch 1/1:  35%|███▌      | 11/31 [00:02<00:04,  4.06it/s, Loss=0.0586]
Client 4 - Epoch 1/1:  35%|███▌      | 11/31 [00:02<00:04,  4.06it/s, Loss=0.6875]
Client 4 - Epoch 1/1:  39%|███▊      | 12/31 [00:02<00:04,  4.06it/s, Loss=0.6875]
Client 4 - Epoch 1/1:  39%|███▊      | 12/31 [00:03<00:04,  4.06it/s, Loss=0.8516]
Client 4 - Epoch 1/1:  42%|████▏     | 13/31 [00:03<00:04,  4.06it/s, Loss=0.8516]
Client 4 - Epoch 1/1:  42%|████▏     | 13/31 [00:03<00:04,  4.06it/s, Loss=0.1436]
Client 4 - Epoch 1/1:  45%|████▌     | 14/31 [00:03<00:04,  4.06it/s, Loss=0.1436]
Client 4 - Epoch 1/1:  45%|████▌     | 14/31 [00:03<00:04,  4.06it/s, Loss=0.4844]
Client 4 - Epoch 1/1:  48%|████▊     | 15/31 [00:03<00:03,  4.06it/s, Loss=0.4844]
Client 4 - Epoch 1/1:  48%|████▊     | 15/31 [00:03<00:03,  4.06it/s, Loss=0.6211]
Client 4 - Epoch 1/1:  52%|█████▏    | 16/31 [00:03<00:03,  4.06it/s, Loss=0.6211]
Client 4 - Epoch 1/1:  52%|█████▏    | 16/31 [00:04<00:03,  4.06it/s, Loss=0.1748]
Client 4 - Epoch 1/1:  55%|█████▍    | 17/31 [00:04<00:03,  4.05it/s, Loss=0.1748]
Client 4 - Epoch 1/1:  55%|█████▍    | 17/31 [00:04<00:03,  4.05it/s, Loss=0.0244]
Client 4 - Epoch 1/1:  58%|█████▊    | 18/31 [00:04<00:03,  4.06it/s, Loss=0.0244]
Client 4 - Epoch 1/1:  58%|█████▊    | 18/31 [00:04<00:03,  4.06it/s, Loss=0.2041]
Client 4 - Epoch 1/1:  61%|██████▏   | 19/31 [00:04<00:02,  4.06it/s, Loss=0.2041]
Client 4 - Epoch 1/1:  61%|██████▏   | 19/31 [00:04<00:02,  4.06it/s, Loss=0.4355]
Client 4 - Epoch 1/1:  65%|██████▍   | 20/31 [00:04<00:02,  4.06it/s, Loss=0.4355]
Client 4 - Epoch 1/1:  65%|██████▍   | 20/31 [00:05<00:02,  4.06it/s, Loss=0.5742]
Client 4 - Epoch 1/1:  68%|██████▊   | 21/31 [00:05<00:02,  4.05it/s, Loss=0.5742]
Client 4 - Epoch 1/1:  68%|██████▊   | 21/31 [00:05<00:02,  4.05it/s, Loss=0.0859]
Client 4 - Epoch 1/1:  71%|███████   | 22/31 [00:05<00:02,  4.05it/s, Loss=0.0859]
Client 4 - Epoch 1/1:  71%|███████   | 22/31 [00:05<00:02,  4.05it/s, Loss=0.1357]
Client 4 - Epoch 1/1:  74%|███████▍  | 23/31 [00:05<00:01,  4.04it/s, Loss=0.1357]
Client 4 - Epoch 1/1:  74%|███████▍  | 23/31 [00:05<00:01,  4.04it/s, Loss=0.4727]
Client 4 - Epoch 1/1:  77%|███████▋  | 24/31 [00:05<00:01,  4.05it/s, Loss=0.4727]
Client 4 - Epoch 1/1:  77%|███████▋  | 24/31 [00:06<00:01,  4.05it/s, Loss=0.4395]
Client 4 - Epoch 1/1:  81%|████████  | 25/31 [00:06<00:01,  4.05it/s, Loss=0.4395]
Client 4 - Epoch 1/1:  81%|████████  | 25/31 [00:06<00:01,  4.05it/s, Loss=0.6016]
Client 4 - Epoch 1/1:  84%|████████▍ | 26/31 [00:06<00:01,  4.05it/s, Loss=0.6016]
Client 4 - Epoch 1/1:  84%|████████▍ | 26/31 [00:06<00:01,  4.05it/s, Loss=0.0723]
Client 4 - Epoch 1/1:  87%|████████▋ | 27/31 [00:06<00:00,  4.05it/s, Loss=0.0723]
Client 4 - Epoch 1/1:  87%|████████▋ | 27/31 [00:06<00:00,  4.05it/s, Loss=0.3633]
Client 4 - Epoch 1/1:  90%|█████████ | 28/31 [00:06<00:00,  4.05it/s, Loss=0.3633]
Client 4 - Epoch 1/1:  90%|█████████ | 28/31 [00:07<00:00,  4.05it/s, Loss=0.1924]
Client 4 - Epoch 1/1:  94%|█████████▎| 29/31 [00:07<00:00,  4.05it/s, Loss=0.1924]
Client 4 - Epoch 1/1:  94%|█████████▎| 29/31 [00:07<00:00,  4.05it/s, Loss=0.1035]
Client 4 - Epoch 1/1:  97%|█████████▋| 30/31 [00:07<00:00,  4.06it/s, Loss=0.1035]
Client 4 - Epoch 1/1:  97%|█████████▋| 30/31 [00:07<00:00,  4.06it/s, Loss=0.0840]
Client 4 - Epoch 1/1: 100%|██████████| 31/31 [00:07<00:00,  4.23it/s, Loss=0.0840]
Client 4 - Epoch 1/1: 100%|██████████| 31/31 [00:07<00:00,  4.07it/s, Loss=0.0840]
Client 4 - Epoch 1/1 | Avg Loss: 0.3425

Client 3 - Epoch 1/1:   0%|          | 0/9 [00:00<?, ?it/s]
Client 3 - Epoch 1/1:   0%|          | 0/9 [00:00<?, ?it/s, Loss=1.0234]
Client 3 - Epoch 1/1:  11%|█         | 1/9 [00:00<00:01,  4.04it/s, Loss=1.0234]
Client 3 - Epoch 1/1:  11%|█         | 1/9 [00:00<00:01,  4.04it/s, Loss=0.4824]
Client 3 - Epoch 1/1:  22%|██▏       | 2/9 [00:00<00:01,  4.04it/s, Loss=0.4824]
Client 3 - Epoch 1/1:  22%|██▏       | 2/9 [00:00<00:01,  4.04it/s, Loss=0.4844]
Client 3 - Epoch 1/1:  33%|███▎      | 3/9 [00:00<00:01,  4.04it/s, Loss=0.4844]
Client 3 - Epoch 1/1:  33%|███▎      | 3/9 [00:00<00:01,  4.04it/s, Loss=0.0864]
Client 3 - Epoch 1/1:  44%|████▍     | 4/9 [00:00<00:01,  4.04it/s, Loss=0.0864]
Client 3 - Epoch 1/1:  44%|████▍     | 4/9 [00:01<00:01,  4.04it/s, Loss=0.0776]
Client 3 - Epoch 1/1:  56%|█████▌    | 5/9 [00:01<00:00,  4.04it/s, Loss=0.0776]
Client 3 - Epoch 1/1:  56%|█████▌    | 5/9 [00:01<00:00,  4.04it/s, Loss=0.4551]
Client 3 - Epoch 1/1:  67%|██████▋   | 6/9 [00:01<00:00,  4.04it/s, Loss=0.4551]
Client 3 - Epoch 1/1:  67%|██████▋   | 6/9 [00:01<00:00,  4.04it/s, Loss=0.4570]
Client 3 - Epoch 1/1:  78%|███████▊  | 7/9 [00:01<00:00,  4.04it/s, Loss=0.4570]
Client 3 - Epoch 1/1:  78%|███████▊  | 7/9 [00:01<00:00,  4.04it/s, Loss=0.0317]
Client 3 - Epoch 1/1:  89%|████████▉ | 8/9 [00:01<00:00,  4.05it/s, Loss=0.0317]
Client 3 - Epoch 1/1:  89%|████████▉ | 8/9 [00:02<00:00,  4.05it/s, Loss=0.3008]
Client 3 - Epoch 1/1: 100%|██████████| 9/9 [00:02<00:00,  4.72it/s, Loss=0.3008]
Client 3 - Epoch 1/1: 100%|██████████| 9/9 [00:02<00:00,  4.26it/s, Loss=0.3008]
Client 3 - Epoch 1/1 | Avg Loss: 0.3777

Client 0 - Epoch 1/1:   0%|          | 0/18 [00:00<?, ?it/s]
Client 0 - Epoch 1/1:   0%|          | 0/18 [00:00<?, ?it/s, Loss=0.2100]
Client 0 - Epoch 1/1:   6%|▌         | 1/18 [00:00<00:04,  4.05it/s, Loss=0.2100]
Client 0 - Epoch 1/1:   6%|▌         | 1/18 [00:00<00:04,  4.05it/s, Loss=0.3145]
Client 0 - Epoch 1/1:  11%|█         | 2/18 [00:00<00:03,  4.05it/s, Loss=0.3145]
Client 0 - Epoch 1/1:  11%|█         | 2/18 [00:00<00:03,  4.05it/s, Loss=0.1514]
Client 0 - Epoch 1/1:  17%|█▋        | 3/18 [00:00<00:03,  4.06it/s, Loss=0.1514]
Client 0 - Epoch 1/1:  17%|█▋        | 3/18 [00:00<00:03,  4.06it/s, Loss=0.1030]
Client 0 - Epoch 1/1:  22%|██▏       | 4/18 [00:00<00:03,  4.05it/s, Loss=0.1030]
Client 0 - Epoch 1/1:  22%|██▏       | 4/18 [00:01<00:03,  4.05it/s, Loss=0.2559]
Client 0 - Epoch 1/1:  28%|██▊       | 5/18 [00:01<00:03,  4.05it/s, Loss=0.2559]
Client 0 - Epoch 1/1:  28%|██▊       | 5/18 [00:01<00:03,  4.05it/s, Loss=0.1582]
Client 0 - Epoch 1/1:  33%|███▎      | 6/18 [00:01<00:02,  4.05it/s, Loss=0.1582]
Client 0 - Epoch 1/1:  33%|███▎      | 6/18 [00:01<00:02,  4.05it/s, Loss=0.1963]
Client 0 - Epoch 1/1:  39%|███▉      | 7/18 [00:01<00:02,  4.05it/s, Loss=0.1963]
Client 0 - Epoch 1/1:  39%|███▉      | 7/18 [00:01<00:02,  4.05it/s, Loss=0.2285]
Client 0 - Epoch 1/1:  44%|████▍     | 8/18 [00:01<00:02,  4.05it/s, Loss=0.2285]
Client 0 - Epoch 1/1:  44%|████▍     | 8/18 [00:02<00:02,  4.05it/s, Loss=0.2734]
Client 0 - Epoch 1/1:  50%|█████     | 9/18 [00:02<00:02,  4.06it/s, Loss=0.2734]
Client 0 - Epoch 1/1:  50%|█████     | 9/18 [00:02<00:02,  4.06it/s, Loss=0.0767]
Client 0 - Epoch 1/1:  56%|█████▌    | 10/18 [00:02<00:01,  4.05it/s, Loss=0.0767]
Client 0 - Epoch 1/1:  56%|█████▌    | 10/18 [00:02<00:01,  4.05it/s, Loss=0.0334]
Client 0 - Epoch 1/1:  61%|██████    | 11/18 [00:02<00:01,  4.05it/s, Loss=0.0334]
Client 0 - Epoch 1/1:  61%|██████    | 11/18 [00:02<00:01,  4.05it/s, Loss=0.0996]
Client 0 - Epoch 1/1:  67%|██████▋   | 12/18 [00:02<00:01,  4.05it/s, Loss=0.0996]
Client 0 - Epoch 1/1:  67%|██████▋   | 12/18 [00:03<00:01,  4.05it/s, Loss=0.0540]
Client 0 - Epoch 1/1:  72%|███████▏  | 13/18 [00:03<00:01,  4.05it/s, Loss=0.0540]
Client 0 - Epoch 1/1:  72%|███████▏  | 13/18 [00:03<00:01,  4.05it/s, Loss=0.0334]
Client 0 - Epoch 1/1:  78%|███████▊  | 14/18 [00:03<00:00,  4.06it/s, Loss=0.0334]
Client 0 - Epoch 1/1:  78%|███████▊  | 14/18 [00:03<00:00,  4.06it/s, Loss=0.0430]
Client 0 - Epoch 1/1:  83%|████████▎ | 15/18 [00:03<00:00,  4.06it/s, Loss=0.0430]
Client 0 - Epoch 1/1:  83%|████████▎ | 15/18 [00:03<00:00,  4.06it/s, Loss=0.0393]
Client 0 - Epoch 1/1:  89%|████████▉ | 16/18 [00:03<00:00,  4.05it/s, Loss=0.0393]
Client 0 - Epoch 1/1:  89%|████████▉ | 16/18 [00:04<00:00,  4.05it/s, Loss=0.0046]
Client 0 - Epoch 1/1:  94%|█████████▍| 17/18 [00:04<00:00,  4.05it/s, Loss=0.0046]
Client 0 - Epoch 1/1:  94%|█████████▍| 17/18 [00:04<00:00,  4.05it/s, Loss=0.2314]
Client 0 - Epoch 1/1: 100%|██████████| 18/18 [00:04<00:00,  4.90it/s, Loss=0.2314]
Client 0 - Epoch 1/1: 100%|██████████| 18/18 [00:04<00:00,  4.19it/s, Loss=0.2314]
Client 0 - Epoch 1/1 | Avg Loss: 0.1393

Client 2 - Epoch 1/1:   0%|          | 0/10 [00:00<?, ?it/s]
Client 2 - Epoch 1/1:   0%|          | 0/10 [00:00<?, ?it/s, Loss=0.2559]
Client 2 - Epoch 1/1:  10%|█         | 1/10 [00:00<00:02,  4.03it/s, Loss=0.2559]
Client 2 - Epoch 1/1:  10%|█         | 1/10 [00:00<00:02,  4.03it/s, Loss=0.2217]
Client 2 - Epoch 1/1:  20%|██        | 2/10 [00:00<00:01,  4.05it/s, Loss=0.2217]
Client 2 - Epoch 1/1:  20%|██        | 2/10 [00:00<00:01,  4.05it/s, Loss=0.3184]
Client 2 - Epoch 1/1:  30%|███       | 3/10 [00:00<00:01,  4.06it/s, Loss=0.3184]
Client 2 - Epoch 1/1:  30%|███       | 3/10 [00:00<00:01,  4.06it/s, Loss=0.2334]
Client 2 - Epoch 1/1:  40%|████      | 4/10 [00:00<00:01,  4.05it/s, Loss=0.2334]
Client 2 - Epoch 1/1:  40%|████      | 4/10 [00:01<00:01,  4.05it/s, Loss=0.5391]
Client 2 - Epoch 1/1:  50%|█████     | 5/10 [00:01<00:01,  4.05it/s, Loss=0.5391]
Client 2 - Epoch 1/1:  50%|█████     | 5/10 [00:01<00:01,  4.05it/s, Loss=0.5273]
Client 2 - Epoch 1/1:  60%|██████    | 6/10 [00:01<00:00,  4.06it/s, Loss=0.5273]
Client 2 - Epoch 1/1:  60%|██████    | 6/10 [00:01<00:00,  4.06it/s, Loss=0.9180]
Client 2 - Epoch 1/1:  70%|███████   | 7/10 [00:01<00:00,  4.06it/s, Loss=0.9180]
Client 2 - Epoch 1/1:  70%|███████   | 7/10 [00:01<00:00,  4.06it/s, Loss=0.0630]
Client 2 - Epoch 1/1:  80%|████████  | 8/10 [00:01<00:00,  4.06it/s, Loss=0.0630]
Client 2 - Epoch 1/1:  80%|████████  | 8/10 [00:02<00:00,  4.06it/s, Loss=0.1963]
Client 2 - Epoch 1/1:  90%|█████████ | 9/10 [00:02<00:00,  4.06it/s, Loss=0.1963]
Client 2 - Epoch 1/1:  90%|█████████ | 9/10 [00:02<00:00,  4.06it/s, Loss=0.0330]
Client 2 - Epoch 1/1: 100%|██████████| 10/10 [00:02<00:00,  4.94it/s, Loss=0.0330]
Client 2 - Epoch 1/1: 100%|██████████| 10/10 [00:02<00:00,  4.30it/s, Loss=0.0330]
Client 2 - Epoch 1/1 | Avg Loss: 0.3306

Client 1 - Epoch 1/1:   0%|          | 0/84 [00:00<?, ?it/s]
Client 1 - Epoch 1/1:   0%|          | 0/84 [00:00<?, ?it/s, Loss=0.5234]
Client 1 - Epoch 1/1:   1%|          | 1/84 [00:00<00:20,  4.05it/s, Loss=0.5234]
Client 1 - Epoch 1/1:   1%|          | 1/84 [00:00<00:20,  4.05it/s, Loss=0.5547]
Client 1 - Epoch 1/1:   2%|▏         | 2/84 [00:00<00:20,  4.06it/s, Loss=0.5547]
Client 1 - Epoch 1/1:   2%|▏         | 2/84 [00:00<00:20,  4.06it/s, Loss=0.3750]
Client 1 - Epoch 1/1:   4%|▎         | 3/84 [00:00<00:19,  4.07it/s, Loss=0.3750]
Client 1 - Epoch 1/1:   4%|▎         | 3/84 [00:00<00:19,  4.07it/s, Loss=0.5625]
Client 1 - Epoch 1/1:   5%|▍         | 4/84 [00:00<00:19,  4.07it/s, Loss=0.5625]
Client 1 - Epoch 1/1:   5%|▍         | 4/84 [00:01<00:19,  4.07it/s, Loss=0.3438]
Client 1 - Epoch 1/1:   6%|▌         | 5/84 [00:01<00:19,  4.06it/s, Loss=0.3438]
Client 1 - Epoch 1/1:   6%|▌         | 5/84 [00:01<00:19,  4.06it/s, Loss=0.2402]
Client 1 - Epoch 1/1:   7%|▋         | 6/84 [00:01<00:19,  4.06it/s, Loss=0.2402]
Client 1 - Epoch 1/1:   7%|▋         | 6/84 [00:01<00:19,  4.06it/s, Loss=0.4531]
Client 1 - Epoch 1/1:   8%|▊         | 7/84 [00:01<00:18,  4.06it/s, Loss=0.4531]
Client 1 - Epoch 1/1:   8%|▊         | 7/84 [00:01<00:18,  4.06it/s, Loss=0.3223]
Client 1 - Epoch 1/1:  10%|▉         | 8/84 [00:01<00:18,  4.06it/s, Loss=0.3223]
Client 1 - Epoch 1/1:  10%|▉         | 8/84 [00:02<00:18,  4.06it/s, Loss=0.0479]
Client 1 - Epoch 1/1:  11%|█         | 9/84 [00:02<00:18,  4.06it/s, Loss=0.0479]
Client 1 - Epoch 1/1:  11%|█         | 9/84 [00:02<00:18,  4.06it/s, Loss=0.0698]
Client 1 - Epoch 1/1:  12%|█▏        | 10/84 [00:02<00:18,  4.05it/s, Loss=0.0698]
Client 1 - Epoch 1/1:  12%|█▏        | 10/84 [00:02<00:18,  4.05it/s, Loss=0.0608]
Client 1 - Epoch 1/1:  13%|█▎        | 11/84 [00:02<00:18,  4.04it/s, Loss=0.0608]
Client 1 - Epoch 1/1:  13%|█▎        | 11/84 [00:02<00:18,  4.04it/s, Loss=0.1396]
Client 1 - Epoch 1/1:  14%|█▍        | 12/84 [00:02<00:17,  4.04it/s, Loss=0.1396]
Client 1 - Epoch 1/1:  14%|█▍        | 12/84 [00:03<00:17,  4.04it/s, Loss=0.0508]
Client 1 - Epoch 1/1:  15%|█▌        | 13/84 [00:03<00:17,  4.05it/s, Loss=0.0508]
Client 1 - Epoch 1/1:  15%|█▌        | 13/84 [00:03<00:17,  4.05it/s, Loss=0.6602]
Client 1 - Epoch 1/1:  17%|█▋        | 14/84 [00:03<00:17,  4.05it/s, Loss=0.6602]
Client 1 - Epoch 1/1:  17%|█▋        | 14/84 [00:03<00:17,  4.05it/s, Loss=0.1260]
Client 1 - Epoch 1/1:  18%|█▊        | 15/84 [00:03<00:17,  4.06it/s, Loss=0.1260]
Client 1 - Epoch 1/1:  18%|█▊        | 15/84 [00:03<00:17,  4.06it/s, Loss=0.0449]
Client 1 - Epoch 1/1:  19%|█▉        | 16/84 [00:03<00:16,  4.06it/s, Loss=0.0449]
Client 1 - Epoch 1/1:  19%|█▉        | 16/84 [00:04<00:16,  4.06it/s, Loss=0.1846]
Client 1 - Epoch 1/1:  20%|██        | 17/84 [00:04<00:16,  4.05it/s, Loss=0.1846]
Client 1 - Epoch 1/1:  20%|██        | 17/84 [00:04<00:16,  4.05it/s, Loss=0.0593]
Client 1 - Epoch 1/1:  21%|██▏       | 18/84 [00:04<00:16,  4.05it/s, Loss=0.0593]
Client 1 - Epoch 1/1:  21%|██▏       | 18/84 [00:04<00:16,  4.05it/s, Loss=0.2559]
Client 1 - Epoch 1/1:  23%|██▎       | 19/84 [00:04<00:16,  4.05it/s, Loss=0.2559]
Client 1 - Epoch 1/1:  23%|██▎       | 19/84 [00:04<00:16,  4.05it/s, Loss=0.1138]
Client 1 - Epoch 1/1:  24%|██▍       | 20/84 [00:04<00:15,  4.06it/s, Loss=0.1138]
Client 1 - Epoch 1/1:  24%|██▍       | 20/84 [00:05<00:15,  4.06it/s, Loss=0.0403]
Client 1 - Epoch 1/1:  25%|██▌       | 21/84 [00:05<00:15,  4.06it/s, Loss=0.0403]
Client 1 - Epoch 1/1:  25%|██▌       | 21/84 [00:05<00:15,  4.06it/s, Loss=0.0498]
Client 1 - Epoch 1/1:  26%|██▌       | 22/84 [00:05<00:15,  4.06it/s, Loss=0.0498]
Client 1 - Epoch 1/1:  26%|██▌       | 22/84 [00:05<00:15,  4.06it/s, Loss=0.5078]
Client 1 - Epoch 1/1:  27%|██▋       | 23/84 [00:05<00:15,  4.06it/s, Loss=0.5078]
Client 1 - Epoch 1/1:  27%|██▋       | 23/84 [00:05<00:15,  4.06it/s, Loss=0.0554]
Client 1 - Epoch 1/1:  29%|██▊       | 24/84 [00:05<00:14,  4.06it/s, Loss=0.0554]
Client 1 - Epoch 1/1:  29%|██▊       | 24/84 [00:06<00:14,  4.06it/s, Loss=0.3809]
Client 1 - Epoch 1/1:  30%|██▉       | 25/84 [00:06<00:14,  4.06it/s, Loss=0.3809]
Client 1 - Epoch 1/1:  30%|██▉       | 25/84 [00:06<00:14,  4.06it/s, Loss=0.1592]
Client 1 - Epoch 1/1:  31%|███       | 26/84 [00:06<00:14,  4.06it/s, Loss=0.1592]
Client 1 - Epoch 1/1:  31%|███       | 26/84 [00:06<00:14,  4.06it/s, Loss=0.1167]
Client 1 - Epoch 1/1:  32%|███▏      | 27/84 [00:06<00:14,  4.06it/s, Loss=0.1167]
Client 1 - Epoch 1/1:  32%|███▏      | 27/84 [00:06<00:14,  4.06it/s, Loss=0.4941]
Client 1 - Epoch 1/1:  33%|███▎      | 28/84 [00:06<00:13,  4.06it/s, Loss=0.4941]
Client 1 - Epoch 1/1:  33%|███▎      | 28/84 [00:07<00:13,  4.06it/s, Loss=0.0289]
Client 1 - Epoch 1/1:  35%|███▍      | 29/84 [00:07<00:13,  4.06it/s, Loss=0.0289]
Client 1 - Epoch 1/1:  35%|███▍      | 29/84 [00:07<00:13,  4.06it/s, Loss=1.3125]
Client 1 - Epoch 1/1:  36%|███▌      | 30/84 [00:07<00:13,  4.06it/s, Loss=1.3125]
Client 1 - Epoch 1/1:  36%|███▌      | 30/84 [00:07<00:13,  4.06it/s, Loss=0.4609]
Client 1 - Epoch 1/1:  37%|███▋      | 31/84 [00:07<00:13,  4.06it/s, Loss=0.4609]
Client 1 - Epoch 1/1:  37%|███▋      | 31/84 [00:07<00:13,  4.06it/s, Loss=0.1543]
Client 1 - Epoch 1/1:  38%|███▊      | 32/84 [00:07<00:12,  4.06it/s, Loss=0.1543]
Client 1 - Epoch 1/1:  38%|███▊      | 32/84 [00:08<00:12,  4.06it/s, Loss=0.1260]
Client 1 - Epoch 1/1:  39%|███▉      | 33/84 [00:08<00:12,  4.06it/s, Loss=0.1260]
Client 1 - Epoch 1/1:  39%|███▉      | 33/84 [00:08<00:12,  4.06it/s, Loss=0.8125]
Client 1 - Epoch 1/1:  40%|████      | 34/84 [00:08<00:12,  4.06it/s, Loss=0.8125]
Client 1 - Epoch 1/1:  40%|████      | 34/84 [00:08<00:12,  4.06it/s, Loss=0.7852]
Client 1 - Epoch 1/1:  42%|████▏     | 35/84 [00:08<00:12,  4.06it/s, Loss=0.7852]
Client 1 - Epoch 1/1:  42%|████▏     | 35/84 [00:08<00:12,  4.06it/s, Loss=0.1572]
Client 1 - Epoch 1/1:  43%|████▎     | 36/84 [00:08<00:11,  4.05it/s, Loss=0.1572]
Client 1 - Epoch 1/1:  43%|████▎     | 36/84 [00:09<00:11,  4.05it/s, Loss=0.2168]
Client 1 - Epoch 1/1:  44%|████▍     | 37/84 [00:09<00:11,  4.06it/s, Loss=0.2168]
Client 1 - Epoch 1/1:  44%|████▍     | 37/84 [00:09<00:11,  4.06it/s, Loss=0.1992]
Client 1 - Epoch 1/1:  45%|████▌     | 38/84 [00:09<00:11,  4.06it/s, Loss=0.1992]
Client 1 - Epoch 1/1:  45%|████▌     | 38/84 [00:09<00:11,  4.06it/s, Loss=0.1885]
Client 1 - Epoch 1/1:  46%|████▋     | 39/84 [00:09<00:11,  4.06it/s, Loss=0.1885]
Client 1 - Epoch 1/1:  46%|████▋     | 39/84 [00:09<00:11,  4.06it/s, Loss=0.3223]
Client 1 - Epoch 1/1:  48%|████▊     | 40/84 [00:09<00:10,  4.06it/s, Loss=0.3223]
Client 1 - Epoch 1/1:  48%|████▊     | 40/84 [00:10<00:10,  4.06it/s, Loss=0.0830]
Client 1 - Epoch 1/1:  49%|████▉     | 41/84 [00:10<00:10,  4.04it/s, Loss=0.0830]
Client 1 - Epoch 1/1:  49%|████▉     | 41/84 [00:10<00:10,  4.04it/s, Loss=0.1245]
Client 1 - Epoch 1/1:  50%|█████     | 42/84 [00:10<00:10,  4.02it/s, Loss=0.1245]
Client 1 - Epoch 1/1:  50%|█████     | 42/84 [00:10<00:10,  4.02it/s, Loss=0.1396]
Client 1 - Epoch 1/1:  51%|█████     | 43/84 [00:10<00:10,  4.03it/s, Loss=0.1396]
Client 1 - Epoch 1/1:  51%|█████     | 43/84 [00:10<00:10,  4.03it/s, Loss=0.2734]
Client 1 - Epoch 1/1:  52%|█████▏    | 44/84 [00:10<00:09,  4.04it/s, Loss=0.2734]
Client 1 - Epoch 1/1:  52%|█████▏    | 44/84 [00:11<00:09,  4.04it/s, Loss=0.0786]
Client 1 - Epoch 1/1:  54%|█████▎    | 45/84 [00:11<00:09,  4.04it/s, Loss=0.0786]
Client 1 - Epoch 1/1:  54%|█████▎    | 45/84 [00:11<00:09,  4.04it/s, Loss=0.2334]
Client 1 - Epoch 1/1:  55%|█████▍    | 46/84 [00:11<00:09,  4.04it/s, Loss=0.2334]
Client 1 - Epoch 1/1:  55%|█████▍    | 46/84 [00:11<00:09,  4.04it/s, Loss=0.1494]
Client 1 - Epoch 1/1:  56%|█████▌    | 47/84 [00:11<00:09,  4.05it/s, Loss=0.1494]
Client 1 - Epoch 1/1:  56%|█████▌    | 47/84 [00:11<00:09,  4.05it/s, Loss=0.4629]
Client 1 - Epoch 1/1:  57%|█████▋    | 48/84 [00:11<00:08,  4.05it/s, Loss=0.4629]
Client 1 - Epoch 1/1:  57%|█████▋    | 48/84 [00:12<00:08,  4.05it/s, Loss=0.0786]
Client 1 - Epoch 1/1:  58%|█████▊    | 49/84 [00:12<00:08,  4.05it/s, Loss=0.0786]
Client 1 - Epoch 1/1:  58%|█████▊    | 49/84 [00:12<00:08,  4.05it/s, Loss=0.5039]
Client 1 - Epoch 1/1:  60%|█████▉    | 50/84 [00:12<00:08,  4.06it/s, Loss=0.5039]
Client 1 - Epoch 1/1:  60%|█████▉    | 50/84 [00:12<00:08,  4.06it/s, Loss=0.0339]
Client 1 - Epoch 1/1:  61%|██████    | 51/84 [00:12<00:08,  4.06it/s, Loss=0.0339]
Client 1 - Epoch 1/1:  61%|██████    | 51/84 [00:12<00:08,  4.06it/s, Loss=0.1816]
Client 1 - Epoch 1/1:  62%|██████▏   | 52/84 [00:12<00:07,  4.05it/s, Loss=0.1816]
Client 1 - Epoch 1/1:  62%|██████▏   | 52/84 [00:13<00:07,  4.05it/s, Loss=0.0344]
Client 1 - Epoch 1/1:  63%|██████▎   | 53/84 [00:13<00:07,  4.05it/s, Loss=0.0344]
Client 1 - Epoch 1/1:  63%|██████▎   | 53/84 [00:13<00:07,  4.05it/s, Loss=0.0430]
Client 1 - Epoch 1/1:  64%|██████▍   | 54/84 [00:13<00:07,  4.06it/s, Loss=0.0430]
Client 1 - Epoch 1/1:  64%|██████▍   | 54/84 [00:13<00:07,  4.06it/s, Loss=0.0747]
Client 1 - Epoch 1/1:  65%|██████▌   | 55/84 [00:13<00:07,  4.06it/s, Loss=0.0747]
Client 1 - Epoch 1/1:  65%|██████▌   | 55/84 [00:13<00:07,  4.06it/s, Loss=0.0427]
Client 1 - Epoch 1/1:  67%|██████▋   | 56/84 [00:13<00:06,  4.06it/s, Loss=0.0427]
Client 1 - Epoch 1/1:  67%|██████▋   | 56/84 [00:14<00:06,  4.06it/s, Loss=0.2812]
Client 1 - Epoch 1/1:  68%|██████▊   | 57/84 [00:14<00:06,  4.06it/s, Loss=0.2812]
Client 1 - Epoch 1/1:  68%|██████▊   | 57/84 [00:14<00:06,  4.06it/s, Loss=0.2441]
Client 1 - Epoch 1/1:  69%|██████▉   | 58/84 [00:14<00:06,  4.06it/s, Loss=0.2441]
Client 1 - Epoch 1/1:  69%|██████▉   | 58/84 [00:14<00:06,  4.06it/s, Loss=0.2715]
Client 1 - Epoch 1/1:  70%|███████   | 59/84 [00:14<00:06,  4.05it/s, Loss=0.2715]
Client 1 - Epoch 1/1:  70%|███████   | 59/84 [00:14<00:06,  4.05it/s, Loss=0.1455]
Client 1 - Epoch 1/1:  71%|███████▏  | 60/84 [00:14<00:05,  4.05it/s, Loss=0.1455]
Client 1 - Epoch 1/1:  71%|███████▏  | 60/84 [00:15<00:05,  4.05it/s, Loss=0.1582]
Client 1 - Epoch 1/1:  73%|███████▎  | 61/84 [00:15<00:05,  4.05it/s, Loss=0.1582]
Client 1 - Epoch 1/1:  73%|███████▎  | 61/84 [00:15<00:05,  4.05it/s, Loss=0.0137]
Client 1 - Epoch 1/1:  74%|███████▍  | 62/84 [00:15<00:05,  4.06it/s, Loss=0.0137]
Client 1 - Epoch 1/1:  74%|███████▍  | 62/84 [00:15<00:05,  4.06it/s, Loss=0.0459]
Client 1 - Epoch 1/1:  75%|███████▌  | 63/84 [00:15<00:05,  4.05it/s, Loss=0.0459]
Client 1 - Epoch 1/1:  75%|███████▌  | 63/84 [00:15<00:05,  4.05it/s, Loss=0.0170]
Client 1 - Epoch 1/1:  76%|███████▌  | 64/84 [00:15<00:04,  4.05it/s, Loss=0.0170]
Client 1 - Epoch 1/1:  76%|███████▌  | 64/84 [00:16<00:04,  4.05it/s, Loss=0.3301]
Client 1 - Epoch 1/1:  77%|███████▋  | 65/84 [00:16<00:04,  4.06it/s, Loss=0.3301]
Client 1 - Epoch 1/1:  77%|███████▋  | 65/84 [00:16<00:04,  4.06it/s, Loss=0.1250]
Client 1 - Epoch 1/1:  79%|███████▊  | 66/84 [00:16<00:04,  4.05it/s, Loss=0.1250]
Client 1 - Epoch 1/1:  79%|███████▊  | 66/84 [00:16<00:04,  4.05it/s, Loss=0.2021]
Client 1 - Epoch 1/1:  80%|███████▉  | 67/84 [00:16<00:04,  4.06it/s, Loss=0.2021]
Client 1 - Epoch 1/1:  80%|███████▉  | 67/84 [00:16<00:04,  4.06it/s, Loss=0.0938]
Client 1 - Epoch 1/1:  81%|████████  | 68/84 [00:16<00:03,  4.05it/s, Loss=0.0938]
Client 1 - Epoch 1/1:  81%|████████  | 68/84 [00:17<00:03,  4.05it/s, Loss=0.5195]
Client 1 - Epoch 1/1:  82%|████████▏ | 69/84 [00:17<00:03,  4.05it/s, Loss=0.5195]
Client 1 - Epoch 1/1:  82%|████████▏ | 69/84 [00:17<00:03,  4.05it/s, Loss=0.1621]
Client 1 - Epoch 1/1:  83%|████████▎ | 70/84 [00:17<00:03,  4.06it/s, Loss=0.1621]
Client 1 - Epoch 1/1:  83%|████████▎ | 70/84 [00:17<00:03,  4.06it/s, Loss=0.3086]
Client 1 - Epoch 1/1:  85%|████████▍ | 71/84 [00:17<00:03,  4.05it/s, Loss=0.3086]
Client 1 - Epoch 1/1:  85%|████████▍ | 71/84 [00:17<00:03,  4.05it/s, Loss=0.0825]
Client 1 - Epoch 1/1:  86%|████████▌ | 72/84 [00:17<00:02,  4.05it/s, Loss=0.0825]
Client 1 - Epoch 1/1:  86%|████████▌ | 72/84 [00:18<00:02,  4.05it/s, Loss=0.0025]
Client 1 - Epoch 1/1:  87%|████████▋ | 73/84 [00:18<00:02,  4.06it/s, Loss=0.0025]
Client 1 - Epoch 1/1:  87%|████████▋ | 73/84 [00:18<00:02,  4.06it/s, Loss=0.0608]
Client 1 - Epoch 1/1:  88%|████████▊ | 74/84 [00:18<00:02,  4.06it/s, Loss=0.0608]
Client 1 - Epoch 1/1:  88%|████████▊ | 74/84 [00:18<00:02,  4.06it/s, Loss=0.0776]
Client 1 - Epoch 1/1:  89%|████████▉ | 75/84 [00:18<00:02,  4.06it/s, Loss=0.0776]
Client 1 - Epoch 1/1:  89%|████████▉ | 75/84 [00:18<00:02,  4.06it/s, Loss=0.4609]
Client 1 - Epoch 1/1:  90%|█████████ | 76/84 [00:18<00:01,  4.04it/s, Loss=0.4609]
Client 1 - Epoch 1/1:  90%|█████████ | 76/84 [00:18<00:01,  4.04it/s, Loss=0.0141]
Client 1 - Epoch 1/1:  92%|█████████▏| 77/84 [00:18<00:01,  4.05it/s, Loss=0.0141]
Client 1 - Epoch 1/1:  92%|█████████▏| 77/84 [00:19<00:01,  4.05it/s, Loss=0.0630]
Client 1 - Epoch 1/1:  93%|█████████▎| 78/84 [00:19<00:01,  4.05it/s, Loss=0.0630]
Client 1 - Epoch 1/1:  93%|█████████▎| 78/84 [00:19<00:01,  4.05it/s, Loss=0.1367]
Client 1 - Epoch 1/1:  94%|█████████▍| 79/84 [00:19<00:01,  4.05it/s, Loss=0.1367]
Client 1 - Epoch 1/1:  94%|█████████▍| 79/84 [00:19<00:01,  4.05it/s, Loss=0.0337]
Client 1 - Epoch 1/1:  95%|█████████▌| 80/84 [00:19<00:00,  4.06it/s, Loss=0.0337]
Client 1 - Epoch 1/1:  95%|█████████▌| 80/84 [00:19<00:00,  4.06it/s, Loss=0.2334]
Client 1 - Epoch 1/1:  96%|█████████▋| 81/84 [00:19<00:00,  4.06it/s, Loss=0.2334]
Client 1 - Epoch 1/1:  96%|█████████▋| 81/84 [00:20<00:00,  4.06it/s, Loss=0.0125]
Client 1 - Epoch 1/1:  98%|█████████▊| 82/84 [00:20<00:00,  4.04it/s, Loss=0.0125]
Client 1 - Epoch 1/1:  98%|█████████▊| 82/84 [00:20<00:00,  4.04it/s, Loss=0.0427]
Client 1 - Epoch 1/1:  99%|█████████▉| 83/84 [00:20<00:00,  4.04it/s, Loss=0.0427]
Client 1 - Epoch 1/1:  99%|█████████▉| 83/84 [00:20<00:00,  4.04it/s, Loss=0.0225]
Client 1 - Epoch 1/1: 100%|██████████| 84/84 [00:20<00:00,  4.22it/s, Loss=0.0225]
Client 1 - Epoch 1/1: 100%|██████████| 84/84 [00:20<00:00,  4.06it/s, Loss=0.0225]
Client 1 - Epoch 1/1 | Avg Loss: 0.2197

Evaluating normal:   0%|          | 0/100 [00:00<?, ?it/s]
Evaluating normal:   0%|          | 0/100 [00:00<?, ?it/s, Accuracy=62.50%]
Evaluating normal:   1%|          | 1/100 [00:00<00:11,  9.00it/s, Accuracy=62.50%]
Evaluating normal:   1%|          | 1/100 [00:00<00:11,  9.00it/s, Accuracy=75.00%]
Evaluating normal:   2%|▏         | 2/100 [00:00<00:10,  9.09it/s, Accuracy=75.00%]
Evaluating normal:   2%|▏         | 2/100 [00:00<00:10,  9.09it/s, Accuracy=79.17%]
Evaluating normal:   3%|▎         | 3/100 [00:00<00:10,  9.13it/s, Accuracy=79.17%]
Evaluating normal:   3%|▎         | 3/100 [00:00<00:10,  9.13it/s, Accuracy=84.38%]
Evaluating normal:   4%|▍         | 4/100 [00:00<00:10,  9.14it/s, Accuracy=84.38%]
Evaluating normal:   4%|▍         | 4/100 [00:00<00:10,  9.14it/s, Accuracy=80.00%]
Evaluating normal:   5%|▌         | 5/100 [00:00<00:10,  9.16it/s, Accuracy=80.00%]
Evaluating normal:   5%|▌         | 5/100 [00:00<00:10,  9.16it/s, Accuracy=79.17%]
Evaluating normal:   6%|▌         | 6/100 [00:00<00:10,  9.17it/s, Accuracy=79.17%]
Evaluating normal:   6%|▌         | 6/100 [00:00<00:10,  9.17it/s, Accuracy=76.79%]
Evaluating normal:   7%|▋         | 7/100 [00:00<00:10,  9.18it/s, Accuracy=76.79%]
Evaluating normal:   7%|▋         | 7/100 [00:00<00:10,  9.18it/s, Accuracy=76.56%]
Evaluating normal:   8%|▊         | 8/100 [00:00<00:09,  9.21it/s, Accuracy=76.56%]
Evaluating normal:   8%|▊         | 8/100 [00:00<00:09,  9.21it/s, Accuracy=77.78%]
Evaluating normal:   9%|▉         | 9/100 [00:00<00:09,  9.23it/s, Accuracy=77.78%]
Evaluating normal:   9%|▉         | 9/100 [00:01<00:09,  9.23it/s, Accuracy=78.75%]
Evaluating normal:  10%|█         | 10/100 [00:01<00:09,  9.25it/s, Accuracy=78.75%]
Evaluating normal:  10%|█         | 10/100 [00:01<00:09,  9.25it/s, Accuracy=77.27%]
Evaluating normal:  11%|█         | 11/100 [00:01<00:09,  9.26it/s, Accuracy=77.27%]
Evaluating normal:  11%|█         | 11/100 [00:01<00:09,  9.26it/s, Accuracy=76.04%]
Evaluating normal:  12%|█▏        | 12/100 [00:01<00:09,  9.25it/s, Accuracy=76.04%]
Evaluating normal:  12%|█▏        | 12/100 [00:01<00:09,  9.25it/s, Accuracy=75.96%]
Evaluating normal:  13%|█▎        | 13/100 [00:01<00:09,  9.26it/s, Accuracy=75.96%]
Evaluating normal:  13%|█▎        | 13/100 [00:01<00:09,  9.26it/s, Accuracy=75.00%]
Evaluating normal:  14%|█▍        | 14/100 [00:01<00:09,  9.27it/s, Accuracy=75.00%]
Evaluating normal:  14%|█▍        | 14/100 [00:01<00:09,  9.27it/s, Accuracy=74.17%]
Evaluating normal:  15%|█▌        | 15/100 [00:01<00:09,  9.28it/s, Accuracy=74.17%]
Evaluating normal:  15%|█▌        | 15/100 [00:01<00:09,  9.28it/s, Accuracy=74.22%]
Evaluating normal:  16%|█▌        | 16/100 [00:01<00:09,  9.27it/s, Accuracy=74.22%]
Evaluating normal:  16%|█▌        | 16/100 [00:01<00:09,  9.27it/s, Accuracy=74.26%]
Evaluating normal:  17%|█▋        | 17/100 [00:01<00:09,  9.19it/s, Accuracy=74.26%]
Evaluating normal:  17%|█▋        | 17/100 [00:01<00:09,  9.19it/s, Accuracy=74.31%]
Evaluating normal:  18%|█▊        | 18/100 [00:01<00:08,  9.19it/s, Accuracy=74.31%]
Evaluating normal:  18%|█▊        | 18/100 [00:02<00:08,  9.19it/s, Accuracy=73.68%]
Evaluating normal:  19%|█▉        | 19/100 [00:02<00:08,  9.18it/s, Accuracy=73.68%]
Evaluating normal:  19%|█▉        | 19/100 [00:02<00:08,  9.18it/s, Accuracy=75.00%]
Evaluating normal:  20%|██        | 20/100 [00:02<00:08,  9.18it/s, Accuracy=75.00%]
Evaluating normal:  20%|██        | 20/100 [00:02<00:08,  9.18it/s, Accuracy=75.00%]
Evaluating normal:  21%|██        | 21/100 [00:02<00:08,  9.18it/s, Accuracy=75.00%]
Evaluating normal:  21%|██        | 21/100 [00:02<00:08,  9.18it/s, Accuracy=75.00%]
Evaluating normal:  22%|██▏       | 22/100 [00:02<00:08,  9.18it/s, Accuracy=75.00%]
Evaluating normal:  22%|██▏       | 22/100 [00:02<00:08,  9.18it/s, Accuracy=76.09%]
Evaluating normal:  23%|██▎       | 23/100 [00:02<00:08,  9.17it/s, Accuracy=76.09%]
Evaluating normal:  23%|██▎       | 23/100 [00:02<00:08,  9.17it/s, Accuracy=77.08%]
Evaluating normal:  24%|██▍       | 24/100 [00:02<00:08,  9.20it/s, Accuracy=77.08%]
Evaluating normal:  24%|██▍       | 24/100 [00:02<00:08,  9.20it/s, Accuracy=77.00%]
Evaluating normal:  25%|██▌       | 25/100 [00:02<00:08,  9.21it/s, Accuracy=77.00%]
Evaluating normal:  25%|██▌       | 25/100 [00:02<00:08,  9.21it/s, Accuracy=77.88%]
Evaluating normal:  26%|██▌       | 26/100 [00:02<00:08,  9.21it/s, Accuracy=77.88%]
Evaluating normal:  26%|██▌       | 26/100 [00:02<00:08,  9.21it/s, Accuracy=77.31%]
Evaluating normal:  27%|██▋       | 27/100 [00:02<00:07,  9.22it/s, Accuracy=77.31%]
Evaluating normal:  27%|██▋       | 27/100 [00:03<00:07,  9.22it/s, Accuracy=77.23%]
Evaluating normal:  28%|██▊       | 28/100 [00:03<00:07,  9.24it/s, Accuracy=77.23%]
Evaluating normal:  28%|██▊       | 28/100 [00:03<00:07,  9.24it/s, Accuracy=77.59%]
Evaluating normal:  29%|██▉       | 29/100 [00:03<00:07,  9.26it/s, Accuracy=77.59%]
Evaluating normal:  29%|██▉       | 29/100 [00:03<00:07,  9.26it/s, Accuracy=77.50%]
Evaluating normal:  30%|███       | 30/100 [00:03<00:07,  9.26it/s, Accuracy=77.50%]
Evaluating normal:  30%|███       | 30/100 [00:03<00:07,  9.26it/s, Accuracy=76.61%]
Evaluating normal:  31%|███       | 31/100 [00:03<00:07,  9.25it/s, Accuracy=76.61%]
Evaluating normal:  31%|███       | 31/100 [00:03<00:07,  9.25it/s, Accuracy=76.56%]
Evaluating normal:  32%|███▏      | 32/100 [00:03<00:07,  9.26it/s, Accuracy=76.56%]
Evaluating normal:  32%|███▏      | 32/100 [00:03<00:07,  9.26it/s, Accuracy=76.52%]
Evaluating normal:  33%|███▎      | 33/100 [00:03<00:07,  9.26it/s, Accuracy=76.52%]
Evaluating normal:  33%|███▎      | 33/100 [00:03<00:07,  9.26it/s, Accuracy=76.84%]
Evaluating normal:  34%|███▍      | 34/100 [00:03<00:07,  9.27it/s, Accuracy=76.84%]
Evaluating normal:  34%|███▍      | 34/100 [00:03<00:07,  9.27it/s, Accuracy=76.79%]
Evaluating normal:  35%|███▌      | 35/100 [00:03<00:07,  9.26it/s, Accuracy=76.79%]
Evaluating normal:  35%|███▌      | 35/100 [00:03<00:07,  9.26it/s, Accuracy=76.39%]
Evaluating normal:  36%|███▌      | 36/100 [00:03<00:06,  9.26it/s, Accuracy=76.39%]
Evaluating normal:  36%|███▌      | 36/100 [00:04<00:06,  9.26it/s, Accuracy=77.03%]
Evaluating normal:  37%|███▋      | 37/100 [00:04<00:06,  9.27it/s, Accuracy=77.03%]
Evaluating normal:  37%|███▋      | 37/100 [00:04<00:06,  9.27it/s, Accuracy=77.63%]
Evaluating normal:  38%|███▊      | 38/100 [00:04<00:06,  9.27it/s, Accuracy=77.63%]
Evaluating normal:  38%|███▊      | 38/100 [00:04<00:06,  9.27it/s, Accuracy=77.24%]
Evaluating normal:  39%|███▉      | 39/100 [00:04<00:06,  9.26it/s, Accuracy=77.24%]
Evaluating normal:  39%|███▉      | 39/100 [00:04<00:06,  9.26it/s, Accuracy=77.50%]
Evaluating normal:  40%|████      | 40/100 [00:04<00:06,  9.26it/s, Accuracy=77.50%]
Evaluating normal:  40%|████      | 40/100 [00:04<00:06,  9.26it/s, Accuracy=77.74%]
Evaluating normal:  41%|████      | 41/100 [00:04<00:06,  9.25it/s, Accuracy=77.74%]
Evaluating normal:  41%|████      | 41/100 [00:04<00:06,  9.25it/s, Accuracy=77.98%]
Evaluating normal:  42%|████▏     | 42/100 [00:04<00:06,  9.26it/s, Accuracy=77.98%]
Evaluating normal:  42%|████▏     | 42/100 [00:04<00:06,  9.26it/s, Accuracy=78.20%]
Evaluating normal:  43%|████▎     | 43/100 [00:04<00:06,  9.26it/s, Accuracy=78.20%]
Evaluating normal:  43%|████▎     | 43/100 [00:04<00:06,  9.26it/s, Accuracy=78.41%]
Evaluating normal:  44%|████▍     | 44/100 [00:04<00:06,  9.27it/s, Accuracy=78.41%]
Evaluating normal:  44%|████▍     | 44/100 [00:04<00:06,  9.27it/s, Accuracy=78.61%]
Evaluating normal:  45%|████▌     | 45/100 [00:04<00:05,  9.27it/s, Accuracy=78.61%]
Evaluating normal:  45%|████▌     | 45/100 [00:04<00:05,  9.27it/s, Accuracy=79.08%]
Evaluating normal:  46%|████▌     | 46/100 [00:04<00:05,  9.24it/s, Accuracy=79.08%]
Evaluating normal:  46%|████▌     | 46/100 [00:05<00:05,  9.24it/s, Accuracy=79.52%]
Evaluating normal:  47%|████▋     | 47/100 [00:05<00:05,  9.25it/s, Accuracy=79.52%]
Evaluating normal:  47%|████▋     | 47/100 [00:05<00:05,  9.25it/s, Accuracy=79.95%]
Evaluating normal:  48%|████▊     | 48/100 [00:05<00:05,  9.26it/s, Accuracy=79.95%]
Evaluating normal:  48%|████▊     | 48/100 [00:05<00:05,  9.26it/s, Accuracy=80.36%]
Evaluating normal:  49%|████▉     | 49/100 [00:05<00:05,  9.26it/s, Accuracy=80.36%]
Evaluating normal:  49%|████▉     | 49/100 [00:05<00:05,  9.26it/s, Accuracy=80.25%]
Evaluating normal:  50%|█████     | 50/100 [00:05<00:05,  9.25it/s, Accuracy=80.25%]
Evaluating normal:  50%|█████     | 50/100 [00:05<00:05,  9.25it/s, Accuracy=79.90%]
Evaluating normal:  51%|█████     | 51/100 [00:05<00:05,  9.25it/s, Accuracy=79.90%]
Evaluating normal:  51%|█████     | 51/100 [00:05<00:05,  9.25it/s, Accuracy=79.57%]
Evaluating normal:  52%|█████▏    | 52/100 [00:05<00:05,  9.25it/s, Accuracy=79.57%]
Evaluating normal:  52%|█████▏    | 52/100 [00:05<00:05,  9.25it/s, Accuracy=78.77%]
Evaluating normal:  53%|█████▎    | 53/100 [00:05<00:05,  9.17it/s, Accuracy=78.77%]
Evaluating normal:  53%|█████▎    | 53/100 [00:05<00:05,  9.17it/s, Accuracy=78.94%]
Evaluating normal:  54%|█████▍    | 54/100 [00:05<00:05,  9.15it/s, Accuracy=78.94%]
Evaluating normal:  54%|█████▍    | 54/100 [00:05<00:05,  9.15it/s, Accuracy=79.09%]
Evaluating normal:  55%|█████▌    | 55/100 [00:05<00:04,  9.14it/s, Accuracy=79.09%]
Evaluating normal:  55%|█████▌    | 55/100 [00:06<00:04,  9.14it/s, Accuracy=79.24%]
Evaluating normal:  56%|█████▌    | 56/100 [00:06<00:04,  9.14it/s, Accuracy=79.24%]
Evaluating normal:  56%|█████▌    | 56/100 [00:06<00:04,  9.14it/s, Accuracy=79.61%]
Evaluating normal:  57%|█████▋    | 57/100 [00:06<00:04,  9.15it/s, Accuracy=79.61%]
Evaluating normal:  57%|█████▋    | 57/100 [00:06<00:04,  9.15it/s, Accuracy=79.53%]
Evaluating normal:  58%|█████▊    | 58/100 [00:06<00:04,  9.15it/s, Accuracy=79.53%]
Evaluating normal:  58%|█████▊    | 58/100 [00:06<00:04,  9.15it/s, Accuracy=79.03%]
Evaluating normal:  59%|█████▉    | 59/100 [00:06<00:04,  9.13it/s, Accuracy=79.03%]
Evaluating normal:  59%|█████▉    | 59/100 [00:06<00:04,  9.13it/s, Accuracy=79.38%]
Evaluating normal:  60%|██████    | 60/100 [00:06<00:04,  9.14it/s, Accuracy=79.38%]
Evaluating normal:  60%|██████    | 60/100 [00:06<00:04,  9.14it/s, Accuracy=79.71%]
Evaluating normal:  61%|██████    | 61/100 [00:06<00:04,  9.17it/s, Accuracy=79.71%]
Evaluating normal:  61%|██████    | 61/100 [00:06<00:04,  9.17it/s, Accuracy=79.84%]
Evaluating normal:  62%|██████▏   | 62/100 [00:06<00:04,  9.18it/s, Accuracy=79.84%]
Evaluating normal:  62%|██████▏   | 62/100 [00:06<00:04,  9.18it/s, Accuracy=79.96%]
Evaluating normal:  63%|██████▎   | 63/100 [00:06<00:04,  9.20it/s, Accuracy=79.96%]
Evaluating normal:  63%|██████▎   | 63/100 [00:06<00:04,  9.20it/s, Accuracy=80.27%]
Evaluating normal:  64%|██████▍   | 64/100 [00:06<00:03,  9.19it/s, Accuracy=80.27%]
Evaluating normal:  64%|██████▍   | 64/100 [00:07<00:03,  9.19it/s, Accuracy=80.38%]
Evaluating normal:  65%|██████▌   | 65/100 [00:07<00:03,  9.22it/s, Accuracy=80.38%]
Evaluating normal:  65%|██████▌   | 65/100 [00:07<00:03,  9.22it/s, Accuracy=80.49%]
Evaluating normal:  66%|██████▌   | 66/100 [00:07<00:03,  9.23it/s, Accuracy=80.49%]
Evaluating normal:  66%|██████▌   | 66/100 [00:07<00:03,  9.23it/s, Accuracy=80.22%]
Evaluating normal:  67%|██████▋   | 67/100 [00:07<00:03,  9.24it/s, Accuracy=80.22%]
Evaluating normal:  67%|██████▋   | 67/100 [00:07<00:03,  9.24it/s, Accuracy=80.51%]
Evaluating normal:  68%|██████▊   | 68/100 [00:07<00:03,  9.24it/s, Accuracy=80.51%]
Evaluating normal:  68%|██████▊   | 68/100 [00:07<00:03,  9.24it/s, Accuracy=80.62%]
Evaluating normal:  69%|██████▉   | 69/100 [00:07<00:03,  9.25it/s, Accuracy=80.62%]
Evaluating normal:  69%|██████▉   | 69/100 [00:07<00:03,  9.25it/s, Accuracy=80.71%]
Evaluating normal:  70%|███████   | 70/100 [00:07<00:03,  9.26it/s, Accuracy=80.71%]
Evaluating normal:  70%|███████   | 70/100 [00:07<00:03,  9.26it/s, Accuracy=80.99%]
Evaluating normal:  71%|███████   | 71/100 [00:07<00:03,  9.26it/s, Accuracy=80.99%]
Evaluating normal:  71%|███████   | 71/100 [00:07<00:03,  9.26it/s, Accuracy=81.25%]
Evaluating normal:  72%|███████▏  | 72/100 [00:07<00:03,  9.27it/s, Accuracy=81.25%]
Evaluating normal:  72%|███████▏  | 72/100 [00:07<00:03,  9.27it/s, Accuracy=81.51%]
Evaluating normal:  73%|███████▎  | 73/100 [00:07<00:02,  9.27it/s, Accuracy=81.51%]
Evaluating normal:  73%|███████▎  | 73/100 [00:08<00:02,  9.27it/s, Accuracy=81.08%]
Evaluating normal:  74%|███████▍  | 74/100 [00:08<00:02,  9.26it/s, Accuracy=81.08%]
Evaluating normal:  74%|███████▍  | 74/100 [00:08<00:02,  9.26it/s, Accuracy=81.00%]
Evaluating normal:  75%|███████▌  | 75/100 [00:08<00:02,  9.27it/s, Accuracy=81.00%]
Evaluating normal:  75%|███████▌  | 75/100 [00:08<00:02,  9.27it/s, Accuracy=81.09%]
Evaluating normal:  76%|███████▌  | 76/100 [00:08<00:02,  9.26it/s, Accuracy=81.09%]
Evaluating normal:  76%|███████▌  | 76/100 [00:08<00:02,  9.26it/s, Accuracy=81.17%]
Evaluating normal:  77%|███████▋  | 77/100 [00:08<00:02,  9.27it/s, Accuracy=81.17%]
Evaluating normal:  77%|███████▋  | 77/100 [00:08<00:02,  9.27it/s, Accuracy=80.93%]
Evaluating normal:  78%|███████▊  | 78/100 [00:08<00:02,  9.25it/s, Accuracy=80.93%]
Evaluating normal:  78%|███████▊  | 78/100 [00:08<00:02,  9.25it/s, Accuracy=81.01%]
Evaluating normal:  79%|███████▉  | 79/100 [00:08<00:02,  9.25it/s, Accuracy=81.01%]
Evaluating normal:  79%|███████▉  | 79/100 [00:08<00:02,  9.25it/s, Accuracy=81.25%]
Evaluating normal:  80%|████████  | 80/100 [00:08<00:02,  9.25it/s, Accuracy=81.25%]
Evaluating normal:  80%|████████  | 80/100 [00:08<00:02,  9.25it/s, Accuracy=81.33%]
Evaluating normal:  81%|████████  | 81/100 [00:08<00:02,  9.25it/s, Accuracy=81.33%]
Evaluating normal:  81%|████████  | 81/100 [00:08<00:02,  9.25it/s, Accuracy=81.40%]
Evaluating normal:  82%|████████▏ | 82/100 [00:08<00:01,  9.25it/s, Accuracy=81.40%]
Evaluating normal:  82%|████████▏ | 82/100 [00:08<00:01,  9.25it/s, Accuracy=81.33%]
Evaluating normal:  83%|████████▎ | 83/100 [00:08<00:01,  9.26it/s, Accuracy=81.33%]
Evaluating normal:  83%|████████▎ | 83/100 [00:09<00:01,  9.26it/s, Accuracy=81.25%]
Evaluating normal:  84%|████████▍ | 84/100 [00:09<00:01,  9.26it/s, Accuracy=81.25%]
Evaluating normal:  84%|████████▍ | 84/100 [00:09<00:01,  9.26it/s, Accuracy=81.18%]
Evaluating normal:  85%|████████▌ | 85/100 [00:09<00:01,  9.26it/s, Accuracy=81.18%]
Evaluating normal:  85%|████████▌ | 85/100 [00:09<00:01,  9.26it/s, Accuracy=80.81%]
Evaluating normal:  86%|████████▌ | 86/100 [00:09<00:01,  9.27it/s, Accuracy=80.81%]
Evaluating normal:  86%|████████▌ | 86/100 [00:09<00:01,  9.27it/s, Accuracy=80.46%]
Evaluating normal:  87%|████████▋ | 87/100 [00:09<00:01,  9.27it/s, Accuracy=80.46%]
Evaluating normal:  87%|████████▋ | 87/100 [00:09<00:01,  9.27it/s, Accuracy=80.40%]
Evaluating normal:  88%|████████▊ | 88/100 [00:09<00:01,  9.27it/s, Accuracy=80.40%]
Evaluating normal:  88%|████████▊ | 88/100 [00:09<00:01,  9.27it/s, Accuracy=80.62%]
Evaluating normal:  89%|████████▉ | 89/100 [00:09<00:01,  9.19it/s, Accuracy=80.62%]
Evaluating normal:  89%|████████▉ | 89/100 [00:09<00:01,  9.19it/s, Accuracy=80.83%]
Evaluating normal:  90%|█████████ | 90/100 [00:09<00:01,  9.19it/s, Accuracy=80.83%]
Evaluating normal:  90%|█████████ | 90/100 [00:09<00:01,  9.19it/s, Accuracy=80.77%]
Evaluating normal:  91%|█████████ | 91/100 [00:09<00:00,  9.20it/s, Accuracy=80.77%]
Evaluating normal:  91%|█████████ | 91/100 [00:09<00:00,  9.20it/s, Accuracy=80.98%]
Evaluating normal:  92%|█████████▏| 92/100 [00:09<00:00,  9.22it/s, Accuracy=80.98%]
Evaluating normal:  92%|█████████▏| 92/100 [00:10<00:00,  9.22it/s, Accuracy=80.78%]
Evaluating normal:  93%|█████████▎| 93/100 [00:10<00:00,  9.24it/s, Accuracy=80.78%]
Evaluating normal:  93%|█████████▎| 93/100 [00:10<00:00,  9.24it/s, Accuracy=80.72%]
Evaluating normal:  94%|█████████▍| 94/100 [00:10<00:00,  9.24it/s, Accuracy=80.72%]
Evaluating normal:  94%|█████████▍| 94/100 [00:10<00:00,  9.24it/s, Accuracy=80.53%]
Evaluating normal:  95%|█████████▌| 95/100 [00:10<00:00,  9.24it/s, Accuracy=80.53%]
Evaluating normal:  95%|█████████▌| 95/100 [00:10<00:00,  9.24it/s, Accuracy=80.47%]
Evaluating normal:  96%|█████████▌| 96/100 [00:10<00:00,  9.25it/s, Accuracy=80.47%]
Evaluating normal:  96%|█████████▌| 96/100 [00:10<00:00,  9.25it/s, Accuracy=80.41%]
Evaluating normal:  97%|█████████▋| 97/100 [00:10<00:00,  9.23it/s, Accuracy=80.41%]
Evaluating normal:  97%|█████████▋| 97/100 [00:10<00:00,  9.23it/s, Accuracy=80.48%]
Evaluating normal:  98%|█████████▊| 98/100 [00:10<00:00,  9.19it/s, Accuracy=80.48%]
Evaluating normal:  98%|█████████▊| 98/100 [00:10<00:00,  9.19it/s, Accuracy=80.43%]
Evaluating normal:  99%|█████████▉| 99/100 [00:10<00:00,  9.20it/s, Accuracy=80.43%]
Evaluating normal:  99%|█████████▉| 99/100 [00:10<00:00,  9.20it/s, Accuracy=80.50%]
Evaluating normal: 100%|██████████| 100/100 [00:10<00:00,  9.22it/s, Accuracy=80.50%]
Evaluating normal: 100%|██████████| 100/100 [00:10<00:00,  9.23it/s, Accuracy=80.50%]
Test Accuracy (Normal): 0.8050

Evaluating adversarial:   0%|          | 0/100 [00:00<?, ?it/s]
Evaluating adversarial:   0%|          | 0/100 [00:00<?, ?it/s, Accuracy=0.00%]
Evaluating adversarial:   1%|          | 1/100 [00:00<00:34,  2.84it/s, Accuracy=0.00%]
Evaluating adversarial:   1%|          | 1/100 [00:00<00:34,  2.84it/s, Accuracy=0.00%]
Evaluating adversarial:   2%|▏         | 2/100 [00:00<00:34,  2.84it/s, Accuracy=0.00%]
Evaluating adversarial:   2%|▏         | 2/100 [00:01<00:34,  2.84it/s, Accuracy=0.00%]
Evaluating adversarial:   3%|▎         | 3/100 [00:01<00:34,  2.84it/s, Accuracy=0.00%]
Evaluating adversarial:   3%|▎         | 3/100 [00:01<00:34,  2.84it/s, Accuracy=0.00%]
Evaluating adversarial:   4%|▍         | 4/100 [00:01<00:33,  2.84it/s, Accuracy=0.00%]
Evaluating adversarial:   4%|▍         | 4/100 [00:01<00:33,  2.84it/s, Accuracy=0.00%]
Evaluating adversarial:   5%|▌         | 5/100 [00:01<00:33,  2.84it/s, Accuracy=0.00%]
Evaluating adversarial:   5%|▌         | 5/100 [00:02<00:33,  2.84it/s, Accuracy=0.00%]
Evaluating adversarial:   6%|▌         | 6/100 [00:02<00:33,  2.84it/s, Accuracy=0.00%]
Evaluating adversarial:   6%|▌         | 6/100 [00:02<00:33,  2.84it/s, Accuracy=0.00%]
Evaluating adversarial:   7%|▋         | 7/100 [00:02<00:32,  2.84it/s, Accuracy=0.00%]
Evaluating adversarial:   7%|▋         | 7/100 [00:02<00:32,  2.84it/s, Accuracy=0.00%]
Evaluating adversarial:   8%|▊         | 8/100 [00:02<00:32,  2.84it/s, Accuracy=0.00%]
Evaluating adversarial:   8%|▊         | 8/100 [00:03<00:32,  2.84it/s, Accuracy=0.00%]
Evaluating adversarial:   9%|▉         | 9/100 [00:03<00:32,  2.84it/s, Accuracy=0.00%]
Evaluating adversarial:   9%|▉         | 9/100 [00:03<00:32,  2.84it/s, Accuracy=0.00%]
Evaluating adversarial:  10%|█         | 10/100 [00:03<00:31,  2.84it/s, Accuracy=0.00%]
Evaluating adversarial:  10%|█         | 10/100 [00:03<00:31,  2.84it/s, Accuracy=0.00%]
Evaluating adversarial:  11%|█         | 11/100 [00:03<00:31,  2.84it/s, Accuracy=0.00%]
Evaluating adversarial:  11%|█         | 11/100 [00:04<00:31,  2.84it/s, Accuracy=0.00%]
Evaluating adversarial:  12%|█▏        | 12/100 [00:04<00:31,  2.84it/s, Accuracy=0.00%]
Evaluating adversarial:  12%|█▏        | 12/100 [00:04<00:31,  2.84it/s, Accuracy=0.00%]
Evaluating adversarial:  13%|█▎        | 13/100 [00:04<00:30,  2.84it/s, Accuracy=0.00%]
Evaluating adversarial:  13%|█▎        | 13/100 [00:04<00:30,  2.84it/s, Accuracy=0.00%]
Evaluating adversarial:  14%|█▍        | 14/100 [00:04<00:30,  2.84it/s, Accuracy=0.00%]
Evaluating adversarial:  14%|█▍        | 14/100 [00:05<00:30,  2.84it/s, Accuracy=0.00%]
Evaluating adversarial:  15%|█▌        | 15/100 [00:05<00:29,  2.84it/s, Accuracy=0.00%]
Evaluating adversarial:  15%|█▌        | 15/100 [00:05<00:29,  2.84it/s, Accuracy=0.00%]
Evaluating adversarial:  16%|█▌        | 16/100 [00:05<00:29,  2.84it/s, Accuracy=0.00%]
Evaluating adversarial:  16%|█▌        | 16/100 [00:05<00:29,  2.84it/s, Accuracy=0.00%]
Evaluating adversarial:  17%|█▋        | 17/100 [00:05<00:29,  2.82it/s, Accuracy=0.00%]
Evaluating adversarial:  17%|█▋        | 17/100 [00:06<00:29,  2.82it/s, Accuracy=0.00%]
Evaluating adversarial:  18%|█▊        | 18/100 [00:06<00:29,  2.83it/s, Accuracy=0.00%]
Evaluating adversarial:  18%|█▊        | 18/100 [00:06<00:29,  2.83it/s, Accuracy=0.00%]
Evaluating adversarial:  19%|█▉        | 19/100 [00:06<00:28,  2.83it/s, Accuracy=0.00%]
Evaluating adversarial:  19%|█▉        | 19/100 [00:07<00:28,  2.83it/s, Accuracy=0.00%]
Evaluating adversarial:  20%|██        | 20/100 [00:07<00:28,  2.83it/s, Accuracy=0.00%]
Evaluating adversarial:  20%|██        | 20/100 [00:07<00:28,  2.83it/s, Accuracy=0.00%]
Evaluating adversarial:  21%|██        | 21/100 [00:07<00:27,  2.83it/s, Accuracy=0.00%]
Evaluating adversarial:  21%|██        | 21/100 [00:07<00:27,  2.83it/s, Accuracy=0.00%]
Evaluating adversarial:  22%|██▏       | 22/100 [00:07<00:27,  2.83it/s, Accuracy=0.00%]
Evaluating adversarial:  22%|██▏       | 22/100 [00:08<00:27,  2.83it/s, Accuracy=0.00%]
Evaluating adversarial:  23%|██▎       | 23/100 [00:08<00:27,  2.83it/s, Accuracy=0.00%]
Evaluating adversarial:  23%|██▎       | 23/100 [00:08<00:27,  2.83it/s, Accuracy=0.00%]
Evaluating adversarial:  24%|██▍       | 24/100 [00:08<00:26,  2.83it/s, Accuracy=0.00%]
Evaluating adversarial:  24%|██▍       | 24/100 [00:08<00:26,  2.83it/s, Accuracy=0.00%]
Evaluating adversarial:  25%|██▌       | 25/100 [00:08<00:26,  2.83it/s, Accuracy=0.00%]
Evaluating adversarial:  25%|██▌       | 25/100 [00:09<00:26,  2.83it/s, Accuracy=0.00%]
Evaluating adversarial:  26%|██▌       | 26/100 [00:09<00:26,  2.83it/s, Accuracy=0.00%]
Evaluating adversarial:  26%|██▌       | 26/100 [00:09<00:26,  2.83it/s, Accuracy=0.00%]
Evaluating adversarial:  27%|██▋       | 27/100 [00:09<00:25,  2.83it/s, Accuracy=0.00%]
Evaluating adversarial:  27%|██▋       | 27/100 [00:09<00:25,  2.83it/s, Accuracy=0.00%]
Evaluating adversarial:  28%|██▊       | 28/100 [00:09<00:25,  2.83it/s, Accuracy=0.00%]
Evaluating adversarial:  28%|██▊       | 28/100 [00:10<00:25,  2.83it/s, Accuracy=0.00%]
Evaluating adversarial:  29%|██▉       | 29/100 [00:10<00:25,  2.83it/s, Accuracy=0.00%]
Evaluating adversarial:  29%|██▉       | 29/100 [00:10<00:25,  2.83it/s, Accuracy=0.00%]
Evaluating adversarial:  30%|███       | 30/100 [00:10<00:24,  2.83it/s, Accuracy=0.00%]
Evaluating adversarial:  30%|███       | 30/100 [00:10<00:24,  2.83it/s, Accuracy=0.00%]
Evaluating adversarial:  31%|███       | 31/100 [00:10<00:24,  2.83it/s, Accuracy=0.00%]
Evaluating adversarial:  31%|███       | 31/100 [00:11<00:24,  2.83it/s, Accuracy=0.00%]
Evaluating adversarial:  32%|███▏      | 32/100 [00:11<00:24,  2.82it/s, Accuracy=0.00%]
Evaluating adversarial:  32%|███▏      | 32/100 [00:11<00:24,  2.82it/s, Accuracy=0.00%]
Evaluating adversarial:  33%|███▎      | 33/100 [00:11<00:23,  2.82it/s, Accuracy=0.00%]
Evaluating adversarial:  33%|███▎      | 33/100 [00:12<00:23,  2.82it/s, Accuracy=0.00%]
Evaluating adversarial:  34%|███▍      | 34/100 [00:12<00:23,  2.83it/s, Accuracy=0.00%]
Evaluating adversarial:  34%|███▍      | 34/100 [00:12<00:23,  2.83it/s, Accuracy=0.00%]
Evaluating adversarial:  35%|███▌      | 35/100 [00:12<00:22,  2.83it/s, Accuracy=0.00%]
Evaluating adversarial:  35%|███▌      | 35/100 [00:12<00:22,  2.83it/s, Accuracy=0.00%]
Evaluating adversarial:  36%|███▌      | 36/100 [00:12<00:22,  2.83it/s, Accuracy=0.00%]
Evaluating adversarial:  36%|███▌      | 36/100 [00:13<00:22,  2.83it/s, Accuracy=0.00%]
Evaluating adversarial:  37%|███▋      | 37/100 [00:13<00:22,  2.83it/s, Accuracy=0.00%]
Evaluating adversarial:  37%|███▋      | 37/100 [00:13<00:22,  2.83it/s, Accuracy=0.00%]
Evaluating adversarial:  38%|███▊      | 38/100 [00:13<00:21,  2.83it/s, Accuracy=0.00%]
Evaluating adversarial:  38%|███▊      | 38/100 [00:13<00:21,  2.83it/s, Accuracy=0.00%]
Evaluating adversarial:  39%|███▉      | 39/100 [00:13<00:21,  2.83it/s, Accuracy=0.00%]
Evaluating adversarial:  39%|███▉      | 39/100 [00:14<00:21,  2.83it/s, Accuracy=0.00%]
Evaluating adversarial:  40%|████      | 40/100 [00:14<00:21,  2.83it/s, Accuracy=0.00%]
Evaluating adversarial:  40%|████      | 40/100 [00:14<00:21,  2.83it/s, Accuracy=0.00%]
Evaluating adversarial:  41%|████      | 41/100 [00:14<00:20,  2.83it/s, Accuracy=0.00%]
Evaluating adversarial:  41%|████      | 41/100 [00:14<00:20,  2.83it/s, Accuracy=0.00%]
Evaluating adversarial:  42%|████▏     | 42/100 [00:14<00:20,  2.83it/s, Accuracy=0.00%]
Evaluating adversarial:  42%|████▏     | 42/100 [00:15<00:20,  2.83it/s, Accuracy=0.00%]
Evaluating adversarial:  43%|████▎     | 43/100 [00:15<00:20,  2.83it/s, Accuracy=0.00%]
Evaluating adversarial:  43%|████▎     | 43/100 [00:15<00:20,  2.83it/s, Accuracy=0.00%]
Evaluating adversarial:  44%|████▍     | 44/100 [00:15<00:19,  2.83it/s, Accuracy=0.00%]
Evaluating adversarial:  44%|████▍     | 44/100 [00:15<00:19,  2.83it/s, Accuracy=0.00%]
Evaluating adversarial:  45%|████▌     | 45/100 [00:15<00:19,  2.83it/s, Accuracy=0.00%]
Evaluating adversarial:  45%|████▌     | 45/100 [00:16<00:19,  2.83it/s, Accuracy=0.00%]
Evaluating adversarial:  46%|████▌     | 46/100 [00:16<00:19,  2.82it/s, Accuracy=0.00%]
Evaluating adversarial:  46%|████▌     | 46/100 [00:16<00:19,  2.82it/s, Accuracy=0.00%]
Evaluating adversarial:  47%|████▋     | 47/100 [00:16<00:18,  2.82it/s, Accuracy=0.00%]
Evaluating adversarial:  47%|████▋     | 47/100 [00:16<00:18,  2.82it/s, Accuracy=0.00%]
Evaluating adversarial:  48%|████▊     | 48/100 [00:16<00:18,  2.83it/s, Accuracy=0.00%]
Evaluating adversarial:  48%|████▊     | 48/100 [00:17<00:18,  2.83it/s, Accuracy=0.00%]
Evaluating adversarial:  49%|████▉     | 49/100 [00:17<00:18,  2.82it/s, Accuracy=0.00%]
Evaluating adversarial:  49%|████▉     | 49/100 [00:17<00:18,  2.82it/s, Accuracy=0.00%]
Evaluating adversarial:  50%|█████     | 50/100 [00:17<00:17,  2.82it/s, Accuracy=0.00%]
Evaluating adversarial:  50%|█████     | 50/100 [00:18<00:17,  2.82it/s, Accuracy=0.00%]
Evaluating adversarial:  51%|█████     | 51/100 [00:18<00:17,  2.82it/s, Accuracy=0.00%]
Evaluating adversarial:  51%|█████     | 51/100 [00:18<00:17,  2.82it/s, Accuracy=0.00%]
Evaluating adversarial:  52%|█████▏    | 52/100 [00:18<00:17,  2.82it/s, Accuracy=0.00%]
Evaluating adversarial:  52%|█████▏    | 52/100 [00:18<00:17,  2.82it/s, Accuracy=0.00%]
Evaluating adversarial:  53%|█████▎    | 53/100 [00:18<00:16,  2.82it/s, Accuracy=0.00%]
Evaluating adversarial:  53%|█████▎    | 53/100 [00:19<00:16,  2.82it/s, Accuracy=0.00%]
Evaluating adversarial:  54%|█████▍    | 54/100 [00:19<00:16,  2.82it/s, Accuracy=0.00%]
Evaluating adversarial:  54%|█████▍    | 54/100 [00:19<00:16,  2.82it/s, Accuracy=0.00%]
Evaluating adversarial:  55%|█████▌    | 55/100 [00:19<00:15,  2.82it/s, Accuracy=0.00%]
Evaluating adversarial:  55%|█████▌    | 55/100 [00:19<00:15,  2.82it/s, Accuracy=0.00%]
Evaluating adversarial:  56%|█████▌    | 56/100 [00:19<00:15,  2.82it/s, Accuracy=0.00%]
Evaluating adversarial:  56%|█████▌    | 56/100 [00:20<00:15,  2.82it/s, Accuracy=0.00%]
Evaluating adversarial:  57%|█████▋    | 57/100 [00:20<00:15,  2.82it/s, Accuracy=0.00%]
Evaluating adversarial:  57%|█████▋    | 57/100 [00:20<00:15,  2.82it/s, Accuracy=0.00%]
Evaluating adversarial:  58%|█████▊    | 58/100 [00:20<00:14,  2.82it/s, Accuracy=0.00%]
Evaluating adversarial:  58%|█████▊    | 58/100 [00:20<00:14,  2.82it/s, Accuracy=0.00%]
Evaluating adversarial:  59%|█████▉    | 59/100 [00:20<00:14,  2.82it/s, Accuracy=0.00%]
Evaluating adversarial:  59%|█████▉    | 59/100 [00:21<00:14,  2.82it/s, Accuracy=0.00%]
Evaluating adversarial:  60%|██████    | 60/100 [00:21<00:14,  2.82it/s, Accuracy=0.00%]
Evaluating adversarial:  60%|██████    | 60/100 [00:21<00:14,  2.82it/s, Accuracy=0.00%]
Evaluating adversarial:  61%|██████    | 61/100 [00:21<00:13,  2.82it/s, Accuracy=0.00%]
Evaluating adversarial:  61%|██████    | 61/100 [00:21<00:13,  2.82it/s, Accuracy=0.00%]
Evaluating adversarial:  62%|██████▏   | 62/100 [00:21<00:13,  2.82it/s, Accuracy=0.00%]
Evaluating adversarial:  62%|██████▏   | 62/100 [00:22<00:13,  2.82it/s, Accuracy=0.00%]
Evaluating adversarial:  63%|██████▎   | 63/100 [00:22<00:13,  2.82it/s, Accuracy=0.00%]
Evaluating adversarial:  63%|██████▎   | 63/100 [00:22<00:13,  2.82it/s, Accuracy=0.00%]
Evaluating adversarial:  64%|██████▍   | 64/100 [00:22<00:12,  2.82it/s, Accuracy=0.00%]
Evaluating adversarial:  64%|██████▍   | 64/100 [00:22<00:12,  2.82it/s, Accuracy=0.00%]
Evaluating adversarial:  65%|██████▌   | 65/100 [00:22<00:12,  2.82it/s, Accuracy=0.00%]
Evaluating adversarial:  65%|██████▌   | 65/100 [00:23<00:12,  2.82it/s, Accuracy=0.00%]
Evaluating adversarial:  66%|██████▌   | 66/100 [00:23<00:12,  2.82it/s, Accuracy=0.00%]
Evaluating adversarial:  66%|██████▌   | 66/100 [00:23<00:12,  2.82it/s, Accuracy=0.00%]
Evaluating adversarial:  67%|██████▋   | 67/100 [00:23<00:11,  2.82it/s, Accuracy=0.00%]
Evaluating adversarial:  67%|██████▋   | 67/100 [00:24<00:11,  2.82it/s, Accuracy=0.00%]
Evaluating adversarial:  68%|██████▊   | 68/100 [00:24<00:11,  2.83it/s, Accuracy=0.00%]
Evaluating adversarial:  68%|██████▊   | 68/100 [00:24<00:11,  2.83it/s, Accuracy=0.00%]
Evaluating adversarial:  69%|██████▉   | 69/100 [00:24<00:10,  2.83it/s, Accuracy=0.00%]
Evaluating adversarial:  69%|██████▉   | 69/100 [00:24<00:10,  2.83it/s, Accuracy=0.00%]
Evaluating adversarial:  70%|███████   | 70/100 [00:24<00:10,  2.82it/s, Accuracy=0.00%]
Evaluating adversarial:  70%|███████   | 70/100 [00:25<00:10,  2.82it/s, Accuracy=0.00%]
Evaluating adversarial:  71%|███████   | 71/100 [00:25<00:10,  2.83it/s, Accuracy=0.00%]
Evaluating adversarial:  71%|███████   | 71/100 [00:25<00:10,  2.83it/s, Accuracy=0.00%]
Evaluating adversarial:  72%|███████▏  | 72/100 [00:25<00:09,  2.83it/s, Accuracy=0.00%]
Evaluating adversarial:  72%|███████▏  | 72/100 [00:25<00:09,  2.83it/s, Accuracy=0.00%]
Evaluating adversarial:  73%|███████▎  | 73/100 [00:25<00:09,  2.83it/s, Accuracy=0.00%]
Evaluating adversarial:  73%|███████▎  | 73/100 [00:26<00:09,  2.83it/s, Accuracy=0.00%]
Evaluating adversarial:  74%|███████▍  | 74/100 [00:26<00:09,  2.83it/s, Accuracy=0.00%]
Evaluating adversarial:  74%|███████▍  | 74/100 [00:26<00:09,  2.83it/s, Accuracy=0.00%]
Evaluating adversarial:  75%|███████▌  | 75/100 [00:26<00:08,  2.83it/s, Accuracy=0.00%]
Evaluating adversarial:  75%|███████▌  | 75/100 [00:26<00:08,  2.83it/s, Accuracy=0.00%]
Evaluating adversarial:  76%|███████▌  | 76/100 [00:26<00:08,  2.83it/s, Accuracy=0.00%]
Evaluating adversarial:  76%|███████▌  | 76/100 [00:27<00:08,  2.83it/s, Accuracy=0.00%]
Evaluating adversarial:  77%|███████▋  | 77/100 [00:27<00:08,  2.83it/s, Accuracy=0.00%]
Evaluating adversarial:  77%|███████▋  | 77/100 [00:27<00:08,  2.83it/s, Accuracy=0.00%]
Evaluating adversarial:  78%|███████▊  | 78/100 [00:27<00:07,  2.83it/s, Accuracy=0.00%]
Evaluating adversarial:  78%|███████▊  | 78/100 [00:27<00:07,  2.83it/s, Accuracy=0.00%]
Evaluating adversarial:  79%|███████▉  | 79/100 [00:27<00:07,  2.83it/s, Accuracy=0.00%]
Evaluating adversarial:  79%|███████▉  | 79/100 [00:28<00:07,  2.83it/s, Accuracy=0.00%]
Evaluating adversarial:  80%|████████  | 80/100 [00:28<00:07,  2.82it/s, Accuracy=0.00%]
Evaluating adversarial:  80%|████████  | 80/100 [00:28<00:07,  2.82it/s, Accuracy=0.00%]
Evaluating adversarial:  81%|████████  | 81/100 [00:28<00:06,  2.82it/s, Accuracy=0.00%]
Evaluating adversarial:  81%|████████  | 81/100 [00:28<00:06,  2.82it/s, Accuracy=0.00%]
Evaluating adversarial:  82%|████████▏ | 82/100 [00:28<00:06,  2.83it/s, Accuracy=0.00%]
Evaluating adversarial:  82%|████████▏ | 82/100 [00:29<00:06,  2.83it/s, Accuracy=0.00%]
Evaluating adversarial:  83%|████████▎ | 83/100 [00:29<00:06,  2.82it/s, Accuracy=0.00%]
Evaluating adversarial:  83%|████████▎ | 83/100 [00:29<00:06,  2.82it/s, Accuracy=0.00%]
Evaluating adversarial:  84%|████████▍ | 84/100 [00:29<00:05,  2.82it/s, Accuracy=0.00%]
Evaluating adversarial:  84%|████████▍ | 84/100 [00:30<00:05,  2.82it/s, Accuracy=0.00%]
Evaluating adversarial:  85%|████████▌ | 85/100 [00:30<00:05,  2.82it/s, Accuracy=0.00%]
Evaluating adversarial:  85%|████████▌ | 85/100 [00:30<00:05,  2.82it/s, Accuracy=0.00%]
Evaluating adversarial:  86%|████████▌ | 86/100 [00:30<00:04,  2.82it/s, Accuracy=0.00%]
Evaluating adversarial:  86%|████████▌ | 86/100 [00:30<00:04,  2.82it/s, Accuracy=0.00%]
Evaluating adversarial:  87%|████████▋ | 87/100 [00:30<00:04,  2.82it/s, Accuracy=0.00%]
Evaluating adversarial:  87%|████████▋ | 87/100 [00:31<00:04,  2.82it/s, Accuracy=0.00%]
Evaluating adversarial:  88%|████████▊ | 88/100 [00:31<00:04,  2.82it/s, Accuracy=0.00%]
Evaluating adversarial:  88%|████████▊ | 88/100 [00:31<00:04,  2.82it/s, Accuracy=0.00%]
Evaluating adversarial:  89%|████████▉ | 89/100 [00:31<00:03,  2.83it/s, Accuracy=0.00%]
Evaluating adversarial:  89%|████████▉ | 89/100 [00:31<00:03,  2.83it/s, Accuracy=0.00%]
Evaluating adversarial:  90%|█████████ | 90/100 [00:31<00:03,  2.82it/s, Accuracy=0.00%]
Evaluating adversarial:  90%|█████████ | 90/100 [00:32<00:03,  2.82it/s, Accuracy=0.00%]
Evaluating adversarial:  91%|█████████ | 91/100 [00:32<00:03,  2.82it/s, Accuracy=0.00%]
Evaluating adversarial:  91%|█████████ | 91/100 [00:32<00:03,  2.82it/s, Accuracy=0.00%]
Evaluating adversarial:  92%|█████████▏| 92/100 [00:32<00:02,  2.82it/s, Accuracy=0.00%]
Evaluating adversarial:  92%|█████████▏| 92/100 [00:32<00:02,  2.82it/s, Accuracy=0.00%]
Evaluating adversarial:  93%|█████████▎| 93/100 [00:32<00:02,  2.83it/s, Accuracy=0.00%]
Evaluating adversarial:  93%|█████████▎| 93/100 [00:33<00:02,  2.83it/s, Accuracy=0.00%]
Evaluating adversarial:  94%|█████████▍| 94/100 [00:33<00:02,  2.82it/s, Accuracy=0.00%]
Evaluating adversarial:  94%|█████████▍| 94/100 [00:33<00:02,  2.82it/s, Accuracy=0.00%]
Evaluating adversarial:  95%|█████████▌| 95/100 [00:33<00:01,  2.82it/s, Accuracy=0.00%]
Evaluating adversarial:  95%|█████████▌| 95/100 [00:33<00:01,  2.82it/s, Accuracy=0.00%]
Evaluating adversarial:  96%|█████████▌| 96/100 [00:33<00:01,  2.82it/s, Accuracy=0.00%]
Evaluating adversarial:  96%|█████████▌| 96/100 [00:34<00:01,  2.82it/s, Accuracy=0.00%]
Evaluating adversarial:  97%|█████████▋| 97/100 [00:34<00:01,  2.82it/s, Accuracy=0.00%]
Evaluating adversarial:  97%|█████████▋| 97/100 [00:34<00:01,  2.82it/s, Accuracy=0.00%]
Evaluating adversarial:  98%|█████████▊| 98/100 [00:34<00:00,  2.82it/s, Accuracy=0.00%]
Evaluating adversarial:  98%|█████████▊| 98/100 [00:35<00:00,  2.82it/s, Accuracy=0.00%]
Evaluating adversarial:  99%|█████████▉| 99/100 [00:35<00:00,  2.82it/s, Accuracy=0.00%]
Evaluating adversarial:  99%|█████████▉| 99/100 [00:35<00:00,  2.82it/s, Accuracy=0.00%]
Evaluating adversarial: 100%|██████████| 100/100 [00:35<00:00,  2.82it/s, Accuracy=0.00%]
Evaluating adversarial: 100%|██████████| 100/100 [00:35<00:00,  2.83it/s, Accuracy=0.00%]
Test Accuracy (Adversarial): 0.0000
Round 3 duration: 112.70 seconds

--- Round 4/20 ---
Selected 5 clients for training

Client 1 - Epoch 1/1:   0%|          | 0/84 [00:00<?, ?it/s]
Client 1 - Epoch 1/1:   0%|          | 0/84 [00:00<?, ?it/s, Loss=0.4922]
Client 1 - Epoch 1/1:   1%|          | 1/84 [00:00<00:20,  4.03it/s, Loss=0.4922]
Client 1 - Epoch 1/1:   1%|          | 1/84 [00:00<00:20,  4.03it/s, Loss=0.2021]
Client 1 - Epoch 1/1:   2%|▏         | 2/84 [00:00<00:20,  4.04it/s, Loss=0.2021]
Client 1 - Epoch 1/1:   2%|▏         | 2/84 [00:00<00:20,  4.04it/s, Loss=0.1416]
Client 1 - Epoch 1/1:   4%|▎         | 3/84 [00:00<00:20,  4.05it/s, Loss=0.1416]
Client 1 - Epoch 1/1:   4%|▎         | 3/84 [00:00<00:20,  4.05it/s, Loss=0.1260]
Client 1 - Epoch 1/1:   5%|▍         | 4/84 [00:00<00:19,  4.04it/s, Loss=0.1260]
Client 1 - Epoch 1/1:   5%|▍         | 4/84 [00:01<00:19,  4.04it/s, Loss=0.0227]
Client 1 - Epoch 1/1:   6%|▌         | 5/84 [00:01<00:19,  4.04it/s, Loss=0.0227]
Client 1 - Epoch 1/1:   6%|▌         | 5/84 [00:01<00:19,  4.04it/s, Loss=0.2598]
Client 1 - Epoch 1/1:   7%|▋         | 6/84 [00:01<00:19,  4.04it/s, Loss=0.2598]
Client 1 - Epoch 1/1:   7%|▋         | 6/84 [00:01<00:19,  4.04it/s, Loss=0.1455]
Client 1 - Epoch 1/1:   8%|▊         | 7/84 [00:01<00:19,  4.03it/s, Loss=0.1455]
Client 1 - Epoch 1/1:   8%|▊         | 7/84 [00:01<00:19,  4.03it/s, Loss=0.0581]
Client 1 - Epoch 1/1:  10%|▉         | 8/84 [00:01<00:18,  4.03it/s, Loss=0.0581]
Client 1 - Epoch 1/1:  10%|▉         | 8/84 [00:02<00:18,  4.03it/s, Loss=1.0469]
Client 1 - Epoch 1/1:  11%|█         | 9/84 [00:02<00:18,  4.03it/s, Loss=1.0469]
Client 1 - Epoch 1/1:  11%|█         | 9/84 [00:02<00:18,  4.03it/s, Loss=0.0320]
Client 1 - Epoch 1/1:  12%|█▏        | 10/84 [00:02<00:18,  4.04it/s, Loss=0.0320]
Client 1 - Epoch 1/1:  12%|█▏        | 10/84 [00:02<00:18,  4.04it/s, Loss=0.0334]
Client 1 - Epoch 1/1:  13%|█▎        | 11/84 [00:02<00:18,  4.04it/s, Loss=0.0334]
Client 1 - Epoch 1/1:  13%|█▎        | 11/84 [00:02<00:18,  4.04it/s, Loss=0.0334]
Client 1 - Epoch 1/1:  14%|█▍        | 12/84 [00:02<00:17,  4.04it/s, Loss=0.0334]
Client 1 - Epoch 1/1:  14%|█▍        | 12/84 [00:03<00:17,  4.04it/s, Loss=0.0192]
Client 1 - Epoch 1/1:  15%|█▌        | 13/84 [00:03<00:17,  4.04it/s, Loss=0.0192]
Client 1 - Epoch 1/1:  15%|█▌        | 13/84 [00:03<00:17,  4.04it/s, Loss=0.3770]
Client 1 - Epoch 1/1:  17%|█▋        | 14/84 [00:03<00:17,  4.05it/s, Loss=0.3770]
Client 1 - Epoch 1/1:  17%|█▋        | 14/84 [00:03<00:17,  4.05it/s, Loss=0.0167]
Client 1 - Epoch 1/1:  18%|█▊        | 15/84 [00:03<00:17,  4.04it/s, Loss=0.0167]
Client 1 - Epoch 1/1:  18%|█▊        | 15/84 [00:03<00:17,  4.04it/s, Loss=0.1084]
Client 1 - Epoch 1/1:  19%|█▉        | 16/84 [00:03<00:16,  4.04it/s, Loss=0.1084]
Client 1 - Epoch 1/1:  19%|█▉        | 16/84 [00:04<00:16,  4.04it/s, Loss=0.2373]
Client 1 - Epoch 1/1:  20%|██        | 17/84 [00:04<00:16,  4.04it/s, Loss=0.2373]
Client 1 - Epoch 1/1:  20%|██        | 17/84 [00:04<00:16,  4.04it/s, Loss=0.0280]
Client 1 - Epoch 1/1:  21%|██▏       | 18/84 [00:04<00:16,  4.04it/s, Loss=0.0280]
Client 1 - Epoch 1/1:  21%|██▏       | 18/84 [00:04<00:16,  4.04it/s, Loss=0.0161]
Client 1 - Epoch 1/1:  23%|██▎       | 19/84 [00:04<00:16,  4.04it/s, Loss=0.0161]
Client 1 - Epoch 1/1:  23%|██▎       | 19/84 [00:04<00:16,  4.04it/s, Loss=0.0535]
Client 1 - Epoch 1/1:  24%|██▍       | 20/84 [00:04<00:15,  4.05it/s, Loss=0.0535]
Client 1 - Epoch 1/1:  24%|██▍       | 20/84 [00:05<00:15,  4.05it/s, Loss=0.0255]
Client 1 - Epoch 1/1:  25%|██▌       | 21/84 [00:05<00:15,  4.06it/s, Loss=0.0255]
Client 1 - Epoch 1/1:  25%|██▌       | 21/84 [00:05<00:15,  4.06it/s, Loss=0.0569]
Client 1 - Epoch 1/1:  26%|██▌       | 22/84 [00:05<00:15,  4.05it/s, Loss=0.0569]
Client 1 - Epoch 1/1:  26%|██▌       | 22/84 [00:05<00:15,  4.05it/s, Loss=0.0942]
Client 1 - Epoch 1/1:  27%|██▋       | 23/84 [00:05<00:15,  4.05it/s, Loss=0.0942]
Client 1 - Epoch 1/1:  27%|██▋       | 23/84 [00:05<00:15,  4.05it/s, Loss=0.3848]
Client 1 - Epoch 1/1:  29%|██▊       | 24/84 [00:05<00:14,  4.06it/s, Loss=0.3848]
Client 1 - Epoch 1/1:  29%|██▊       | 24/84 [00:06<00:14,  4.06it/s, Loss=0.0835]
Client 1 - Epoch 1/1:  30%|██▉       | 25/84 [00:06<00:14,  4.06it/s, Loss=0.0835]
Client 1 - Epoch 1/1:  30%|██▉       | 25/84 [00:06<00:14,  4.06it/s, Loss=0.1157]
Client 1 - Epoch 1/1:  31%|███       | 26/84 [00:06<00:14,  4.04it/s, Loss=0.1157]
Client 1 - Epoch 1/1:  31%|███       | 26/84 [00:06<00:14,  4.04it/s, Loss=0.1592]
Client 1 - Epoch 1/1:  32%|███▏      | 27/84 [00:06<00:14,  4.05it/s, Loss=0.1592]
Client 1 - Epoch 1/1:  32%|███▏      | 27/84 [00:06<00:14,  4.05it/s, Loss=0.5547]
Client 1 - Epoch 1/1:  33%|███▎      | 28/84 [00:06<00:13,  4.05it/s, Loss=0.5547]
Client 1 - Epoch 1/1:  33%|███▎      | 28/84 [00:07<00:13,  4.05it/s, Loss=0.0645]
Client 1 - Epoch 1/1:  35%|███▍      | 29/84 [00:07<00:13,  4.04it/s, Loss=0.0645]
Client 1 - Epoch 1/1:  35%|███▍      | 29/84 [00:07<00:13,  4.04it/s, Loss=0.5703]
Client 1 - Epoch 1/1:  36%|███▌      | 30/84 [00:07<00:13,  4.04it/s, Loss=0.5703]
Client 1 - Epoch 1/1:  36%|███▌      | 30/84 [00:07<00:13,  4.04it/s, Loss=0.0292]
Client 1 - Epoch 1/1:  37%|███▋      | 31/84 [00:07<00:13,  4.04it/s, Loss=0.0292]
Client 1 - Epoch 1/1:  37%|███▋      | 31/84 [00:07<00:13,  4.04it/s, Loss=0.1260]
Client 1 - Epoch 1/1:  38%|███▊      | 32/84 [00:07<00:12,  4.05it/s, Loss=0.1260]
Client 1 - Epoch 1/1:  38%|███▊      | 32/84 [00:08<00:12,  4.05it/s, Loss=0.0510]
Client 1 - Epoch 1/1:  39%|███▉      | 33/84 [00:08<00:12,  4.05it/s, Loss=0.0510]
Client 1 - Epoch 1/1:  39%|███▉      | 33/84 [00:08<00:12,  4.05it/s, Loss=0.0398]
Client 1 - Epoch 1/1:  40%|████      | 34/84 [00:08<00:12,  4.05it/s, Loss=0.0398]
Client 1 - Epoch 1/1:  40%|████      | 34/84 [00:08<00:12,  4.05it/s, Loss=0.3984]
Client 1 - Epoch 1/1:  42%|████▏     | 35/84 [00:08<00:12,  4.05it/s, Loss=0.3984]
Client 1 - Epoch 1/1:  42%|████▏     | 35/84 [00:08<00:12,  4.05it/s, Loss=0.2422]
Client 1 - Epoch 1/1:  43%|████▎     | 36/84 [00:08<00:11,  4.05it/s, Loss=0.2422]
Client 1 - Epoch 1/1:  43%|████▎     | 36/84 [00:09<00:11,  4.05it/s, Loss=0.0291]
Client 1 - Epoch 1/1:  44%|████▍     | 37/84 [00:09<00:11,  4.05it/s, Loss=0.0291]
Client 1 - Epoch 1/1:  44%|████▍     | 37/84 [00:09<00:11,  4.05it/s, Loss=0.4023]
Client 1 - Epoch 1/1:  45%|████▌     | 38/84 [00:09<00:11,  4.05it/s, Loss=0.4023]
Client 1 - Epoch 1/1:  45%|████▌     | 38/84 [00:09<00:11,  4.05it/s, Loss=0.0854]
Client 1 - Epoch 1/1:  46%|████▋     | 39/84 [00:09<00:11,  4.05it/s, Loss=0.0854]
Client 1 - Epoch 1/1:  46%|████▋     | 39/84 [00:09<00:11,  4.05it/s, Loss=0.1099]
Client 1 - Epoch 1/1:  48%|████▊     | 40/84 [00:09<00:10,  4.05it/s, Loss=0.1099]
Client 1 - Epoch 1/1:  48%|████▊     | 40/84 [00:10<00:10,  4.05it/s, Loss=0.2217]
Client 1 - Epoch 1/1:  49%|████▉     | 41/84 [00:10<00:10,  4.06it/s, Loss=0.2217]
Client 1 - Epoch 1/1:  49%|████▉     | 41/84 [00:10<00:10,  4.06it/s, Loss=0.0486]
Client 1 - Epoch 1/1:  50%|█████     | 42/84 [00:10<00:10,  4.06it/s, Loss=0.0486]
Client 1 - Epoch 1/1:  50%|█████     | 42/84 [00:10<00:10,  4.06it/s, Loss=0.0225]
Client 1 - Epoch 1/1:  51%|█████     | 43/84 [00:10<00:10,  4.06it/s, Loss=0.0225]
Client 1 - Epoch 1/1:  51%|█████     | 43/84 [00:10<00:10,  4.06it/s, Loss=0.0889]
Client 1 - Epoch 1/1:  52%|█████▏    | 44/84 [00:10<00:09,  4.06it/s, Loss=0.0889]
Client 1 - Epoch 1/1:  52%|█████▏    | 44/84 [00:11<00:09,  4.06it/s, Loss=0.0067]
Client 1 - Epoch 1/1:  54%|█████▎    | 45/84 [00:11<00:09,  4.06it/s, Loss=0.0067]
Client 1 - Epoch 1/1:  54%|█████▎    | 45/84 [00:11<00:09,  4.06it/s, Loss=0.1040]
Client 1 - Epoch 1/1:  55%|█████▍    | 46/84 [00:11<00:09,  4.06it/s, Loss=0.1040]
Client 1 - Epoch 1/1:  55%|█████▍    | 46/84 [00:11<00:09,  4.06it/s, Loss=0.4512]
Client 1 - Epoch 1/1:  56%|█████▌    | 47/84 [00:11<00:09,  4.05it/s, Loss=0.4512]
Client 1 - Epoch 1/1:  56%|█████▌    | 47/84 [00:11<00:09,  4.05it/s, Loss=0.0845]
Client 1 - Epoch 1/1:  57%|█████▋    | 48/84 [00:11<00:08,  4.05it/s, Loss=0.0845]
Client 1 - Epoch 1/1:  57%|█████▋    | 48/84 [00:12<00:08,  4.05it/s, Loss=0.0659]
Client 1 - Epoch 1/1:  58%|█████▊    | 49/84 [00:12<00:08,  4.05it/s, Loss=0.0659]
Client 1 - Epoch 1/1:  58%|█████▊    | 49/84 [00:12<00:08,  4.05it/s, Loss=0.8711]
Client 1 - Epoch 1/1:  60%|█████▉    | 50/84 [00:12<00:08,  4.05it/s, Loss=0.8711]
Client 1 - Epoch 1/1:  60%|█████▉    | 50/84 [00:12<00:08,  4.05it/s, Loss=0.2109]
Client 1 - Epoch 1/1:  61%|██████    | 51/84 [00:12<00:08,  4.05it/s, Loss=0.2109]
Client 1 - Epoch 1/1:  61%|██████    | 51/84 [00:12<00:08,  4.05it/s, Loss=0.1582]
Client 1 - Epoch 1/1:  62%|██████▏   | 52/84 [00:12<00:07,  4.06it/s, Loss=0.1582]
Client 1 - Epoch 1/1:  62%|██████▏   | 52/84 [00:13<00:07,  4.06it/s, Loss=0.0352]
Client 1 - Epoch 1/1:  63%|██████▎   | 53/84 [00:13<00:07,  4.05it/s, Loss=0.0352]
Client 1 - Epoch 1/1:  63%|██████▎   | 53/84 [00:13<00:07,  4.05it/s, Loss=0.0845]
Client 1 - Epoch 1/1:  64%|██████▍   | 54/84 [00:13<00:07,  4.05it/s, Loss=0.0845]
Client 1 - Epoch 1/1:  64%|██████▍   | 54/84 [00:13<00:07,  4.05it/s, Loss=0.0325]
Client 1 - Epoch 1/1:  65%|██████▌   | 55/84 [00:13<00:07,  4.05it/s, Loss=0.0325]
Client 1 - Epoch 1/1:  65%|██████▌   | 55/84 [00:13<00:07,  4.05it/s, Loss=0.0447]
Client 1 - Epoch 1/1:  67%|██████▋   | 56/84 [00:13<00:06,  4.05it/s, Loss=0.0447]
Client 1 - Epoch 1/1:  67%|██████▋   | 56/84 [00:14<00:06,  4.05it/s, Loss=0.2617]
Client 1 - Epoch 1/1:  68%|██████▊   | 57/84 [00:14<00:06,  4.05it/s, Loss=0.2617]
Client 1 - Epoch 1/1:  68%|██████▊   | 57/84 [00:14<00:06,  4.05it/s, Loss=0.5781]
Client 1 - Epoch 1/1:  69%|██████▉   | 58/84 [00:14<00:06,  4.05it/s, Loss=0.5781]
Client 1 - Epoch 1/1:  69%|██████▉   | 58/84 [00:14<00:06,  4.05it/s, Loss=0.0967]
Client 1 - Epoch 1/1:  70%|███████   | 59/84 [00:14<00:06,  4.05it/s, Loss=0.0967]
Client 1 - Epoch 1/1:  70%|███████   | 59/84 [00:14<00:06,  4.05it/s, Loss=0.0596]
Client 1 - Epoch 1/1:  71%|███████▏  | 60/84 [00:14<00:05,  4.06it/s, Loss=0.0596]
Client 1 - Epoch 1/1:  71%|███████▏  | 60/84 [00:15<00:05,  4.06it/s, Loss=0.1279]
Client 1 - Epoch 1/1:  73%|███████▎  | 61/84 [00:15<00:05,  4.06it/s, Loss=0.1279]
Client 1 - Epoch 1/1:  73%|███████▎  | 61/84 [00:15<00:05,  4.06it/s, Loss=0.0757]
Client 1 - Epoch 1/1:  74%|███████▍  | 62/84 [00:15<00:05,  4.06it/s, Loss=0.0757]
Client 1 - Epoch 1/1:  74%|███████▍  | 62/84 [00:15<00:05,  4.06it/s, Loss=0.0177]
Client 1 - Epoch 1/1:  75%|███████▌  | 63/84 [00:15<00:05,  4.06it/s, Loss=0.0177]
Client 1 - Epoch 1/1:  75%|███████▌  | 63/84 [00:15<00:05,  4.06it/s, Loss=0.0337]
Client 1 - Epoch 1/1:  76%|███████▌  | 64/84 [00:15<00:04,  4.05it/s, Loss=0.0337]
Client 1 - Epoch 1/1:  76%|███████▌  | 64/84 [00:16<00:04,  4.05it/s, Loss=0.0598]
Client 1 - Epoch 1/1:  77%|███████▋  | 65/84 [00:16<00:04,  4.05it/s, Loss=0.0598]
Client 1 - Epoch 1/1:  77%|███████▋  | 65/84 [00:16<00:04,  4.05it/s, Loss=0.0771]
Client 1 - Epoch 1/1:  79%|███████▊  | 66/84 [00:16<00:04,  4.04it/s, Loss=0.0771]
Client 1 - Epoch 1/1:  79%|███████▊  | 66/84 [00:16<00:04,  4.04it/s, Loss=0.0080]
Client 1 - Epoch 1/1:  80%|███████▉  | 67/84 [00:16<00:04,  4.05it/s, Loss=0.0080]
Client 1 - Epoch 1/1:  80%|███████▉  | 67/84 [00:16<00:04,  4.05it/s, Loss=0.1689]
Client 1 - Epoch 1/1:  81%|████████  | 68/84 [00:16<00:03,  4.05it/s, Loss=0.1689]
Client 1 - Epoch 1/1:  81%|████████  | 68/84 [00:17<00:03,  4.05it/s, Loss=0.2061]
Client 1 - Epoch 1/1:  82%|████████▏ | 69/84 [00:17<00:03,  4.05it/s, Loss=0.2061]
Client 1 - Epoch 1/1:  82%|████████▏ | 69/84 [00:17<00:03,  4.05it/s, Loss=0.1748]
Client 1 - Epoch 1/1:  83%|████████▎ | 70/84 [00:17<00:03,  4.05it/s, Loss=0.1748]
Client 1 - Epoch 1/1:  83%|████████▎ | 70/84 [00:17<00:03,  4.05it/s, Loss=0.0114]
Client 1 - Epoch 1/1:  85%|████████▍ | 71/84 [00:17<00:03,  4.05it/s, Loss=0.0114]
Client 1 - Epoch 1/1:  85%|████████▍ | 71/84 [00:17<00:03,  4.05it/s, Loss=0.0225]
Client 1 - Epoch 1/1:  86%|████████▌ | 72/84 [00:17<00:02,  4.05it/s, Loss=0.0225]
Client 1 - Epoch 1/1:  86%|████████▌ | 72/84 [00:18<00:02,  4.05it/s, Loss=0.0210]
Client 1 - Epoch 1/1:  87%|████████▋ | 73/84 [00:18<00:02,  4.05it/s, Loss=0.0210]
Client 1 - Epoch 1/1:  87%|████████▋ | 73/84 [00:18<00:02,  4.05it/s, Loss=0.0457]
Client 1 - Epoch 1/1:  88%|████████▊ | 74/84 [00:18<00:02,  4.05it/s, Loss=0.0457]
Client 1 - Epoch 1/1:  88%|████████▊ | 74/84 [00:18<00:02,  4.05it/s, Loss=0.0171]
Client 1 - Epoch 1/1:  89%|████████▉ | 75/84 [00:18<00:02,  4.05it/s, Loss=0.0171]
Client 1 - Epoch 1/1:  89%|████████▉ | 75/84 [00:18<00:02,  4.05it/s, Loss=0.6719]
Client 1 - Epoch 1/1:  90%|█████████ | 76/84 [00:18<00:01,  4.05it/s, Loss=0.6719]
Client 1 - Epoch 1/1:  90%|█████████ | 76/84 [00:19<00:01,  4.05it/s, Loss=0.3223]
Client 1 - Epoch 1/1:  92%|█████████▏| 77/84 [00:19<00:01,  4.05it/s, Loss=0.3223]
Client 1 - Epoch 1/1:  92%|█████████▏| 77/84 [00:19<00:01,  4.05it/s, Loss=0.0618]
Client 1 - Epoch 1/1:  93%|█████████▎| 78/84 [00:19<00:01,  4.05it/s, Loss=0.0618]
Client 1 - Epoch 1/1:  93%|█████████▎| 78/84 [00:19<00:01,  4.05it/s, Loss=0.0197]
Client 1 - Epoch 1/1:  94%|█████████▍| 79/84 [00:19<00:01,  4.05it/s, Loss=0.0197]
Client 1 - Epoch 1/1:  94%|█████████▍| 79/84 [00:19<00:01,  4.05it/s, Loss=0.0189]
Client 1 - Epoch 1/1:  95%|█████████▌| 80/84 [00:19<00:00,  4.05it/s, Loss=0.0189]
Client 1 - Epoch 1/1:  95%|█████████▌| 80/84 [00:20<00:00,  4.05it/s, Loss=0.0114]
Client 1 - Epoch 1/1:  96%|█████████▋| 81/84 [00:20<00:00,  4.05it/s, Loss=0.0114]
Client 1 - Epoch 1/1:  96%|█████████▋| 81/84 [00:20<00:00,  4.05it/s, Loss=0.1055]
Client 1 - Epoch 1/1:  98%|█████████▊| 82/84 [00:20<00:00,  4.05it/s, Loss=0.1055]
Client 1 - Epoch 1/1:  98%|█████████▊| 82/84 [00:20<00:00,  4.05it/s, Loss=0.1030]
Client 1 - Epoch 1/1:  99%|█████████▉| 83/84 [00:20<00:00,  4.05it/s, Loss=0.1030]
Client 1 - Epoch 1/1:  99%|█████████▉| 83/84 [00:20<00:00,  4.05it/s, Loss=0.0796]
Client 1 - Epoch 1/1: 100%|██████████| 84/84 [00:20<00:00,  4.04it/s, Loss=0.0796]
Client 1 - Epoch 1/1: 100%|██████████| 84/84 [00:20<00:00,  4.05it/s, Loss=0.0796]
Client 1 - Epoch 1/1 | Avg Loss: 0.1555

Client 4 - Epoch 1/1:   0%|          | 0/31 [00:00<?, ?it/s]
Client 4 - Epoch 1/1:   0%|          | 0/31 [00:00<?, ?it/s, Loss=0.8008]
Client 4 - Epoch 1/1:   3%|▎         | 1/31 [00:00<00:07,  4.00it/s, Loss=0.8008]
Client 4 - Epoch 1/1:   3%|▎         | 1/31 [00:00<00:07,  4.00it/s, Loss=0.3164]
Client 4 - Epoch 1/1:   6%|▋         | 2/31 [00:00<00:07,  4.03it/s, Loss=0.3164]
Client 4 - Epoch 1/1:   6%|▋         | 2/31 [00:00<00:07,  4.03it/s, Loss=0.0591]
Client 4 - Epoch 1/1:  10%|▉         | 3/31 [00:00<00:06,  4.03it/s, Loss=0.0591]
Client 4 - Epoch 1/1:  10%|▉         | 3/31 [00:00<00:06,  4.03it/s, Loss=0.2676]
Client 4 - Epoch 1/1:  13%|█▎        | 4/31 [00:00<00:06,  4.03it/s, Loss=0.2676]
Client 4 - Epoch 1/1:  13%|█▎        | 4/31 [00:01<00:06,  4.03it/s, Loss=0.1040]
Client 4 - Epoch 1/1:  16%|█▌        | 5/31 [00:01<00:06,  4.02it/s, Loss=0.1040]
Client 4 - Epoch 1/1:  16%|█▌        | 5/31 [00:01<00:06,  4.02it/s, Loss=0.1377]
Client 4 - Epoch 1/1:  19%|█▉        | 6/31 [00:01<00:06,  4.02it/s, Loss=0.1377]
Client 4 - Epoch 1/1:  19%|█▉        | 6/31 [00:01<00:06,  4.02it/s, Loss=0.1562]
Client 4 - Epoch 1/1:  23%|██▎       | 7/31 [00:01<00:05,  4.02it/s, Loss=0.1562]
Client 4 - Epoch 1/1:  23%|██▎       | 7/31 [00:01<00:05,  4.02it/s, Loss=0.3906]
Client 4 - Epoch 1/1:  26%|██▌       | 8/31 [00:01<00:05,  4.03it/s, Loss=0.3906]
Client 4 - Epoch 1/1:  26%|██▌       | 8/31 [00:02<00:05,  4.03it/s, Loss=0.2852]
Client 4 - Epoch 1/1:  29%|██▉       | 9/31 [00:02<00:05,  4.03it/s, Loss=0.2852]
Client 4 - Epoch 1/1:  29%|██▉       | 9/31 [00:02<00:05,  4.03it/s, Loss=0.1875]
Client 4 - Epoch 1/1:  32%|███▏      | 10/31 [00:02<00:05,  4.04it/s, Loss=0.1875]
Client 4 - Epoch 1/1:  32%|███▏      | 10/31 [00:02<00:05,  4.04it/s, Loss=0.1279]
Client 4 - Epoch 1/1:  35%|███▌      | 11/31 [00:02<00:04,  4.04it/s, Loss=0.1279]
Client 4 - Epoch 1/1:  35%|███▌      | 11/31 [00:02<00:04,  4.04it/s, Loss=0.0796]
Client 4 - Epoch 1/1:  39%|███▊      | 12/31 [00:02<00:04,  4.05it/s, Loss=0.0796]
Client 4 - Epoch 1/1:  39%|███▊      | 12/31 [00:03<00:04,  4.05it/s, Loss=0.1533]
Client 4 - Epoch 1/1:  42%|████▏     | 13/31 [00:03<00:04,  4.04it/s, Loss=0.1533]
Client 4 - Epoch 1/1:  42%|████▏     | 13/31 [00:03<00:04,  4.04it/s, Loss=0.1309]
Client 4 - Epoch 1/1:  45%|████▌     | 14/31 [00:03<00:04,  4.04it/s, Loss=0.1309]
Client 4 - Epoch 1/1:  45%|████▌     | 14/31 [00:03<00:04,  4.04it/s, Loss=0.1348]
Client 4 - Epoch 1/1:  48%|████▊     | 15/31 [00:03<00:03,  4.05it/s, Loss=0.1348]
Client 4 - Epoch 1/1:  48%|████▊     | 15/31 [00:03<00:03,  4.05it/s, Loss=0.0845]
Client 4 - Epoch 1/1:  52%|█████▏    | 16/31 [00:03<00:03,  4.04it/s, Loss=0.0845]
Client 4 - Epoch 1/1:  52%|█████▏    | 16/31 [00:04<00:03,  4.04it/s, Loss=0.0491]
Client 4 - Epoch 1/1:  55%|█████▍    | 17/31 [00:04<00:03,  4.04it/s, Loss=0.0491]
Client 4 - Epoch 1/1:  55%|█████▍    | 17/31 [00:04<00:03,  4.04it/s, Loss=0.6758]
Client 4 - Epoch 1/1:  58%|█████▊    | 18/31 [00:04<00:03,  4.05it/s, Loss=0.6758]
Client 4 - Epoch 1/1:  58%|█████▊    | 18/31 [00:04<00:03,  4.05it/s, Loss=0.1592]
Client 4 - Epoch 1/1:  61%|██████▏   | 19/31 [00:04<00:02,  4.05it/s, Loss=0.1592]
Client 4 - Epoch 1/1:  61%|██████▏   | 19/31 [00:04<00:02,  4.05it/s, Loss=0.0840]
Client 4 - Epoch 1/1:  65%|██████▍   | 20/31 [00:04<00:02,  4.05it/s, Loss=0.0840]
Client 4 - Epoch 1/1:  65%|██████▍   | 20/31 [00:05<00:02,  4.05it/s, Loss=0.3047]
Client 4 - Epoch 1/1:  68%|██████▊   | 21/31 [00:05<00:02,  4.05it/s, Loss=0.3047]
Client 4 - Epoch 1/1:  68%|██████▊   | 21/31 [00:05<00:02,  4.05it/s, Loss=0.2891]
Client 4 - Epoch 1/1:  71%|███████   | 22/31 [00:05<00:02,  4.05it/s, Loss=0.2891]
Client 4 - Epoch 1/1:  71%|███████   | 22/31 [00:05<00:02,  4.05it/s, Loss=0.0175]
Client 4 - Epoch 1/1:  74%|███████▍  | 23/31 [00:05<00:01,  4.05it/s, Loss=0.0175]
Client 4 - Epoch 1/1:  74%|███████▍  | 23/31 [00:05<00:01,  4.05it/s, Loss=0.5430]
Client 4 - Epoch 1/1:  77%|███████▋  | 24/31 [00:05<00:01,  4.05it/s, Loss=0.5430]
Client 4 - Epoch 1/1:  77%|███████▋  | 24/31 [00:06<00:01,  4.05it/s, Loss=0.0366]
Client 4 - Epoch 1/1:  81%|████████  | 25/31 [00:06<00:01,  4.05it/s, Loss=0.0366]
Client 4 - Epoch 1/1:  81%|████████  | 25/31 [00:06<00:01,  4.05it/s, Loss=0.0625]
Client 4 - Epoch 1/1:  84%|████████▍ | 26/31 [00:06<00:01,  4.05it/s, Loss=0.0625]
Client 4 - Epoch 1/1:  84%|████████▍ | 26/31 [00:06<00:01,  4.05it/s, Loss=0.4746]
Client 4 - Epoch 1/1:  87%|████████▋ | 27/31 [00:06<00:00,  4.05it/s, Loss=0.4746]
Client 4 - Epoch 1/1:  87%|████████▋ | 27/31 [00:06<00:00,  4.05it/s, Loss=0.0162]
Client 4 - Epoch 1/1:  90%|█████████ | 28/31 [00:06<00:00,  4.05it/s, Loss=0.0162]
Client 4 - Epoch 1/1:  90%|█████████ | 28/31 [00:07<00:00,  4.05it/s, Loss=0.3574]
Client 4 - Epoch 1/1:  94%|█████████▎| 29/31 [00:07<00:00,  4.05it/s, Loss=0.3574]
Client 4 - Epoch 1/1:  94%|█████████▎| 29/31 [00:07<00:00,  4.05it/s, Loss=0.0493]
Client 4 - Epoch 1/1:  97%|█████████▋| 30/31 [00:07<00:00,  4.05it/s, Loss=0.0493]
Client 4 - Epoch 1/1:  97%|█████████▋| 30/31 [00:07<00:00,  4.05it/s, Loss=0.0576]
Client 4 - Epoch 1/1: 100%|██████████| 31/31 [00:07<00:00,  4.23it/s, Loss=0.0576]
Client 4 - Epoch 1/1: 100%|██████████| 31/31 [00:07<00:00,  4.06it/s, Loss=0.0576]
Client 4 - Epoch 1/1 | Avg Loss: 0.2127

Client 2 - Epoch 1/1:   0%|          | 0/10 [00:00<?, ?it/s]
Client 2 - Epoch 1/1:   0%|          | 0/10 [00:00<?, ?it/s, Loss=0.5742]
Client 2 - Epoch 1/1:  10%|█         | 1/10 [00:00<00:02,  4.02it/s, Loss=0.5742]
Client 2 - Epoch 1/1:  10%|█         | 1/10 [00:00<00:02,  4.02it/s, Loss=0.0508]
Client 2 - Epoch 1/1:  20%|██        | 2/10 [00:00<00:01,  4.04it/s, Loss=0.0508]
Client 2 - Epoch 1/1:  20%|██        | 2/10 [00:00<00:01,  4.04it/s, Loss=0.2578]
Client 2 - Epoch 1/1:  30%|███       | 3/10 [00:00<00:01,  4.04it/s, Loss=0.2578]
Client 2 - Epoch 1/1:  30%|███       | 3/10 [00:00<00:01,  4.04it/s, Loss=0.8359]
Client 2 - Epoch 1/1:  40%|████      | 4/10 [00:00<00:01,  4.04it/s, Loss=0.8359]
Client 2 - Epoch 1/1:  40%|████      | 4/10 [00:01<00:01,  4.04it/s, Loss=0.2188]
Client 2 - Epoch 1/1:  50%|█████     | 5/10 [00:01<00:01,  4.05it/s, Loss=0.2188]
Client 2 - Epoch 1/1:  50%|█████     | 5/10 [00:01<00:01,  4.05it/s, Loss=0.0913]
Client 2 - Epoch 1/1:  60%|██████    | 6/10 [00:01<00:00,  4.04it/s, Loss=0.0913]
Client 2 - Epoch 1/1:  60%|██████    | 6/10 [00:01<00:00,  4.04it/s, Loss=0.2148]
Client 2 - Epoch 1/1:  70%|███████   | 7/10 [00:01<00:00,  4.04it/s, Loss=0.2148]
Client 2 - Epoch 1/1:  70%|███████   | 7/10 [00:01<00:00,  4.04it/s, Loss=0.2178]
Client 2 - Epoch 1/1:  80%|████████  | 8/10 [00:01<00:00,  4.04it/s, Loss=0.2178]
Client 2 - Epoch 1/1:  80%|████████  | 8/10 [00:02<00:00,  4.04it/s, Loss=0.1245]
Client 2 - Epoch 1/1:  90%|█████████ | 9/10 [00:02<00:00,  4.04it/s, Loss=0.1245]
Client 2 - Epoch 1/1:  90%|█████████ | 9/10 [00:02<00:00,  4.04it/s, Loss=0.3320]
Client 2 - Epoch 1/1: 100%|██████████| 10/10 [00:02<00:00,  4.92it/s, Loss=0.3320]
Client 2 - Epoch 1/1: 100%|██████████| 10/10 [00:02<00:00,  4.29it/s, Loss=0.3320]
Client 2 - Epoch 1/1 | Avg Loss: 0.2918

Client 0 - Epoch 1/1:   0%|          | 0/18 [00:00<?, ?it/s]
Client 0 - Epoch 1/1:   0%|          | 0/18 [00:00<?, ?it/s, Loss=0.0718]
Client 0 - Epoch 1/1:   6%|▌         | 1/18 [00:00<00:04,  4.03it/s, Loss=0.0718]
Client 0 - Epoch 1/1:   6%|▌         | 1/18 [00:00<00:04,  4.03it/s, Loss=0.0344]
Client 0 - Epoch 1/1:  11%|█         | 2/18 [00:00<00:03,  4.03it/s, Loss=0.0344]
Client 0 - Epoch 1/1:  11%|█         | 2/18 [00:00<00:03,  4.03it/s, Loss=0.0109]
Client 0 - Epoch 1/1:  17%|█▋        | 3/18 [00:00<00:03,  4.03it/s, Loss=0.0109]
Client 0 - Epoch 1/1:  17%|█▋        | 3/18 [00:00<00:03,  4.03it/s, Loss=0.0151]
Client 0 - Epoch 1/1:  22%|██▏       | 4/18 [00:00<00:03,  4.02it/s, Loss=0.0151]
Client 0 - Epoch 1/1:  22%|██▏       | 4/18 [00:01<00:03,  4.02it/s, Loss=0.0913]
Client 0 - Epoch 1/1:  28%|██▊       | 5/18 [00:01<00:03,  4.03it/s, Loss=0.0913]
Client 0 - Epoch 1/1:  28%|██▊       | 5/18 [00:01<00:03,  4.03it/s, Loss=0.1011]
Client 0 - Epoch 1/1:  33%|███▎      | 6/18 [00:01<00:02,  4.03it/s, Loss=0.1011]
Client 0 - Epoch 1/1:  33%|███▎      | 6/18 [00:01<00:02,  4.03it/s, Loss=0.0515]
Client 0 - Epoch 1/1:  39%|███▉      | 7/18 [00:01<00:02,  4.02it/s, Loss=0.0515]
Client 0 - Epoch 1/1:  39%|███▉      | 7/18 [00:01<00:02,  4.02it/s, Loss=0.0012]
Client 0 - Epoch 1/1:  44%|████▍     | 8/18 [00:01<00:02,  4.02it/s, Loss=0.0012]
Client 0 - Epoch 1/1:  44%|████▍     | 8/18 [00:02<00:02,  4.02it/s, Loss=0.0114]
Client 0 - Epoch 1/1:  50%|█████     | 9/18 [00:02<00:02,  4.02it/s, Loss=0.0114]
Client 0 - Epoch 1/1:  50%|█████     | 9/18 [00:02<00:02,  4.02it/s, Loss=0.2432]
Client 0 - Epoch 1/1:  56%|█████▌    | 10/18 [00:02<00:01,  4.02it/s, Loss=0.2432]
Client 0 - Epoch 1/1:  56%|█████▌    | 10/18 [00:02<00:01,  4.02it/s, Loss=0.0620]
Client 0 - Epoch 1/1:  61%|██████    | 11/18 [00:02<00:01,  4.03it/s, Loss=0.0620]
Client 0 - Epoch 1/1:  61%|██████    | 11/18 [00:02<00:01,  4.03it/s, Loss=0.0913]
Client 0 - Epoch 1/1:  67%|██████▋   | 12/18 [00:02<00:01,  4.03it/s, Loss=0.0913]
Client 0 - Epoch 1/1:  67%|██████▋   | 12/18 [00:03<00:01,  4.03it/s, Loss=0.0049]
Client 0 - Epoch 1/1:  72%|███████▏  | 13/18 [00:03<00:01,  4.03it/s, Loss=0.0049]
Client 0 - Epoch 1/1:  72%|███████▏  | 13/18 [00:03<00:01,  4.03it/s, Loss=0.0058]
Client 0 - Epoch 1/1:  78%|███████▊  | 14/18 [00:03<00:00,  4.03it/s, Loss=0.0058]
Client 0 - Epoch 1/1:  78%|███████▊  | 14/18 [00:03<00:00,  4.03it/s, Loss=0.1011]
Client 0 - Epoch 1/1:  83%|████████▎ | 15/18 [00:03<00:00,  4.02it/s, Loss=0.1011]
Client 0 - Epoch 1/1:  83%|████████▎ | 15/18 [00:03<00:00,  4.02it/s, Loss=0.0157]
Client 0 - Epoch 1/1:  89%|████████▉ | 16/18 [00:03<00:00,  4.02it/s, Loss=0.0157]
Client 0 - Epoch 1/1:  89%|████████▉ | 16/18 [00:04<00:00,  4.02it/s, Loss=0.0554]
Client 0 - Epoch 1/1:  94%|█████████▍| 17/18 [00:04<00:00,  4.03it/s, Loss=0.0554]
Client 0 - Epoch 1/1:  94%|█████████▍| 17/18 [00:04<00:00,  4.03it/s, Loss=0.0018]
Client 0 - Epoch 1/1: 100%|██████████| 18/18 [00:04<00:00,  4.87it/s, Loss=0.0018]
Client 0 - Epoch 1/1: 100%|██████████| 18/18 [00:04<00:00,  4.16it/s, Loss=0.0018]
Client 0 - Epoch 1/1 | Avg Loss: 0.0539

Client 3 - Epoch 1/1:   0%|          | 0/9 [00:00<?, ?it/s]
Client 3 - Epoch 1/1:   0%|          | 0/9 [00:00<?, ?it/s, Loss=0.4805]
Client 3 - Epoch 1/1:  11%|█         | 1/9 [00:00<00:01,  4.02it/s, Loss=0.4805]
Client 3 - Epoch 1/1:  11%|█         | 1/9 [00:00<00:01,  4.02it/s, Loss=0.3262]
Client 3 - Epoch 1/1:  22%|██▏       | 2/9 [00:00<00:01,  4.05it/s, Loss=0.3262]
Client 3 - Epoch 1/1:  22%|██▏       | 2/9 [00:00<00:01,  4.05it/s, Loss=0.1455]
Client 3 - Epoch 1/1:  33%|███▎      | 3/9 [00:00<00:01,  4.04it/s, Loss=0.1455]
Client 3 - Epoch 1/1:  33%|███▎      | 3/9 [00:00<00:01,  4.04it/s, Loss=0.0439]
Client 3 - Epoch 1/1:  44%|████▍     | 4/9 [00:00<00:01,  4.04it/s, Loss=0.0439]
Client 3 - Epoch 1/1:  44%|████▍     | 4/9 [00:01<00:01,  4.04it/s, Loss=0.0137]
Client 3 - Epoch 1/1:  56%|█████▌    | 5/9 [00:01<00:00,  4.03it/s, Loss=0.0137]
Client 3 - Epoch 1/1:  56%|█████▌    | 5/9 [00:01<00:00,  4.03it/s, Loss=0.2832]
Client 3 - Epoch 1/1:  67%|██████▋   | 6/9 [00:01<00:00,  4.03it/s, Loss=0.2832]
Client 3 - Epoch 1/1:  67%|██████▋   | 6/9 [00:01<00:00,  4.03it/s, Loss=0.0688]
Client 3 - Epoch 1/1:  78%|███████▊  | 7/9 [00:01<00:00,  4.03it/s, Loss=0.0688]
Client 3 - Epoch 1/1:  78%|███████▊  | 7/9 [00:01<00:00,  4.03it/s, Loss=0.0752]
Client 3 - Epoch 1/1:  89%|████████▉ | 8/9 [00:01<00:00,  4.02it/s, Loss=0.0752]
Client 3 - Epoch 1/1:  89%|████████▉ | 8/9 [00:02<00:00,  4.02it/s, Loss=0.0403]
Client 3 - Epoch 1/1: 100%|██████████| 9/9 [00:02<00:00,  4.70it/s, Loss=0.0403]
Client 3 - Epoch 1/1: 100%|██████████| 9/9 [00:02<00:00,  4.25it/s, Loss=0.0403]
Client 3 - Epoch 1/1 | Avg Loss: 0.1641

Evaluating normal:   0%|          | 0/100 [00:00<?, ?it/s]
Evaluating normal:   0%|          | 0/100 [00:00<?, ?it/s, Accuracy=62.50%]
Evaluating normal:   1%|          | 1/100 [00:00<00:11,  8.97it/s, Accuracy=62.50%]
Evaluating normal:   1%|          | 1/100 [00:00<00:11,  8.97it/s, Accuracy=81.25%]
Evaluating normal:   2%|▏         | 2/100 [00:00<00:10,  9.00it/s, Accuracy=81.25%]
Evaluating normal:   2%|▏         | 2/100 [00:00<00:10,  9.00it/s, Accuracy=83.33%]
Evaluating normal:   3%|▎         | 3/100 [00:00<00:10,  9.05it/s, Accuracy=83.33%]
Evaluating normal:   3%|▎         | 3/100 [00:00<00:10,  9.05it/s, Accuracy=87.50%]
Evaluating normal:   4%|▍         | 4/100 [00:00<00:10,  9.05it/s, Accuracy=87.50%]
Evaluating normal:   4%|▍         | 4/100 [00:00<00:10,  9.05it/s, Accuracy=85.00%]
Evaluating normal:   5%|▌         | 5/100 [00:00<00:10,  9.07it/s, Accuracy=85.00%]
Evaluating normal:   5%|▌         | 5/100 [00:00<00:10,  9.07it/s, Accuracy=87.50%]
Evaluating normal:   6%|▌         | 6/100 [00:00<00:10,  9.08it/s, Accuracy=87.50%]
Evaluating normal:   6%|▌         | 6/100 [00:00<00:10,  9.08it/s, Accuracy=83.93%]
Evaluating normal:   7%|▋         | 7/100 [00:00<00:10,  9.08it/s, Accuracy=83.93%]
Evaluating normal:   7%|▋         | 7/100 [00:00<00:10,  9.08it/s, Accuracy=82.81%]
Evaluating normal:   8%|▊         | 8/100 [00:00<00:10,  9.09it/s, Accuracy=82.81%]
Evaluating normal:   8%|▊         | 8/100 [00:00<00:10,  9.09it/s, Accuracy=81.94%]
Evaluating normal:   9%|▉         | 9/100 [00:00<00:10,  9.09it/s, Accuracy=81.94%]
Evaluating normal:   9%|▉         | 9/100 [00:01<00:10,  9.09it/s, Accuracy=82.50%]
Evaluating normal:  10%|█         | 10/100 [00:01<00:09,  9.09it/s, Accuracy=82.50%]
Evaluating normal:  10%|█         | 10/100 [00:01<00:09,  9.09it/s, Accuracy=81.82%]
Evaluating normal:  11%|█         | 11/100 [00:01<00:09,  9.09it/s, Accuracy=81.82%]
Evaluating normal:  11%|█         | 11/100 [00:01<00:09,  9.09it/s, Accuracy=80.21%]
Evaluating normal:  12%|█▏        | 12/100 [00:01<00:09,  9.09it/s, Accuracy=80.21%]
Evaluating normal:  12%|█▏        | 12/100 [00:01<00:09,  9.09it/s, Accuracy=79.81%]
Evaluating normal:  13%|█▎        | 13/100 [00:01<00:09,  9.13it/s, Accuracy=79.81%]
Evaluating normal:  13%|█▎        | 13/100 [00:01<00:09,  9.13it/s, Accuracy=78.57%]
Evaluating normal:  14%|█▍        | 14/100 [00:01<00:09,  9.16it/s, Accuracy=78.57%]
Evaluating normal:  14%|█▍        | 14/100 [00:01<00:09,  9.16it/s, Accuracy=77.50%]
Evaluating normal:  15%|█▌        | 15/100 [00:01<00:09,  9.17it/s, Accuracy=77.50%]
Evaluating normal:  15%|█▌        | 15/100 [00:01<00:09,  9.17it/s, Accuracy=77.34%]
Evaluating normal:  16%|█▌        | 16/100 [00:01<00:09,  9.17it/s, Accuracy=77.34%]
Evaluating normal:  16%|█▌        | 16/100 [00:01<00:09,  9.17it/s, Accuracy=77.94%]
Evaluating normal:  17%|█▋        | 17/100 [00:01<00:09,  9.16it/s, Accuracy=77.94%]
Evaluating normal:  17%|█▋        | 17/100 [00:01<00:09,  9.16it/s, Accuracy=77.78%]
Evaluating normal:  18%|█▊        | 18/100 [00:01<00:08,  9.17it/s, Accuracy=77.78%]
Evaluating normal:  18%|█▊        | 18/100 [00:02<00:08,  9.17it/s, Accuracy=76.97%]
Evaluating normal:  19%|█▉        | 19/100 [00:02<00:08,  9.19it/s, Accuracy=76.97%]
Evaluating normal:  19%|█▉        | 19/100 [00:02<00:08,  9.19it/s, Accuracy=78.12%]
Evaluating normal:  20%|██        | 20/100 [00:02<00:08,  9.21it/s, Accuracy=78.12%]
Evaluating normal:  20%|██        | 20/100 [00:02<00:08,  9.21it/s, Accuracy=77.38%]
Evaluating normal:  21%|██        | 21/100 [00:02<00:08,  9.23it/s, Accuracy=77.38%]
Evaluating normal:  21%|██        | 21/100 [00:02<00:08,  9.23it/s, Accuracy=77.27%]
Evaluating normal:  22%|██▏       | 22/100 [00:02<00:08,  9.25it/s, Accuracy=77.27%]
Evaluating normal:  22%|██▏       | 22/100 [00:02<00:08,  9.25it/s, Accuracy=78.26%]
Evaluating normal:  23%|██▎       | 23/100 [00:02<00:08,  9.25it/s, Accuracy=78.26%]
Evaluating normal:  23%|██▎       | 23/100 [00:02<00:08,  9.25it/s, Accuracy=79.17%]
Evaluating normal:  24%|██▍       | 24/100 [00:02<00:08,  9.26it/s, Accuracy=79.17%]
Evaluating normal:  24%|██▍       | 24/100 [00:02<00:08,  9.26it/s, Accuracy=78.50%]
Evaluating normal:  25%|██▌       | 25/100 [00:02<00:08,  9.26it/s, Accuracy=78.50%]
Evaluating normal:  25%|██▌       | 25/100 [00:02<00:08,  9.26it/s, Accuracy=79.33%]
Evaluating normal:  26%|██▌       | 26/100 [00:02<00:08,  9.24it/s, Accuracy=79.33%]
Evaluating normal:  26%|██▌       | 26/100 [00:02<00:08,  9.24it/s, Accuracy=79.17%]
Evaluating normal:  27%|██▋       | 27/100 [00:02<00:07,  9.24it/s, Accuracy=79.17%]
Evaluating normal:  27%|██▋       | 27/100 [00:03<00:07,  9.24it/s, Accuracy=79.46%]
Evaluating normal:  28%|██▊       | 28/100 [00:03<00:07,  9.25it/s, Accuracy=79.46%]
Evaluating normal:  28%|██▊       | 28/100 [00:03<00:07,  9.25it/s, Accuracy=79.74%]
Evaluating normal:  29%|██▉       | 29/100 [00:03<00:07,  9.27it/s, Accuracy=79.74%]
Evaluating normal:  29%|██▉       | 29/100 [00:03<00:07,  9.27it/s, Accuracy=79.58%]
Evaluating normal:  30%|███       | 30/100 [00:03<00:07,  9.27it/s, Accuracy=79.58%]
Evaluating normal:  30%|███       | 30/100 [00:03<00:07,  9.27it/s, Accuracy=78.63%]
Evaluating normal:  31%|███       | 31/100 [00:03<00:07,  9.27it/s, Accuracy=78.63%]
Evaluating normal:  31%|███       | 31/100 [00:03<00:07,  9.27it/s, Accuracy=78.52%]
Evaluating normal:  32%|███▏      | 32/100 [00:03<00:07,  9.27it/s, Accuracy=78.52%]
Evaluating normal:  32%|███▏      | 32/100 [00:03<00:07,  9.27it/s, Accuracy=78.41%]
Evaluating normal:  33%|███▎      | 33/100 [00:03<00:07,  9.27it/s, Accuracy=78.41%]
Evaluating normal:  33%|███▎      | 33/100 [00:03<00:07,  9.27it/s, Accuracy=78.68%]
Evaluating normal:  34%|███▍      | 34/100 [00:03<00:07,  9.27it/s, Accuracy=78.68%]
Evaluating normal:  34%|███▍      | 34/100 [00:03<00:07,  9.27it/s, Accuracy=78.57%]
Evaluating normal:  35%|███▌      | 35/100 [00:03<00:07,  9.26it/s, Accuracy=78.57%]
Evaluating normal:  35%|███▌      | 35/100 [00:03<00:07,  9.26it/s, Accuracy=78.12%]
Evaluating normal:  36%|███▌      | 36/100 [00:03<00:06,  9.26it/s, Accuracy=78.12%]
Evaluating normal:  36%|███▌      | 36/100 [00:04<00:06,  9.26it/s, Accuracy=78.72%]
Evaluating normal:  37%|███▋      | 37/100 [00:04<00:06,  9.27it/s, Accuracy=78.72%]
Evaluating normal:  37%|███▋      | 37/100 [00:04<00:06,  9.27it/s, Accuracy=79.28%]
Evaluating normal:  38%|███▊      | 38/100 [00:04<00:06,  9.27it/s, Accuracy=79.28%]
Evaluating normal:  38%|███▊      | 38/100 [00:04<00:06,  9.27it/s, Accuracy=78.85%]
Evaluating normal:  39%|███▉      | 39/100 [00:04<00:06,  9.27it/s, Accuracy=78.85%]
Evaluating normal:  39%|███▉      | 39/100 [00:04<00:06,  9.27it/s, Accuracy=79.38%]
Evaluating normal:  40%|████      | 40/100 [00:04<00:06,  9.26it/s, Accuracy=79.38%]
Evaluating normal:  40%|████      | 40/100 [00:04<00:06,  9.26it/s, Accuracy=79.27%]
Evaluating normal:  41%|████      | 41/100 [00:04<00:06,  9.26it/s, Accuracy=79.27%]
Evaluating normal:  41%|████      | 41/100 [00:04<00:06,  9.26it/s, Accuracy=79.17%]
Evaluating normal:  42%|████▏     | 42/100 [00:04<00:06,  9.25it/s, Accuracy=79.17%]
Evaluating normal:  42%|████▏     | 42/100 [00:04<00:06,  9.25it/s, Accuracy=79.36%]
Evaluating normal:  43%|████▎     | 43/100 [00:04<00:06,  9.26it/s, Accuracy=79.36%]
Evaluating normal:  43%|████▎     | 43/100 [00:04<00:06,  9.26it/s, Accuracy=79.55%]
Evaluating normal:  44%|████▍     | 44/100 [00:04<00:06,  9.26it/s, Accuracy=79.55%]
Evaluating normal:  44%|████▍     | 44/100 [00:04<00:06,  9.26it/s, Accuracy=79.72%]
Evaluating normal:  45%|████▌     | 45/100 [00:04<00:05,  9.26it/s, Accuracy=79.72%]
Evaluating normal:  45%|████▌     | 45/100 [00:04<00:05,  9.26it/s, Accuracy=80.16%]
Evaluating normal:  46%|████▌     | 46/100 [00:04<00:05,  9.25it/s, Accuracy=80.16%]
Evaluating normal:  46%|████▌     | 46/100 [00:05<00:05,  9.25it/s, Accuracy=80.59%]
Evaluating normal:  47%|████▋     | 47/100 [00:05<00:05,  9.26it/s, Accuracy=80.59%]
Evaluating normal:  47%|████▋     | 47/100 [00:05<00:05,  9.26it/s, Accuracy=80.99%]
Evaluating normal:  48%|████▊     | 48/100 [00:05<00:05,  9.26it/s, Accuracy=80.99%]
Evaluating normal:  48%|████▊     | 48/100 [00:05<00:05,  9.26it/s, Accuracy=81.12%]
Evaluating normal:  49%|████▉     | 49/100 [00:05<00:05,  9.27it/s, Accuracy=81.12%]
Evaluating normal:  49%|████▉     | 49/100 [00:05<00:05,  9.27it/s, Accuracy=81.50%]
Evaluating normal:  50%|█████     | 50/100 [00:05<00:05,  9.27it/s, Accuracy=81.50%]
Evaluating normal:  50%|█████     | 50/100 [00:05<00:05,  9.27it/s, Accuracy=81.13%]
Evaluating normal:  51%|█████     | 51/100 [00:05<00:05,  9.29it/s, Accuracy=81.13%]
Evaluating normal:  51%|█████     | 51/100 [00:05<00:05,  9.29it/s, Accuracy=81.01%]
Evaluating normal:  52%|█████▏    | 52/100 [00:05<00:05,  9.28it/s, Accuracy=81.01%]
Evaluating normal:  52%|█████▏    | 52/100 [00:05<00:05,  9.28it/s, Accuracy=80.42%]
Evaluating normal:  53%|█████▎    | 53/100 [00:05<00:05,  9.20it/s, Accuracy=80.42%]
Evaluating normal:  53%|█████▎    | 53/100 [00:05<00:05,  9.20it/s, Accuracy=80.56%]
Evaluating normal:  54%|█████▍    | 54/100 [00:05<00:04,  9.22it/s, Accuracy=80.56%]
Evaluating normal:  54%|█████▍    | 54/100 [00:05<00:04,  9.22it/s, Accuracy=80.68%]
Evaluating normal:  55%|█████▌    | 55/100 [00:05<00:04,  9.23it/s, Accuracy=80.68%]
Evaluating normal:  55%|█████▌    | 55/100 [00:06<00:04,  9.23it/s, Accuracy=80.80%]
Evaluating normal:  56%|█████▌    | 56/100 [00:06<00:04,  9.24it/s, Accuracy=80.80%]
Evaluating normal:  56%|█████▌    | 56/100 [00:06<00:04,  9.24it/s, Accuracy=81.14%]
Evaluating normal:  57%|█████▋    | 57/100 [00:06<00:04,  9.26it/s, Accuracy=81.14%]
Evaluating normal:  57%|█████▋    | 57/100 [00:06<00:04,  9.26it/s, Accuracy=81.03%]
Evaluating normal:  58%|█████▊    | 58/100 [00:06<00:04,  9.26it/s, Accuracy=81.03%]
Evaluating normal:  58%|█████▊    | 58/100 [00:06<00:04,  9.26it/s, Accuracy=80.72%]
Evaluating normal:  59%|█████▉    | 59/100 [00:06<00:04,  9.25it/s, Accuracy=80.72%]
Evaluating normal:  59%|█████▉    | 59/100 [00:06<00:04,  9.25it/s, Accuracy=81.04%]
Evaluating normal:  60%|██████    | 60/100 [00:06<00:04,  9.26it/s, Accuracy=81.04%]
Evaluating normal:  60%|██████    | 60/100 [00:06<00:04,  9.26it/s, Accuracy=81.35%]
Evaluating normal:  61%|██████    | 61/100 [00:06<00:04,  9.26it/s, Accuracy=81.35%]
Evaluating normal:  61%|██████    | 61/100 [00:06<00:04,  9.26it/s, Accuracy=81.45%]
Evaluating normal:  62%|██████▏   | 62/100 [00:06<00:04,  9.26it/s, Accuracy=81.45%]
Evaluating normal:  62%|██████▏   | 62/100 [00:06<00:04,  9.26it/s, Accuracy=81.55%]
Evaluating normal:  63%|██████▎   | 63/100 [00:06<00:03,  9.26it/s, Accuracy=81.55%]
Evaluating normal:  63%|██████▎   | 63/100 [00:06<00:03,  9.26it/s, Accuracy=81.84%]
Evaluating normal:  64%|██████▍   | 64/100 [00:06<00:03,  9.24it/s, Accuracy=81.84%]
Evaluating normal:  64%|██████▍   | 64/100 [00:07<00:03,  9.24it/s, Accuracy=82.12%]
Evaluating normal:  65%|██████▌   | 65/100 [00:07<00:03,  9.25it/s, Accuracy=82.12%]
Evaluating normal:  65%|██████▌   | 65/100 [00:07<00:03,  9.25it/s, Accuracy=82.20%]
Evaluating normal:  66%|██████▌   | 66/100 [00:07<00:03,  9.26it/s, Accuracy=82.20%]
Evaluating normal:  66%|██████▌   | 66/100 [00:07<00:03,  9.26it/s, Accuracy=82.09%]
Evaluating normal:  67%|██████▋   | 67/100 [00:07<00:03,  9.27it/s, Accuracy=82.09%]
Evaluating normal:  67%|██████▋   | 67/100 [00:07<00:03,  9.27it/s, Accuracy=82.35%]
Evaluating normal:  68%|██████▊   | 68/100 [00:07<00:03,  9.27it/s, Accuracy=82.35%]
Evaluating normal:  68%|██████▊   | 68/100 [00:07<00:03,  9.27it/s, Accuracy=82.43%]
Evaluating normal:  69%|██████▉   | 69/100 [00:07<00:03,  9.26it/s, Accuracy=82.43%]
Evaluating normal:  69%|██████▉   | 69/100 [00:07<00:03,  9.26it/s, Accuracy=82.32%]
Evaluating normal:  70%|███████   | 70/100 [00:07<00:03,  9.27it/s, Accuracy=82.32%]
Evaluating normal:  70%|███████   | 70/100 [00:07<00:03,  9.27it/s, Accuracy=82.57%]
Evaluating normal:  71%|███████   | 71/100 [00:07<00:03,  9.27it/s, Accuracy=82.57%]
Evaluating normal:  71%|███████   | 71/100 [00:07<00:03,  9.27it/s, Accuracy=82.81%]
Evaluating normal:  72%|███████▏  | 72/100 [00:07<00:03,  9.28it/s, Accuracy=82.81%]
Evaluating normal:  72%|███████▏  | 72/100 [00:07<00:03,  9.28it/s, Accuracy=83.05%]
Evaluating normal:  73%|███████▎  | 73/100 [00:07<00:02,  9.28it/s, Accuracy=83.05%]
Evaluating normal:  73%|███████▎  | 73/100 [00:08<00:02,  9.28it/s, Accuracy=82.60%]
Evaluating normal:  74%|███████▍  | 74/100 [00:08<00:02,  9.28it/s, Accuracy=82.60%]
Evaluating normal:  74%|███████▍  | 74/100 [00:08<00:02,  9.28it/s, Accuracy=82.67%]
Evaluating normal:  75%|███████▌  | 75/100 [00:08<00:02,  9.28it/s, Accuracy=82.67%]
Evaluating normal:  75%|███████▌  | 75/100 [00:08<00:02,  9.28it/s, Accuracy=82.89%]
Evaluating normal:  76%|███████▌  | 76/100 [00:08<00:02,  9.28it/s, Accuracy=82.89%]
Evaluating normal:  76%|███████▌  | 76/100 [00:08<00:02,  9.28it/s, Accuracy=82.95%]
Evaluating normal:  77%|███████▋  | 77/100 [00:08<00:02,  9.28it/s, Accuracy=82.95%]
Evaluating normal:  77%|███████▋  | 77/100 [00:08<00:02,  9.28it/s, Accuracy=82.69%]
Evaluating normal:  78%|███████▊  | 78/100 [00:08<00:02,  9.26it/s, Accuracy=82.69%]
Evaluating normal:  78%|███████▊  | 78/100 [00:08<00:02,  9.26it/s, Accuracy=82.75%]
Evaluating normal:  79%|███████▉  | 79/100 [00:08<00:02,  9.25it/s, Accuracy=82.75%]
Evaluating normal:  79%|███████▉  | 79/100 [00:08<00:02,  9.25it/s, Accuracy=82.97%]
Evaluating normal:  80%|████████  | 80/100 [00:08<00:02,  9.25it/s, Accuracy=82.97%]
Evaluating normal:  80%|████████  | 80/100 [00:08<00:02,  9.25it/s, Accuracy=83.02%]
Evaluating normal:  81%|████████  | 81/100 [00:08<00:02,  9.27it/s, Accuracy=83.02%]
Evaluating normal:  81%|████████  | 81/100 [00:08<00:02,  9.27it/s, Accuracy=83.08%]
Evaluating normal:  82%|████████▏ | 82/100 [00:08<00:01,  9.27it/s, Accuracy=83.08%]
Evaluating normal:  82%|████████▏ | 82/100 [00:08<00:01,  9.27it/s, Accuracy=82.98%]
Evaluating normal:  83%|████████▎ | 83/100 [00:08<00:01,  9.27it/s, Accuracy=82.98%]
Evaluating normal:  83%|████████▎ | 83/100 [00:09<00:01,  9.27it/s, Accuracy=82.89%]
Evaluating normal:  84%|████████▍ | 84/100 [00:09<00:01,  9.26it/s, Accuracy=82.89%]
Evaluating normal:  84%|████████▍ | 84/100 [00:09<00:01,  9.26it/s, Accuracy=82.79%]
Evaluating normal:  85%|████████▌ | 85/100 [00:09<00:01,  9.26it/s, Accuracy=82.79%]
Evaluating normal:  85%|████████▌ | 85/100 [00:09<00:01,  9.26it/s, Accuracy=82.41%]
Evaluating normal:  86%|████████▌ | 86/100 [00:09<00:01,  9.27it/s, Accuracy=82.41%]
Evaluating normal:  86%|████████▌ | 86/100 [00:09<00:01,  9.27it/s, Accuracy=82.04%]
Evaluating normal:  87%|████████▋ | 87/100 [00:09<00:01,  9.26it/s, Accuracy=82.04%]
Evaluating normal:  87%|████████▋ | 87/100 [00:09<00:01,  9.26it/s, Accuracy=81.96%]
Evaluating normal:  88%|████████▊ | 88/100 [00:09<00:01,  9.26it/s, Accuracy=81.96%]
Evaluating normal:  88%|████████▊ | 88/100 [00:09<00:01,  9.26it/s, Accuracy=82.02%]
Evaluating normal:  89%|████████▉ | 89/100 [00:09<00:01,  9.27it/s, Accuracy=82.02%]
Evaluating normal:  89%|████████▉ | 89/100 [00:09<00:01,  9.27it/s, Accuracy=82.08%]
Evaluating normal:  90%|█████████ | 90/100 [00:09<00:01,  9.26it/s, Accuracy=82.08%]
Evaluating normal:  90%|█████████ | 90/100 [00:09<00:01,  9.26it/s, Accuracy=81.87%]
Evaluating normal:  91%|█████████ | 91/100 [00:09<00:00,  9.26it/s, Accuracy=81.87%]
Evaluating normal:  91%|█████████ | 91/100 [00:09<00:00,  9.26it/s, Accuracy=82.07%]
Evaluating normal:  92%|█████████▏| 92/100 [00:09<00:00,  9.26it/s, Accuracy=82.07%]
Evaluating normal:  92%|█████████▏| 92/100 [00:10<00:00,  9.26it/s, Accuracy=81.85%]
Evaluating normal:  93%|█████████▎| 93/100 [00:10<00:00,  9.27it/s, Accuracy=81.85%]
Evaluating normal:  93%|█████████▎| 93/100 [00:10<00:00,  9.27it/s, Accuracy=81.78%]
Evaluating normal:  94%|█████████▍| 94/100 [00:10<00:00,  9.26it/s, Accuracy=81.78%]
Evaluating normal:  94%|█████████▍| 94/100 [00:10<00:00,  9.26it/s, Accuracy=81.58%]
Evaluating normal:  95%|█████████▌| 95/100 [00:10<00:00,  9.24it/s, Accuracy=81.58%]
Evaluating normal:  95%|█████████▌| 95/100 [00:10<00:00,  9.24it/s, Accuracy=81.51%]
Evaluating normal:  96%|█████████▌| 96/100 [00:10<00:00,  9.24it/s, Accuracy=81.51%]
Evaluating normal:  96%|█████████▌| 96/100 [00:10<00:00,  9.24it/s, Accuracy=81.44%]
Evaluating normal:  97%|█████████▋| 97/100 [00:10<00:00,  9.23it/s, Accuracy=81.44%]
Evaluating normal:  97%|█████████▋| 97/100 [00:10<00:00,  9.23it/s, Accuracy=81.51%]
Evaluating normal:  98%|█████████▊| 98/100 [00:10<00:00,  9.23it/s, Accuracy=81.51%]
Evaluating normal:  98%|█████████▊| 98/100 [00:10<00:00,  9.23it/s, Accuracy=81.31%]
Evaluating normal:  99%|█████████▉| 99/100 [00:10<00:00,  9.25it/s, Accuracy=81.31%]
Evaluating normal:  99%|█████████▉| 99/100 [00:10<00:00,  9.25it/s, Accuracy=81.38%]
Evaluating normal: 100%|██████████| 100/100 [00:10<00:00,  9.25it/s, Accuracy=81.38%]
Evaluating normal: 100%|██████████| 100/100 [00:10<00:00,  9.23it/s, Accuracy=81.38%]
Test Accuracy (Normal): 0.8137

Evaluating adversarial:   0%|          | 0/100 [00:00<?, ?it/s]
Evaluating adversarial:   0%|          | 0/100 [00:00<?, ?it/s, Accuracy=0.00%]
Evaluating adversarial:   1%|          | 1/100 [00:00<00:34,  2.85it/s, Accuracy=0.00%]
Evaluating adversarial:   1%|          | 1/100 [00:00<00:34,  2.85it/s, Accuracy=0.00%]
Evaluating adversarial:   2%|▏         | 2/100 [00:00<00:34,  2.84it/s, Accuracy=0.00%]
Evaluating adversarial:   2%|▏         | 2/100 [00:01<00:34,  2.84it/s, Accuracy=0.00%]
Evaluating adversarial:   3%|▎         | 3/100 [00:01<00:34,  2.84it/s, Accuracy=0.00%]
Evaluating adversarial:   3%|▎         | 3/100 [00:01<00:34,  2.84it/s, Accuracy=0.00%]
Evaluating adversarial:   4%|▍         | 4/100 [00:01<00:33,  2.84it/s, Accuracy=0.00%]
Evaluating adversarial:   4%|▍         | 4/100 [00:01<00:33,  2.84it/s, Accuracy=0.00%]
Evaluating adversarial:   5%|▌         | 5/100 [00:01<00:33,  2.84it/s, Accuracy=0.00%]
Evaluating adversarial:   5%|▌         | 5/100 [00:02<00:33,  2.84it/s, Accuracy=0.00%]
Evaluating adversarial:   6%|▌         | 6/100 [00:02<00:33,  2.84it/s, Accuracy=0.00%]
Evaluating adversarial:   6%|▌         | 6/100 [00:02<00:33,  2.84it/s, Accuracy=0.00%]
Evaluating adversarial:   7%|▋         | 7/100 [00:02<00:32,  2.84it/s, Accuracy=0.00%]
Evaluating adversarial:   7%|▋         | 7/100 [00:02<00:32,  2.84it/s, Accuracy=0.00%]
Evaluating adversarial:   8%|▊         | 8/100 [00:02<00:32,  2.84it/s, Accuracy=0.00%]
Evaluating adversarial:   8%|▊         | 8/100 [00:03<00:32,  2.84it/s, Accuracy=0.00%]
Evaluating adversarial:   9%|▉         | 9/100 [00:03<00:32,  2.84it/s, Accuracy=0.00%]
Evaluating adversarial:   9%|▉         | 9/100 [00:03<00:32,  2.84it/s, Accuracy=0.00%]
Evaluating adversarial:  10%|█         | 10/100 [00:03<00:31,  2.84it/s, Accuracy=0.00%]
Evaluating adversarial:  10%|█         | 10/100 [00:03<00:31,  2.84it/s, Accuracy=0.00%]
Evaluating adversarial:  11%|█         | 11/100 [00:03<00:31,  2.84it/s, Accuracy=0.00%]
Evaluating adversarial:  11%|█         | 11/100 [00:04<00:31,  2.84it/s, Accuracy=0.00%]
Evaluating adversarial:  12%|█▏        | 12/100 [00:04<00:31,  2.84it/s, Accuracy=0.00%]
Evaluating adversarial:  12%|█▏        | 12/100 [00:04<00:31,  2.84it/s, Accuracy=0.00%]
Evaluating adversarial:  13%|█▎        | 13/100 [00:04<00:30,  2.84it/s, Accuracy=0.00%]
Evaluating adversarial:  13%|█▎        | 13/100 [00:04<00:30,  2.84it/s, Accuracy=0.00%]
Evaluating adversarial:  14%|█▍        | 14/100 [00:04<00:30,  2.84it/s, Accuracy=0.00%]
Evaluating adversarial:  14%|█▍        | 14/100 [00:05<00:30,  2.84it/s, Accuracy=0.00%]
Evaluating adversarial:  15%|█▌        | 15/100 [00:05<00:29,  2.84it/s, Accuracy=0.00%]
Evaluating adversarial:  15%|█▌        | 15/100 [00:05<00:29,  2.84it/s, Accuracy=0.00%]
Evaluating adversarial:  16%|█▌        | 16/100 [00:05<00:29,  2.84it/s, Accuracy=0.00%]
Evaluating adversarial:  16%|█▌        | 16/100 [00:05<00:29,  2.84it/s, Accuracy=0.00%]
Evaluating adversarial:  17%|█▋        | 17/100 [00:05<00:29,  2.83it/s, Accuracy=0.00%]
Evaluating adversarial:  17%|█▋        | 17/100 [00:06<00:29,  2.83it/s, Accuracy=0.00%]
Evaluating adversarial:  18%|█▊        | 18/100 [00:06<00:28,  2.83it/s, Accuracy=0.00%]
Evaluating adversarial:  18%|█▊        | 18/100 [00:06<00:28,  2.83it/s, Accuracy=0.00%]
Evaluating adversarial:  19%|█▉        | 19/100 [00:06<00:28,  2.84it/s, Accuracy=0.00%]
Evaluating adversarial:  19%|█▉        | 19/100 [00:07<00:28,  2.84it/s, Accuracy=0.00%]
Evaluating adversarial:  20%|██        | 20/100 [00:07<00:28,  2.84it/s, Accuracy=0.00%]
Evaluating adversarial:  20%|██        | 20/100 [00:07<00:28,  2.84it/s, Accuracy=0.00%]
Evaluating adversarial:  21%|██        | 21/100 [00:07<00:27,  2.84it/s, Accuracy=0.00%]
Evaluating adversarial:  21%|██        | 21/100 [00:07<00:27,  2.84it/s, Accuracy=0.00%]
Evaluating adversarial:  22%|██▏       | 22/100 [00:07<00:27,  2.83it/s, Accuracy=0.00%]
Evaluating adversarial:  22%|██▏       | 22/100 [00:08<00:27,  2.83it/s, Accuracy=0.00%]
Evaluating adversarial:  23%|██▎       | 23/100 [00:08<00:27,  2.83it/s, Accuracy=0.00%]
Evaluating adversarial:  23%|██▎       | 23/100 [00:08<00:27,  2.83it/s, Accuracy=0.00%]
Evaluating adversarial:  24%|██▍       | 24/100 [00:08<00:26,  2.83it/s, Accuracy=0.00%]
Evaluating adversarial:  24%|██▍       | 24/100 [00:08<00:26,  2.83it/s, Accuracy=0.00%]
Evaluating adversarial:  25%|██▌       | 25/100 [00:08<00:26,  2.83it/s, Accuracy=0.00%]
Evaluating adversarial:  25%|██▌       | 25/100 [00:09<00:26,  2.83it/s, Accuracy=0.00%]
Evaluating adversarial:  26%|██▌       | 26/100 [00:09<00:26,  2.82it/s, Accuracy=0.00%]
Evaluating adversarial:  26%|██▌       | 26/100 [00:09<00:26,  2.82it/s, Accuracy=0.00%]
Evaluating adversarial:  27%|██▋       | 27/100 [00:09<00:25,  2.83it/s, Accuracy=0.00%]
Evaluating adversarial:  27%|██▋       | 27/100 [00:09<00:25,  2.83it/s, Accuracy=0.00%]
Evaluating adversarial:  28%|██▊       | 28/100 [00:09<00:25,  2.83it/s, Accuracy=0.00%]
Evaluating adversarial:  28%|██▊       | 28/100 [00:10<00:25,  2.83it/s, Accuracy=0.00%]
Evaluating adversarial:  29%|██▉       | 29/100 [00:10<00:25,  2.83it/s, Accuracy=0.00%]
Evaluating adversarial:  29%|██▉       | 29/100 [00:10<00:25,  2.83it/s, Accuracy=0.00%]
Evaluating adversarial:  30%|███       | 30/100 [00:10<00:24,  2.83it/s, Accuracy=0.00%]
Evaluating adversarial:  30%|███       | 30/100 [00:10<00:24,  2.83it/s, Accuracy=0.00%]
Evaluating adversarial:  31%|███       | 31/100 [00:10<00:24,  2.83it/s, Accuracy=0.00%]
Evaluating adversarial:  31%|███       | 31/100 [00:11<00:24,  2.83it/s, Accuracy=0.00%]
Evaluating adversarial:  32%|███▏      | 32/100 [00:11<00:24,  2.83it/s, Accuracy=0.00%]
Evaluating adversarial:  32%|███▏      | 32/100 [00:11<00:24,  2.83it/s, Accuracy=0.00%]
Evaluating adversarial:  33%|███▎      | 33/100 [00:11<00:23,  2.83it/s, Accuracy=0.00%]
Evaluating adversarial:  33%|███▎      | 33/100 [00:11<00:23,  2.83it/s, Accuracy=0.00%]
Evaluating adversarial:  34%|███▍      | 34/100 [00:11<00:23,  2.82it/s, Accuracy=0.00%]
Evaluating adversarial:  34%|███▍      | 34/100 [00:12<00:23,  2.82it/s, Accuracy=0.00%]
Evaluating adversarial:  35%|███▌      | 35/100 [00:12<00:23,  2.82it/s, Accuracy=0.00%]
Evaluating adversarial:  35%|███▌      | 35/100 [00:12<00:23,  2.82it/s, Accuracy=0.00%]
Evaluating adversarial:  36%|███▌      | 36/100 [00:12<00:22,  2.82it/s, Accuracy=0.00%]
Evaluating adversarial:  36%|███▌      | 36/100 [00:13<00:22,  2.82it/s, Accuracy=0.00%]
Evaluating adversarial:  37%|███▋      | 37/100 [00:13<00:22,  2.82it/s, Accuracy=0.00%]
Evaluating adversarial:  37%|███▋      | 37/100 [00:13<00:22,  2.82it/s, Accuracy=0.00%]
Evaluating adversarial:  38%|███▊      | 38/100 [00:13<00:21,  2.83it/s, Accuracy=0.00%]
Evaluating adversarial:  38%|███▊      | 38/100 [00:13<00:21,  2.83it/s, Accuracy=0.00%]
Evaluating adversarial:  39%|███▉      | 39/100 [00:13<00:21,  2.83it/s, Accuracy=0.00%]
Evaluating adversarial:  39%|███▉      | 39/100 [00:14<00:21,  2.83it/s, Accuracy=0.00%]
Evaluating adversarial:  40%|████      | 40/100 [00:14<00:21,  2.83it/s, Accuracy=0.00%]
Evaluating adversarial:  40%|████      | 40/100 [00:14<00:21,  2.83it/s, Accuracy=0.00%]
Evaluating adversarial:  41%|████      | 41/100 [00:14<00:20,  2.83it/s, Accuracy=0.00%]
Evaluating adversarial:  41%|████      | 41/100 [00:14<00:20,  2.83it/s, Accuracy=0.00%]
Evaluating adversarial:  42%|████▏     | 42/100 [00:14<00:20,  2.83it/s, Accuracy=0.00%]
Evaluating adversarial:  42%|████▏     | 42/100 [00:15<00:20,  2.83it/s, Accuracy=0.00%]
Evaluating adversarial:  43%|████▎     | 43/100 [00:15<00:20,  2.83it/s, Accuracy=0.00%]
Evaluating adversarial:  43%|████▎     | 43/100 [00:15<00:20,  2.83it/s, Accuracy=0.00%]
Evaluating adversarial:  44%|████▍     | 44/100 [00:15<00:19,  2.83it/s, Accuracy=0.00%]
Evaluating adversarial:  44%|████▍     | 44/100 [00:15<00:19,  2.83it/s, Accuracy=0.00%]
Evaluating adversarial:  45%|████▌     | 45/100 [00:15<00:19,  2.82it/s, Accuracy=0.00%]
Evaluating adversarial:  45%|████▌     | 45/100 [00:16<00:19,  2.82it/s, Accuracy=0.00%]
Evaluating adversarial:  46%|████▌     | 46/100 [00:16<00:19,  2.82it/s, Accuracy=0.00%]
Evaluating adversarial:  46%|████▌     | 46/100 [00:16<00:19,  2.82it/s, Accuracy=0.00%]
Evaluating adversarial:  47%|████▋     | 47/100 [00:16<00:18,  2.82it/s, Accuracy=0.00%]
Evaluating adversarial:  47%|████▋     | 47/100 [00:16<00:18,  2.82it/s, Accuracy=0.00%]
Evaluating adversarial:  48%|████▊     | 48/100 [00:16<00:18,  2.83it/s, Accuracy=0.00%]
Evaluating adversarial:  48%|████▊     | 48/100 [00:17<00:18,  2.83it/s, Accuracy=0.00%]
Evaluating adversarial:  49%|████▉     | 49/100 [00:17<00:18,  2.83it/s, Accuracy=0.00%]
Evaluating adversarial:  49%|████▉     | 49/100 [00:17<00:18,  2.83it/s, Accuracy=0.00%]
Evaluating adversarial:  50%|█████     | 50/100 [00:17<00:17,  2.83it/s, Accuracy=0.00%]
Evaluating adversarial:  50%|█████     | 50/100 [00:18<00:17,  2.83it/s, Accuracy=0.00%]
Evaluating adversarial:  51%|█████     | 51/100 [00:18<00:17,  2.83it/s, Accuracy=0.00%]
Evaluating adversarial:  51%|█████     | 51/100 [00:18<00:17,  2.83it/s, Accuracy=0.00%]
Evaluating adversarial:  52%|█████▏    | 52/100 [00:18<00:16,  2.83it/s, Accuracy=0.00%]
Evaluating adversarial:  52%|█████▏    | 52/100 [00:18<00:16,  2.83it/s, Accuracy=0.00%]
Evaluating adversarial:  53%|█████▎    | 53/100 [00:18<00:16,  2.83it/s, Accuracy=0.00%]
Evaluating adversarial:  53%|█████▎    | 53/100 [00:19<00:16,  2.83it/s, Accuracy=0.00%]
Evaluating adversarial:  54%|█████▍    | 54/100 [00:19<00:16,  2.83it/s, Accuracy=0.00%]
Evaluating adversarial:  54%|█████▍    | 54/100 [00:19<00:16,  2.83it/s, Accuracy=0.00%]
Evaluating adversarial:  55%|█████▌    | 55/100 [00:19<00:15,  2.83it/s, Accuracy=0.00%]
Evaluating adversarial:  55%|█████▌    | 55/100 [00:19<00:15,  2.83it/s, Accuracy=0.00%]
Evaluating adversarial:  56%|█████▌    | 56/100 [00:19<00:15,  2.83it/s, Accuracy=0.00%]
Evaluating adversarial:  56%|█████▌    | 56/100 [00:20<00:15,  2.83it/s, Accuracy=0.00%]
Evaluating adversarial:  57%|█████▋    | 57/100 [00:20<00:15,  2.83it/s, Accuracy=0.00%]
Evaluating adversarial:  57%|█████▋    | 57/100 [00:20<00:15,  2.83it/s, Accuracy=0.00%]
Evaluating adversarial:  58%|█████▊    | 58/100 [00:20<00:14,  2.83it/s, Accuracy=0.00%]
Evaluating adversarial:  58%|█████▊    | 58/100 [00:20<00:14,  2.83it/s, Accuracy=0.00%]
Evaluating adversarial:  59%|█████▉    | 59/100 [00:20<00:14,  2.82it/s, Accuracy=0.00%]
Evaluating adversarial:  59%|█████▉    | 59/100 [00:21<00:14,  2.82it/s, Accuracy=0.00%]
Evaluating adversarial:  60%|██████    | 60/100 [00:21<00:14,  2.82it/s, Accuracy=0.00%]
Evaluating adversarial:  60%|██████    | 60/100 [00:21<00:14,  2.82it/s, Accuracy=0.00%]
Evaluating adversarial:  61%|██████    | 61/100 [00:21<00:13,  2.82it/s, Accuracy=0.00%]
Evaluating adversarial:  61%|██████    | 61/100 [00:21<00:13,  2.82it/s, Accuracy=0.00%]
Evaluating adversarial:  62%|██████▏   | 62/100 [00:21<00:13,  2.83it/s, Accuracy=0.00%]
Evaluating adversarial:  62%|██████▏   | 62/100 [00:22<00:13,  2.83it/s, Accuracy=0.00%]
Evaluating adversarial:  63%|██████▎   | 63/100 [00:22<00:13,  2.82it/s, Accuracy=0.00%]
Evaluating adversarial:  63%|██████▎   | 63/100 [00:22<00:13,  2.82it/s, Accuracy=0.00%]
Evaluating adversarial:  64%|██████▍   | 64/100 [00:22<00:12,  2.82it/s, Accuracy=0.00%]
Evaluating adversarial:  64%|██████▍   | 64/100 [00:22<00:12,  2.82it/s, Accuracy=0.00%]
Evaluating adversarial:  65%|██████▌   | 65/100 [00:22<00:12,  2.82it/s, Accuracy=0.00%]
Evaluating adversarial:  65%|██████▌   | 65/100 [00:23<00:12,  2.82it/s, Accuracy=0.00%]
Evaluating adversarial:  66%|██████▌   | 66/100 [00:23<00:12,  2.82it/s, Accuracy=0.00%]
Evaluating adversarial:  66%|██████▌   | 66/100 [00:23<00:12,  2.82it/s, Accuracy=0.00%]
Evaluating adversarial:  67%|██████▋   | 67/100 [00:23<00:11,  2.83it/s, Accuracy=0.00%]
Evaluating adversarial:  67%|██████▋   | 67/100 [00:24<00:11,  2.83it/s, Accuracy=0.00%]
Evaluating adversarial:  68%|██████▊   | 68/100 [00:24<00:11,  2.83it/s, Accuracy=0.00%]
Evaluating adversarial:  68%|██████▊   | 68/100 [00:24<00:11,  2.83it/s, Accuracy=0.00%]
Evaluating adversarial:  69%|██████▉   | 69/100 [00:24<00:10,  2.83it/s, Accuracy=0.00%]
Evaluating adversarial:  69%|██████▉   | 69/100 [00:24<00:10,  2.83it/s, Accuracy=0.00%]
Evaluating adversarial:  70%|███████   | 70/100 [00:24<00:10,  2.83it/s, Accuracy=0.00%]
Evaluating adversarial:  70%|███████   | 70/100 [00:25<00:10,  2.83it/s, Accuracy=0.00%]
Evaluating adversarial:  71%|███████   | 71/100 [00:25<00:10,  2.83it/s, Accuracy=0.00%]
Evaluating adversarial:  71%|███████   | 71/100 [00:25<00:10,  2.83it/s, Accuracy=0.00%]
Evaluating adversarial:  72%|███████▏  | 72/100 [00:25<00:09,  2.83it/s, Accuracy=0.00%]
Evaluating adversarial:  72%|███████▏  | 72/100 [00:25<00:09,  2.83it/s, Accuracy=0.00%]
Evaluating adversarial:  73%|███████▎  | 73/100 [00:25<00:09,  2.83it/s, Accuracy=0.00%]
Evaluating adversarial:  73%|███████▎  | 73/100 [00:26<00:09,  2.83it/s, Accuracy=0.00%]
Evaluating adversarial:  74%|███████▍  | 74/100 [00:26<00:09,  2.83it/s, Accuracy=0.00%]
Evaluating adversarial:  74%|███████▍  | 74/100 [00:26<00:09,  2.83it/s, Accuracy=0.00%]
Evaluating adversarial:  75%|███████▌  | 75/100 [00:26<00:08,  2.83it/s, Accuracy=0.00%]
Evaluating adversarial:  75%|███████▌  | 75/100 [00:26<00:08,  2.83it/s, Accuracy=0.00%]
Evaluating adversarial:  76%|███████▌  | 76/100 [00:26<00:08,  2.83it/s, Accuracy=0.00%]
Evaluating adversarial:  76%|███████▌  | 76/100 [00:27<00:08,  2.83it/s, Accuracy=0.00%]
Evaluating adversarial:  77%|███████▋  | 77/100 [00:27<00:08,  2.83it/s, Accuracy=0.00%]
Evaluating adversarial:  77%|███████▋  | 77/100 [00:27<00:08,  2.83it/s, Accuracy=0.00%]
Evaluating adversarial:  78%|███████▊  | 78/100 [00:27<00:07,  2.83it/s, Accuracy=0.00%]
Evaluating adversarial:  78%|███████▊  | 78/100 [00:27<00:07,  2.83it/s, Accuracy=0.00%]
Evaluating adversarial:  79%|███████▉  | 79/100 [00:27<00:07,  2.83it/s, Accuracy=0.00%]
Evaluating adversarial:  79%|███████▉  | 79/100 [00:28<00:07,  2.83it/s, Accuracy=0.00%]
Evaluating adversarial:  80%|████████  | 80/100 [00:28<00:07,  2.83it/s, Accuracy=0.00%]
Evaluating adversarial:  80%|████████  | 80/100 [00:28<00:07,  2.83it/s, Accuracy=0.00%]
Evaluating adversarial:  81%|████████  | 81/100 [00:28<00:06,  2.83it/s, Accuracy=0.00%]
Evaluating adversarial:  81%|████████  | 81/100 [00:28<00:06,  2.83it/s, Accuracy=0.00%]
Evaluating adversarial:  82%|████████▏ | 82/100 [00:28<00:06,  2.83it/s, Accuracy=0.00%]
Evaluating adversarial:  82%|████████▏ | 82/100 [00:29<00:06,  2.83it/s, Accuracy=0.00%]
Evaluating adversarial:  83%|████████▎ | 83/100 [00:29<00:06,  2.83it/s, Accuracy=0.00%]
Evaluating adversarial:  83%|████████▎ | 83/100 [00:29<00:06,  2.83it/s, Accuracy=0.00%]
Evaluating adversarial:  84%|████████▍ | 84/100 [00:29<00:05,  2.83it/s, Accuracy=0.00%]
Evaluating adversarial:  84%|████████▍ | 84/100 [00:30<00:05,  2.83it/s, Accuracy=0.00%]
Evaluating adversarial:  85%|████████▌ | 85/100 [00:30<00:05,  2.83it/s, Accuracy=0.00%]
Evaluating adversarial:  85%|████████▌ | 85/100 [00:30<00:05,  2.83it/s, Accuracy=0.00%]
Evaluating adversarial:  86%|████████▌ | 86/100 [00:30<00:04,  2.83it/s, Accuracy=0.00%]
Evaluating adversarial:  86%|████████▌ | 86/100 [00:30<00:04,  2.83it/s, Accuracy=0.00%]
Evaluating adversarial:  87%|████████▋ | 87/100 [00:30<00:04,  2.83it/s, Accuracy=0.00%]
Evaluating adversarial:  87%|████████▋ | 87/100 [00:31<00:04,  2.83it/s, Accuracy=0.00%]
Evaluating adversarial:  88%|████████▊ | 88/100 [00:31<00:04,  2.83it/s, Accuracy=0.00%]
Evaluating adversarial:  88%|████████▊ | 88/100 [00:31<00:04,  2.83it/s, Accuracy=0.00%]
Evaluating adversarial:  89%|████████▉ | 89/100 [00:31<00:03,  2.83it/s, Accuracy=0.00%]
Evaluating adversarial:  89%|████████▉ | 89/100 [00:31<00:03,  2.83it/s, Accuracy=0.00%]
Evaluating adversarial:  90%|█████████ | 90/100 [00:31<00:03,  2.83it/s, Accuracy=0.00%]
Evaluating adversarial:  90%|█████████ | 90/100 [00:32<00:03,  2.83it/s, Accuracy=0.00%]
Evaluating adversarial:  91%|█████████ | 91/100 [00:32<00:03,  2.83it/s, Accuracy=0.00%]
Evaluating adversarial:  91%|█████████ | 91/100 [00:32<00:03,  2.83it/s, Accuracy=0.00%]
Evaluating adversarial:  92%|█████████▏| 92/100 [00:32<00:02,  2.83it/s, Accuracy=0.00%]
Evaluating adversarial:  92%|█████████▏| 92/100 [00:32<00:02,  2.83it/s, Accuracy=0.00%]
Evaluating adversarial:  93%|█████████▎| 93/100 [00:32<00:02,  2.83it/s, Accuracy=0.00%]
Evaluating adversarial:  93%|█████████▎| 93/100 [00:33<00:02,  2.83it/s, Accuracy=0.00%]
Evaluating adversarial:  94%|█████████▍| 94/100 [00:33<00:02,  2.83it/s, Accuracy=0.00%]
Evaluating adversarial:  94%|█████████▍| 94/100 [00:33<00:02,  2.83it/s, Accuracy=0.00%]
Evaluating adversarial:  95%|█████████▌| 95/100 [00:33<00:01,  2.81it/s, Accuracy=0.00%]
Evaluating adversarial:  95%|█████████▌| 95/100 [00:33<00:01,  2.81it/s, Accuracy=0.00%]
Evaluating adversarial:  96%|█████████▌| 96/100 [00:33<00:01,  2.81it/s, Accuracy=0.00%]
Evaluating adversarial:  96%|█████████▌| 96/100 [00:34<00:01,  2.81it/s, Accuracy=0.00%]
Evaluating adversarial:  97%|█████████▋| 97/100 [00:34<00:01,  2.81it/s, Accuracy=0.00%]
Evaluating adversarial:  97%|█████████▋| 97/100 [00:34<00:01,  2.81it/s, Accuracy=0.00%]
Evaluating adversarial:  98%|█████████▊| 98/100 [00:34<00:00,  2.81it/s, Accuracy=0.00%]
Evaluating adversarial:  98%|█████████▊| 98/100 [00:34<00:00,  2.81it/s, Accuracy=0.00%]
Evaluating adversarial:  99%|█████████▉| 99/100 [00:34<00:00,  2.82it/s, Accuracy=0.00%]
Evaluating adversarial:  99%|█████████▉| 99/100 [00:35<00:00,  2.82it/s, Accuracy=0.00%]
Evaluating adversarial: 100%|██████████| 100/100 [00:35<00:00,  2.82it/s, Accuracy=0.00%]
Evaluating adversarial: 100%|██████████| 100/100 [00:35<00:00,  2.83it/s, Accuracy=0.00%]
Test Accuracy (Adversarial): 0.0000
Round 4 duration: 114.07 seconds

--- Round 5/20 ---
Selected 5 clients for training

Client 4 - Epoch 1/1:   0%|          | 0/31 [00:00<?, ?it/s]
Client 4 - Epoch 1/1:   0%|          | 0/31 [00:00<?, ?it/s, Loss=0.0527]
Client 4 - Epoch 1/1:   3%|▎         | 1/31 [00:00<00:07,  4.05it/s, Loss=0.0527]
Client 4 - Epoch 1/1:   3%|▎         | 1/31 [00:00<00:07,  4.05it/s, Loss=0.0571]
Client 4 - Epoch 1/1:   6%|▋         | 2/31 [00:00<00:07,  4.05it/s, Loss=0.0571]
Client 4 - Epoch 1/1:   6%|▋         | 2/31 [00:00<00:07,  4.05it/s, Loss=0.0177]
Client 4 - Epoch 1/1:  10%|▉         | 3/31 [00:00<00:06,  4.06it/s, Loss=0.0177]
Client 4 - Epoch 1/1:  10%|▉         | 3/31 [00:00<00:06,  4.06it/s, Loss=0.0315]
Client 4 - Epoch 1/1:  13%|█▎        | 4/31 [00:00<00:06,  4.06it/s, Loss=0.0315]
Client 4 - Epoch 1/1:  13%|█▎        | 4/31 [00:01<00:06,  4.06it/s, Loss=0.0439]
Client 4 - Epoch 1/1:  16%|█▌        | 5/31 [00:01<00:06,  4.06it/s, Loss=0.0439]
Client 4 - Epoch 1/1:  16%|█▌        | 5/31 [00:01<00:06,  4.06it/s, Loss=0.0564]
Client 4 - Epoch 1/1:  19%|█▉        | 6/31 [00:01<00:06,  4.05it/s, Loss=0.0564]
Client 4 - Epoch 1/1:  19%|█▉        | 6/31 [00:01<00:06,  4.05it/s, Loss=0.0544]
Client 4 - Epoch 1/1:  23%|██▎       | 7/31 [00:01<00:05,  4.06it/s, Loss=0.0544]
Client 4 - Epoch 1/1:  23%|██▎       | 7/31 [00:01<00:05,  4.06it/s, Loss=0.0601]
Client 4 - Epoch 1/1:  26%|██▌       | 8/31 [00:01<00:05,  4.06it/s, Loss=0.0601]
Client 4 - Epoch 1/1:  26%|██▌       | 8/31 [00:02<00:05,  4.06it/s, Loss=0.3047]
Client 4 - Epoch 1/1:  29%|██▉       | 9/31 [00:02<00:05,  4.06it/s, Loss=0.3047]
Client 4 - Epoch 1/1:  29%|██▉       | 9/31 [00:02<00:05,  4.06it/s, Loss=0.2275]
Client 4 - Epoch 1/1:  32%|███▏      | 10/31 [00:02<00:05,  4.06it/s, Loss=0.2275]
Client 4 - Epoch 1/1:  32%|███▏      | 10/31 [00:02<00:05,  4.06it/s, Loss=0.1592]
Client 4 - Epoch 1/1:  35%|███▌      | 11/31 [00:02<00:04,  4.05it/s, Loss=0.1592]
Client 4 - Epoch 1/1:  35%|███▌      | 11/31 [00:02<00:04,  4.05it/s, Loss=0.2559]
Client 4 - Epoch 1/1:  39%|███▊      | 12/31 [00:02<00:04,  4.05it/s, Loss=0.2559]
Client 4 - Epoch 1/1:  39%|███▊      | 12/31 [00:03<00:04,  4.05it/s, Loss=0.0312]
Client 4 - Epoch 1/1:  42%|████▏     | 13/31 [00:03<00:04,  4.05it/s, Loss=0.0312]
Client 4 - Epoch 1/1:  42%|████▏     | 13/31 [00:03<00:04,  4.05it/s, Loss=0.0581]
Client 4 - Epoch 1/1:  45%|████▌     | 14/31 [00:03<00:04,  4.05it/s, Loss=0.0581]
Client 4 - Epoch 1/1:  45%|████▌     | 14/31 [00:03<00:04,  4.05it/s, Loss=0.2158]
Client 4 - Epoch 1/1:  48%|████▊     | 15/31 [00:03<00:03,  4.05it/s, Loss=0.2158]
Client 4 - Epoch 1/1:  48%|████▊     | 15/31 [00:03<00:03,  4.05it/s, Loss=0.0076]
Client 4 - Epoch 1/1:  52%|█████▏    | 16/31 [00:03<00:03,  4.05it/s, Loss=0.0076]
Client 4 - Epoch 1/1:  52%|█████▏    | 16/31 [00:04<00:03,  4.05it/s, Loss=0.1216]
Client 4 - Epoch 1/1:  55%|█████▍    | 17/31 [00:04<00:03,  4.05it/s, Loss=0.1216]
Client 4 - Epoch 1/1:  55%|█████▍    | 17/31 [00:04<00:03,  4.05it/s, Loss=0.0486]
Client 4 - Epoch 1/1:  58%|█████▊    | 18/31 [00:04<00:03,  4.05it/s, Loss=0.0486]
Client 4 - Epoch 1/1:  58%|█████▊    | 18/31 [00:04<00:03,  4.05it/s, Loss=0.1699]
Client 4 - Epoch 1/1:  61%|██████▏   | 19/31 [00:04<00:02,  4.05it/s, Loss=0.1699]
Client 4 - Epoch 1/1:  61%|██████▏   | 19/31 [00:04<00:02,  4.05it/s, Loss=0.0708]
Client 4 - Epoch 1/1:  65%|██████▍   | 20/31 [00:04<00:02,  4.05it/s, Loss=0.0708]
Client 4 - Epoch 1/1:  65%|██████▍   | 20/31 [00:05<00:02,  4.05it/s, Loss=0.1592]
Client 4 - Epoch 1/1:  68%|██████▊   | 21/31 [00:05<00:02,  4.05it/s, Loss=0.1592]
Client 4 - Epoch 1/1:  68%|██████▊   | 21/31 [00:05<00:02,  4.05it/s, Loss=0.5000]
Client 4 - Epoch 1/1:  71%|███████   | 22/31 [00:05<00:02,  4.05it/s, Loss=0.5000]
Client 4 - Epoch 1/1:  71%|███████   | 22/31 [00:05<00:02,  4.05it/s, Loss=0.4395]
Client 4 - Epoch 1/1:  74%|███████▍  | 23/31 [00:05<00:01,  4.05it/s, Loss=0.4395]
Client 4 - Epoch 1/1:  74%|███████▍  | 23/31 [00:05<00:01,  4.05it/s, Loss=0.0708]
Client 4 - Epoch 1/1:  77%|███████▋  | 24/31 [00:05<00:01,  4.05it/s, Loss=0.0708]
Client 4 - Epoch 1/1:  77%|███████▋  | 24/31 [00:06<00:01,  4.05it/s, Loss=0.0576]
Client 4 - Epoch 1/1:  81%|████████  | 25/31 [00:06<00:01,  4.05it/s, Loss=0.0576]
Client 4 - Epoch 1/1:  81%|████████  | 25/31 [00:06<00:01,  4.05it/s, Loss=0.0757]
Client 4 - Epoch 1/1:  84%|████████▍ | 26/31 [00:06<00:01,  4.05it/s, Loss=0.0757]
Client 4 - Epoch 1/1:  84%|████████▍ | 26/31 [00:06<00:01,  4.05it/s, Loss=0.2695]
Client 4 - Epoch 1/1:  87%|████████▋ | 27/31 [00:06<00:00,  4.06it/s, Loss=0.2695]
Client 4 - Epoch 1/1:  87%|████████▋ | 27/31 [00:06<00:00,  4.06it/s, Loss=0.1221]
Client 4 - Epoch 1/1:  90%|█████████ | 28/31 [00:06<00:00,  4.05it/s, Loss=0.1221]
Client 4 - Epoch 1/1:  90%|█████████ | 28/31 [00:07<00:00,  4.05it/s, Loss=0.2002]
Client 4 - Epoch 1/1:  94%|█████████▎| 29/31 [00:07<00:00,  4.05it/s, Loss=0.2002]
Client 4 - Epoch 1/1:  94%|█████████▎| 29/31 [00:07<00:00,  4.05it/s, Loss=0.0845]
Client 4 - Epoch 1/1:  97%|█████████▋| 30/31 [00:07<00:00,  4.05it/s, Loss=0.0845]
Client 4 - Epoch 1/1:  97%|█████████▋| 30/31 [00:07<00:00,  4.05it/s, Loss=0.2188]
Client 4 - Epoch 1/1: 100%|██████████| 31/31 [00:07<00:00,  4.23it/s, Loss=0.2188]
Client 4 - Epoch 1/1: 100%|██████████| 31/31 [00:07<00:00,  4.07it/s, Loss=0.2188]
Client 4 - Epoch 1/1 | Avg Loss: 0.1369

Client 3 - Epoch 1/1:   0%|          | 0/9 [00:00<?, ?it/s]
Client 3 - Epoch 1/1:   0%|          | 0/9 [00:00<?, ?it/s, Loss=0.3418]
Client 3 - Epoch 1/1:  11%|█         | 1/9 [00:00<00:01,  4.04it/s, Loss=0.3418]
Client 3 - Epoch 1/1:  11%|█         | 1/9 [00:00<00:01,  4.04it/s, Loss=0.1426]
Client 3 - Epoch 1/1:  22%|██▏       | 2/9 [00:00<00:01,  4.05it/s, Loss=0.1426]
Client 3 - Epoch 1/1:  22%|██▏       | 2/9 [00:00<00:01,  4.05it/s, Loss=0.0947]
Client 3 - Epoch 1/1:  33%|███▎      | 3/9 [00:00<00:01,  4.05it/s, Loss=0.0947]
Client 3 - Epoch 1/1:  33%|███▎      | 3/9 [00:00<00:01,  4.05it/s, Loss=0.1504]
Client 3 - Epoch 1/1:  44%|████▍     | 4/9 [00:00<00:01,  4.05it/s, Loss=0.1504]
Client 3 - Epoch 1/1:  44%|████▍     | 4/9 [00:01<00:01,  4.05it/s, Loss=0.0576]
Client 3 - Epoch 1/1:  56%|█████▌    | 5/9 [00:01<00:00,  4.05it/s, Loss=0.0576]
Client 3 - Epoch 1/1:  56%|█████▌    | 5/9 [00:01<00:00,  4.05it/s, Loss=0.0057]
Client 3 - Epoch 1/1:  67%|██████▋   | 6/9 [00:01<00:00,  4.05it/s, Loss=0.0057]
Client 3 - Epoch 1/1:  67%|██████▋   | 6/9 [00:01<00:00,  4.05it/s, Loss=0.0032]
Client 3 - Epoch 1/1:  78%|███████▊  | 7/9 [00:01<00:00,  4.05it/s, Loss=0.0032]
Client 3 - Epoch 1/1:  78%|███████▊  | 7/9 [00:01<00:00,  4.05it/s, Loss=0.0747]
Client 3 - Epoch 1/1:  89%|████████▉ | 8/9 [00:01<00:00,  4.06it/s, Loss=0.0747]
Client 3 - Epoch 1/1:  89%|████████▉ | 8/9 [00:02<00:00,  4.06it/s, Loss=0.0215]
Client 3 - Epoch 1/1: 100%|██████████| 9/9 [00:02<00:00,  4.73it/s, Loss=0.0215]
Client 3 - Epoch 1/1: 100%|██████████| 9/9 [00:02<00:00,  4.27it/s, Loss=0.0215]
Client 3 - Epoch 1/1 | Avg Loss: 0.0991

Client 0 - Epoch 1/1:   0%|          | 0/18 [00:00<?, ?it/s]
Client 0 - Epoch 1/1:   0%|          | 0/18 [00:00<?, ?it/s, Loss=0.0248]
Client 0 - Epoch 1/1:   6%|▌         | 1/18 [00:00<00:04,  4.03it/s, Loss=0.0248]
Client 0 - Epoch 1/1:   6%|▌         | 1/18 [00:00<00:04,  4.03it/s, Loss=0.0410]
Client 0 - Epoch 1/1:  11%|█         | 2/18 [00:00<00:03,  4.05it/s, Loss=0.0410]
Client 0 - Epoch 1/1:  11%|█         | 2/18 [00:00<00:03,  4.05it/s, Loss=0.0222]
Client 0 - Epoch 1/1:  17%|█▋        | 3/18 [00:00<00:03,  4.06it/s, Loss=0.0222]
Client 0 - Epoch 1/1:  17%|█▋        | 3/18 [00:00<00:03,  4.06it/s, Loss=0.0125]
Client 0 - Epoch 1/1:  22%|██▏       | 4/18 [00:00<00:03,  4.06it/s, Loss=0.0125]
Client 0 - Epoch 1/1:  22%|██▏       | 4/18 [00:01<00:03,  4.06it/s, Loss=0.0286]
Client 0 - Epoch 1/1:  28%|██▊       | 5/18 [00:01<00:03,  4.06it/s, Loss=0.0286]
Client 0 - Epoch 1/1:  28%|██▊       | 5/18 [00:01<00:03,  4.06it/s, Loss=0.0491]
Client 0 - Epoch 1/1:  33%|███▎      | 6/18 [00:01<00:02,  4.06it/s, Loss=0.0491]
Client 0 - Epoch 1/1:  33%|███▎      | 6/18 [00:01<00:02,  4.06it/s, Loss=0.0044]
Client 0 - Epoch 1/1:  39%|███▉      | 7/18 [00:01<00:02,  4.06it/s, Loss=0.0044]
Client 0 - Epoch 1/1:  39%|███▉      | 7/18 [00:01<00:02,  4.06it/s, Loss=0.0053]
Client 0 - Epoch 1/1:  44%|████▍     | 8/18 [00:01<00:02,  4.06it/s, Loss=0.0053]
Client 0 - Epoch 1/1:  44%|████▍     | 8/18 [00:02<00:02,  4.06it/s, Loss=0.0082]
Client 0 - Epoch 1/1:  50%|█████     | 9/18 [00:02<00:02,  4.06it/s, Loss=0.0082]
Client 0 - Epoch 1/1:  50%|█████     | 9/18 [00:02<00:02,  4.06it/s, Loss=0.0003]
Client 0 - Epoch 1/1:  56%|█████▌    | 10/18 [00:02<00:01,  4.06it/s, Loss=0.0003]
Client 0 - Epoch 1/1:  56%|█████▌    | 10/18 [00:02<00:01,  4.06it/s, Loss=0.0439]
Client 0 - Epoch 1/1:  61%|██████    | 11/18 [00:02<00:01,  4.06it/s, Loss=0.0439]
Client 0 - Epoch 1/1:  61%|██████    | 11/18 [00:02<00:01,  4.06it/s, Loss=0.0171]
Client 0 - Epoch 1/1:  67%|██████▋   | 12/18 [00:02<00:01,  4.06it/s, Loss=0.0171]
Client 0 - Epoch 1/1:  67%|██████▋   | 12/18 [00:03<00:01,  4.06it/s, Loss=0.0128]
Client 0 - Epoch 1/1:  72%|███████▏  | 13/18 [00:03<00:01,  4.06it/s, Loss=0.0128]
Client 0 - Epoch 1/1:  72%|███████▏  | 13/18 [00:03<00:01,  4.06it/s, Loss=0.0049]
Client 0 - Epoch 1/1:  78%|███████▊  | 14/18 [00:03<00:00,  4.06it/s, Loss=0.0049]
Client 0 - Epoch 1/1:  78%|███████▊  | 14/18 [00:03<00:00,  4.06it/s, Loss=0.0271]
Client 0 - Epoch 1/1:  83%|████████▎ | 15/18 [00:03<00:00,  4.06it/s, Loss=0.0271]
Client 0 - Epoch 1/1:  83%|████████▎ | 15/18 [00:03<00:00,  4.06it/s, Loss=0.0087]
Client 0 - Epoch 1/1:  89%|████████▉ | 16/18 [00:03<00:00,  4.06it/s, Loss=0.0087]
Client 0 - Epoch 1/1:  89%|████████▉ | 16/18 [00:04<00:00,  4.06it/s, Loss=0.0035]
Client 0 - Epoch 1/1:  94%|█████████▍| 17/18 [00:04<00:00,  4.06it/s, Loss=0.0035]
Client 0 - Epoch 1/1:  94%|█████████▍| 17/18 [00:04<00:00,  4.06it/s, Loss=0.0017]
Client 0 - Epoch 1/1: 100%|██████████| 18/18 [00:04<00:00,  4.91it/s, Loss=0.0017]
Client 0 - Epoch 1/1: 100%|██████████| 18/18 [00:04<00:00,  4.19it/s, Loss=0.0017]
Client 0 - Epoch 1/1 | Avg Loss: 0.0176

Client 1 - Epoch 1/1:   0%|          | 0/84 [00:00<?, ?it/s]
Client 1 - Epoch 1/1:   0%|          | 0/84 [00:00<?, ?it/s, Loss=0.3281]
Client 1 - Epoch 1/1:   1%|          | 1/84 [00:00<00:20,  4.05it/s, Loss=0.3281]
Client 1 - Epoch 1/1:   1%|          | 1/84 [00:00<00:20,  4.05it/s, Loss=0.4434]
Client 1 - Epoch 1/1:   2%|▏         | 2/84 [00:00<00:20,  4.06it/s, Loss=0.4434]
Client 1 - Epoch 1/1:   2%|▏         | 2/84 [00:00<00:20,  4.06it/s, Loss=0.0549]
Client 1 - Epoch 1/1:   4%|▎         | 3/84 [00:00<00:19,  4.06it/s, Loss=0.0549]
Client 1 - Epoch 1/1:   4%|▎         | 3/84 [00:00<00:19,  4.06it/s, Loss=0.0461]
Client 1 - Epoch 1/1:   5%|▍         | 4/84 [00:00<00:19,  4.06it/s, Loss=0.0461]
Client 1 - Epoch 1/1:   5%|▍         | 4/84 [00:01<00:19,  4.06it/s, Loss=0.0430]
Client 1 - Epoch 1/1:   6%|▌         | 5/84 [00:01<00:19,  4.06it/s, Loss=0.0430]
Client 1 - Epoch 1/1:   6%|▌         | 5/84 [00:01<00:19,  4.06it/s, Loss=0.0425]
Client 1 - Epoch 1/1:   7%|▋         | 6/84 [00:01<00:19,  4.06it/s, Loss=0.0425]
Client 1 - Epoch 1/1:   7%|▋         | 6/84 [00:01<00:19,  4.06it/s, Loss=0.0444]
Client 1 - Epoch 1/1:   8%|▊         | 7/84 [00:01<00:18,  4.05it/s, Loss=0.0444]
Client 1 - Epoch 1/1:   8%|▊         | 7/84 [00:01<00:18,  4.05it/s, Loss=0.0320]
Client 1 - Epoch 1/1:  10%|▉         | 8/84 [00:01<00:18,  4.06it/s, Loss=0.0320]
Client 1 - Epoch 1/1:  10%|▉         | 8/84 [00:02<00:18,  4.06it/s, Loss=0.0562]
Client 1 - Epoch 1/1:  11%|█         | 9/84 [00:02<00:18,  4.06it/s, Loss=0.0562]
Client 1 - Epoch 1/1:  11%|█         | 9/84 [00:02<00:18,  4.06it/s, Loss=0.1738]
Client 1 - Epoch 1/1:  12%|█▏        | 10/84 [00:02<00:18,  4.06it/s, Loss=0.1738]
Client 1 - Epoch 1/1:  12%|█▏        | 10/84 [00:02<00:18,  4.06it/s, Loss=0.6445]
Client 1 - Epoch 1/1:  13%|█▎        | 11/84 [00:02<00:17,  4.06it/s, Loss=0.6445]
Client 1 - Epoch 1/1:  13%|█▎        | 11/84 [00:02<00:17,  4.06it/s, Loss=0.0065]
Client 1 - Epoch 1/1:  14%|█▍        | 12/84 [00:02<00:17,  4.06it/s, Loss=0.0065]
Client 1 - Epoch 1/1:  14%|█▍        | 12/84 [00:03<00:17,  4.06it/s, Loss=0.0231]
Client 1 - Epoch 1/1:  15%|█▌        | 13/84 [00:03<00:17,  4.07it/s, Loss=0.0231]
Client 1 - Epoch 1/1:  15%|█▌        | 13/84 [00:03<00:17,  4.07it/s, Loss=0.0222]
Client 1 - Epoch 1/1:  17%|█▋        | 14/84 [00:03<00:17,  4.06it/s, Loss=0.0222]
Client 1 - Epoch 1/1:  17%|█▋        | 14/84 [00:03<00:17,  4.06it/s, Loss=0.7500]
Client 1 - Epoch 1/1:  18%|█▊        | 15/84 [00:03<00:17,  4.06it/s, Loss=0.7500]
Client 1 - Epoch 1/1:  18%|█▊        | 15/84 [00:03<00:17,  4.06it/s, Loss=0.0588]
Client 1 - Epoch 1/1:  19%|█▉        | 16/84 [00:03<00:16,  4.06it/s, Loss=0.0588]
Client 1 - Epoch 1/1:  19%|█▉        | 16/84 [00:04<00:16,  4.06it/s, Loss=0.1289]
Client 1 - Epoch 1/1:  20%|██        | 17/84 [00:04<00:16,  4.06it/s, Loss=0.1289]
Client 1 - Epoch 1/1:  20%|██        | 17/84 [00:04<00:16,  4.06it/s, Loss=0.3496]
Client 1 - Epoch 1/1:  21%|██▏       | 18/84 [00:04<00:16,  4.07it/s, Loss=0.3496]
Client 1 - Epoch 1/1:  21%|██▏       | 18/84 [00:04<00:16,  4.07it/s, Loss=0.0203]
Client 1 - Epoch 1/1:  23%|██▎       | 19/84 [00:04<00:15,  4.06it/s, Loss=0.0203]
Client 1 - Epoch 1/1:  23%|██▎       | 19/84 [00:04<00:15,  4.06it/s, Loss=0.0669]
Client 1 - Epoch 1/1:  24%|██▍       | 20/84 [00:04<00:15,  4.06it/s, Loss=0.0669]
Client 1 - Epoch 1/1:  24%|██▍       | 20/84 [00:05<00:15,  4.06it/s, Loss=0.0091]
Client 1 - Epoch 1/1:  25%|██▌       | 21/84 [00:05<00:15,  4.06it/s, Loss=0.0091]
Client 1 - Epoch 1/1:  25%|██▌       | 21/84 [00:05<00:15,  4.06it/s, Loss=0.0136]
Client 1 - Epoch 1/1:  26%|██▌       | 22/84 [00:05<00:15,  4.06it/s, Loss=0.0136]
Client 1 - Epoch 1/1:  26%|██▌       | 22/84 [00:05<00:15,  4.06it/s, Loss=0.2354]
Client 1 - Epoch 1/1:  27%|██▋       | 23/84 [00:05<00:15,  4.06it/s, Loss=0.2354]
Client 1 - Epoch 1/1:  27%|██▋       | 23/84 [00:05<00:15,  4.06it/s, Loss=0.0270]
Client 1 - Epoch 1/1:  29%|██▊       | 24/84 [00:05<00:14,  4.06it/s, Loss=0.0270]
Client 1 - Epoch 1/1:  29%|██▊       | 24/84 [00:06<00:14,  4.06it/s, Loss=0.0684]
Client 1 - Epoch 1/1:  30%|██▉       | 25/84 [00:06<00:14,  4.06it/s, Loss=0.0684]
Client 1 - Epoch 1/1:  30%|██▉       | 25/84 [00:06<00:14,  4.06it/s, Loss=0.0767]
Client 1 - Epoch 1/1:  31%|███       | 26/84 [00:06<00:14,  4.06it/s, Loss=0.0767]
Client 1 - Epoch 1/1:  31%|███       | 26/84 [00:06<00:14,  4.06it/s, Loss=0.0588]
Client 1 - Epoch 1/1:  32%|███▏      | 27/84 [00:06<00:14,  4.07it/s, Loss=0.0588]
Client 1 - Epoch 1/1:  32%|███▏      | 27/84 [00:06<00:14,  4.07it/s, Loss=0.0679]
Client 1 - Epoch 1/1:  33%|███▎      | 28/84 [00:06<00:13,  4.06it/s, Loss=0.0679]
Client 1 - Epoch 1/1:  33%|███▎      | 28/84 [00:07<00:13,  4.06it/s, Loss=0.0366]
Client 1 - Epoch 1/1:  35%|███▍      | 29/84 [00:07<00:13,  4.06it/s, Loss=0.0366]
Client 1 - Epoch 1/1:  35%|███▍      | 29/84 [00:07<00:13,  4.06it/s, Loss=0.0500]
Client 1 - Epoch 1/1:  36%|███▌      | 30/84 [00:07<00:13,  4.06it/s, Loss=0.0500]
Client 1 - Epoch 1/1:  36%|███▌      | 30/84 [00:07<00:13,  4.06it/s, Loss=0.1689]
Client 1 - Epoch 1/1:  37%|███▋      | 31/84 [00:07<00:13,  4.06it/s, Loss=0.1689]
Client 1 - Epoch 1/1:  37%|███▋      | 31/84 [00:07<00:13,  4.06it/s, Loss=0.2773]
Client 1 - Epoch 1/1:  38%|███▊      | 32/84 [00:07<00:12,  4.06it/s, Loss=0.2773]
Client 1 - Epoch 1/1:  38%|███▊      | 32/84 [00:08<00:12,  4.06it/s, Loss=0.1641]
Client 1 - Epoch 1/1:  39%|███▉      | 33/84 [00:08<00:12,  4.06it/s, Loss=0.1641]
Client 1 - Epoch 1/1:  39%|███▉      | 33/84 [00:08<00:12,  4.06it/s, Loss=0.0109]
Client 1 - Epoch 1/1:  40%|████      | 34/84 [00:08<00:12,  4.05it/s, Loss=0.0109]
Client 1 - Epoch 1/1:  40%|████      | 34/84 [00:08<00:12,  4.05it/s, Loss=0.0134]
Client 1 - Epoch 1/1:  42%|████▏     | 35/84 [00:08<00:12,  4.05it/s, Loss=0.0134]
Client 1 - Epoch 1/1:  42%|████▏     | 35/84 [00:08<00:12,  4.05it/s, Loss=0.0527]
Client 1 - Epoch 1/1:  43%|████▎     | 36/84 [00:08<00:11,  4.06it/s, Loss=0.0527]
Client 1 - Epoch 1/1:  43%|████▎     | 36/84 [00:09<00:11,  4.06it/s, Loss=0.0233]
Client 1 - Epoch 1/1:  44%|████▍     | 37/84 [00:09<00:11,  4.06it/s, Loss=0.0233]
Client 1 - Epoch 1/1:  44%|████▍     | 37/84 [00:09<00:11,  4.06it/s, Loss=0.2354]
Client 1 - Epoch 1/1:  45%|████▌     | 38/84 [00:09<00:11,  4.05it/s, Loss=0.2354]
Client 1 - Epoch 1/1:  45%|████▌     | 38/84 [00:09<00:11,  4.05it/s, Loss=0.0165]
Client 1 - Epoch 1/1:  46%|████▋     | 39/84 [00:09<00:11,  4.06it/s, Loss=0.0165]
Client 1 - Epoch 1/1:  46%|████▋     | 39/84 [00:09<00:11,  4.06it/s, Loss=0.0303]
Client 1 - Epoch 1/1:  48%|████▊     | 40/84 [00:09<00:10,  4.06it/s, Loss=0.0303]
Client 1 - Epoch 1/1:  48%|████▊     | 40/84 [00:10<00:10,  4.06it/s, Loss=0.0104]
Client 1 - Epoch 1/1:  49%|████▉     | 41/84 [00:10<00:10,  4.07it/s, Loss=0.0104]
Client 1 - Epoch 1/1:  49%|████▉     | 41/84 [00:10<00:10,  4.07it/s, Loss=0.0170]
Client 1 - Epoch 1/1:  50%|█████     | 42/84 [00:10<00:10,  4.06it/s, Loss=0.0170]
Client 1 - Epoch 1/1:  50%|█████     | 42/84 [00:10<00:10,  4.06it/s, Loss=0.3652]
Client 1 - Epoch 1/1:  51%|█████     | 43/84 [00:10<00:10,  4.06it/s, Loss=0.3652]
Client 1 - Epoch 1/1:  51%|█████     | 43/84 [00:10<00:10,  4.06it/s, Loss=0.1089]
Client 1 - Epoch 1/1:  52%|█████▏    | 44/84 [00:10<00:09,  4.06it/s, Loss=0.1089]
Client 1 - Epoch 1/1:  52%|█████▏    | 44/84 [00:11<00:09,  4.06it/s, Loss=0.0065]
Client 1 - Epoch 1/1:  54%|█████▎    | 45/84 [00:11<00:09,  4.06it/s, Loss=0.0065]
Client 1 - Epoch 1/1:  54%|█████▎    | 45/84 [00:11<00:09,  4.06it/s, Loss=0.0247]
Client 1 - Epoch 1/1:  55%|█████▍    | 46/84 [00:11<00:09,  4.06it/s, Loss=0.0247]
Client 1 - Epoch 1/1:  55%|█████▍    | 46/84 [00:11<00:09,  4.06it/s, Loss=0.0403]
Client 1 - Epoch 1/1:  56%|█████▌    | 47/84 [00:11<00:09,  4.06it/s, Loss=0.0403]
Client 1 - Epoch 1/1:  56%|█████▌    | 47/84 [00:11<00:09,  4.06it/s, Loss=0.0258]
Client 1 - Epoch 1/1:  57%|█████▋    | 48/84 [00:11<00:08,  4.06it/s, Loss=0.0258]
Client 1 - Epoch 1/1:  57%|█████▋    | 48/84 [00:12<00:08,  4.06it/s, Loss=0.0277]
Client 1 - Epoch 1/1:  58%|█████▊    | 49/84 [00:12<00:08,  4.06it/s, Loss=0.0277]
Client 1 - Epoch 1/1:  58%|█████▊    | 49/84 [00:12<00:08,  4.06it/s, Loss=0.0254]
Client 1 - Epoch 1/1:  60%|█████▉    | 50/84 [00:12<00:08,  4.06it/s, Loss=0.0254]
Client 1 - Epoch 1/1:  60%|█████▉    | 50/84 [00:12<00:08,  4.06it/s, Loss=0.3320]
Client 1 - Epoch 1/1:  61%|██████    | 51/84 [00:12<00:08,  4.06it/s, Loss=0.3320]
Client 1 - Epoch 1/1:  61%|██████    | 51/84 [00:12<00:08,  4.06it/s, Loss=0.1699]
Client 1 - Epoch 1/1:  62%|██████▏   | 52/84 [00:12<00:07,  4.06it/s, Loss=0.1699]
Client 1 - Epoch 1/1:  62%|██████▏   | 52/84 [00:13<00:07,  4.06it/s, Loss=0.0762]
Client 1 - Epoch 1/1:  63%|██████▎   | 53/84 [00:13<00:07,  4.06it/s, Loss=0.0762]
Client 1 - Epoch 1/1:  63%|██████▎   | 53/84 [00:13<00:07,  4.06it/s, Loss=0.1318]
Client 1 - Epoch 1/1:  64%|██████▍   | 54/84 [00:13<00:07,  4.06it/s, Loss=0.1318]
Client 1 - Epoch 1/1:  64%|██████▍   | 54/84 [00:13<00:07,  4.06it/s, Loss=0.8203]
Client 1 - Epoch 1/1:  65%|██████▌   | 55/84 [00:13<00:07,  4.07it/s, Loss=0.8203]
Client 1 - Epoch 1/1:  65%|██████▌   | 55/84 [00:13<00:07,  4.07it/s, Loss=0.0093]
Client 1 - Epoch 1/1:  67%|██████▋   | 56/84 [00:13<00:06,  4.06it/s, Loss=0.0093]
Client 1 - Epoch 1/1:  67%|██████▋   | 56/84 [00:14<00:06,  4.06it/s, Loss=0.1187]
Client 1 - Epoch 1/1:  68%|██████▊   | 57/84 [00:14<00:06,  4.06it/s, Loss=0.1187]
Client 1 - Epoch 1/1:  68%|██████▊   | 57/84 [00:14<00:06,  4.06it/s, Loss=0.1055]
Client 1 - Epoch 1/1:  69%|██████▉   | 58/84 [00:14<00:06,  4.05it/s, Loss=0.1055]
Client 1 - Epoch 1/1:  69%|██████▉   | 58/84 [00:14<00:06,  4.05it/s, Loss=0.0383]
Client 1 - Epoch 1/1:  70%|███████   | 59/84 [00:14<00:06,  4.05it/s, Loss=0.0383]
Client 1 - Epoch 1/1:  70%|███████   | 59/84 [00:14<00:06,  4.05it/s, Loss=0.2031]
Client 1 - Epoch 1/1:  71%|███████▏  | 60/84 [00:14<00:05,  4.06it/s, Loss=0.2031]
Client 1 - Epoch 1/1:  71%|███████▏  | 60/84 [00:15<00:05,  4.06it/s, Loss=0.0134]
Client 1 - Epoch 1/1:  73%|███████▎  | 61/84 [00:15<00:05,  4.06it/s, Loss=0.0134]
Client 1 - Epoch 1/1:  73%|███████▎  | 61/84 [00:15<00:05,  4.06it/s, Loss=0.0094]
Client 1 - Epoch 1/1:  74%|███████▍  | 62/84 [00:15<00:05,  4.06it/s, Loss=0.0094]
Client 1 - Epoch 1/1:  74%|███████▍  | 62/84 [00:15<00:05,  4.06it/s, Loss=0.1289]
Client 1 - Epoch 1/1:  75%|███████▌  | 63/84 [00:15<00:05,  4.06it/s, Loss=0.1289]
Client 1 - Epoch 1/1:  75%|███████▌  | 63/84 [00:15<00:05,  4.06it/s, Loss=0.0063]
Client 1 - Epoch 1/1:  76%|███████▌  | 64/84 [00:15<00:04,  4.06it/s, Loss=0.0063]
Client 1 - Epoch 1/1:  76%|███████▌  | 64/84 [00:16<00:04,  4.06it/s, Loss=0.0304]
Client 1 - Epoch 1/1:  77%|███████▋  | 65/84 [00:16<00:04,  4.06it/s, Loss=0.0304]
Client 1 - Epoch 1/1:  77%|███████▋  | 65/84 [00:16<00:04,  4.06it/s, Loss=0.1807]
Client 1 - Epoch 1/1:  79%|███████▊  | 66/84 [00:16<00:04,  4.06it/s, Loss=0.1807]
Client 1 - Epoch 1/1:  79%|███████▊  | 66/84 [00:16<00:04,  4.06it/s, Loss=0.0167]
Client 1 - Epoch 1/1:  80%|███████▉  | 67/84 [00:16<00:04,  4.06it/s, Loss=0.0167]
Client 1 - Epoch 1/1:  80%|███████▉  | 67/84 [00:16<00:04,  4.06it/s, Loss=0.0129]
Client 1 - Epoch 1/1:  81%|████████  | 68/84 [00:16<00:03,  4.06it/s, Loss=0.0129]
Client 1 - Epoch 1/1:  81%|████████  | 68/84 [00:16<00:03,  4.06it/s, Loss=0.0439]
Client 1 - Epoch 1/1:  82%|████████▏ | 69/84 [00:16<00:03,  4.06it/s, Loss=0.0439]
Client 1 - Epoch 1/1:  82%|████████▏ | 69/84 [00:17<00:03,  4.06it/s, Loss=0.0178]
Client 1 - Epoch 1/1:  83%|████████▎ | 70/84 [00:17<00:03,  4.06it/s, Loss=0.0178]
Client 1 - Epoch 1/1:  83%|████████▎ | 70/84 [00:17<00:03,  4.06it/s, Loss=0.0291]
Client 1 - Epoch 1/1:  85%|████████▍ | 71/84 [00:17<00:03,  4.06it/s, Loss=0.0291]
Client 1 - Epoch 1/1:  85%|████████▍ | 71/84 [00:17<00:03,  4.06it/s, Loss=0.0135]
Client 1 - Epoch 1/1:  86%|████████▌ | 72/84 [00:17<00:02,  4.06it/s, Loss=0.0135]
Client 1 - Epoch 1/1:  86%|████████▌ | 72/84 [00:17<00:02,  4.06it/s, Loss=0.1582]
Client 1 - Epoch 1/1:  87%|████████▋ | 73/84 [00:17<00:02,  4.06it/s, Loss=0.1582]
Client 1 - Epoch 1/1:  87%|████████▋ | 73/84 [00:18<00:02,  4.06it/s, Loss=0.0082]
Client 1 - Epoch 1/1:  88%|████████▊ | 74/84 [00:18<00:02,  4.06it/s, Loss=0.0082]
Client 1 - Epoch 1/1:  88%|████████▊ | 74/84 [00:18<00:02,  4.06it/s, Loss=0.0593]
Client 1 - Epoch 1/1:  89%|████████▉ | 75/84 [00:18<00:02,  4.06it/s, Loss=0.0593]
Client 1 - Epoch 1/1:  89%|████████▉ | 75/84 [00:18<00:02,  4.06it/s, Loss=0.0566]
Client 1 - Epoch 1/1:  90%|█████████ | 76/84 [00:18<00:01,  4.03it/s, Loss=0.0566]
Client 1 - Epoch 1/1:  90%|█████████ | 76/84 [00:18<00:01,  4.03it/s, Loss=0.0260]
Client 1 - Epoch 1/1:  92%|█████████▏| 77/84 [00:18<00:01,  4.04it/s, Loss=0.0260]
Client 1 - Epoch 1/1:  92%|█████████▏| 77/84 [00:19<00:01,  4.04it/s, Loss=0.0522]
Client 1 - Epoch 1/1:  93%|█████████▎| 78/84 [00:19<00:01,  4.05it/s, Loss=0.0522]
Client 1 - Epoch 1/1:  93%|█████████▎| 78/84 [00:19<00:01,  4.05it/s, Loss=0.0114]
Client 1 - Epoch 1/1:  94%|█████████▍| 79/84 [00:19<00:01,  4.05it/s, Loss=0.0114]
Client 1 - Epoch 1/1:  94%|█████████▍| 79/84 [00:19<00:01,  4.05it/s, Loss=0.0101]
Client 1 - Epoch 1/1:  95%|█████████▌| 80/84 [00:19<00:00,  4.05it/s, Loss=0.0101]
Client 1 - Epoch 1/1:  95%|█████████▌| 80/84 [00:19<00:00,  4.05it/s, Loss=0.0228]
Client 1 - Epoch 1/1:  96%|█████████▋| 81/84 [00:19<00:00,  4.05it/s, Loss=0.0228]
Client 1 - Epoch 1/1:  96%|█████████▋| 81/84 [00:20<00:00,  4.05it/s, Loss=0.0554]
Client 1 - Epoch 1/1:  98%|█████████▊| 82/84 [00:20<00:00,  4.05it/s, Loss=0.0554]
Client 1 - Epoch 1/1:  98%|█████████▊| 82/84 [00:20<00:00,  4.05it/s, Loss=0.0520]
Client 1 - Epoch 1/1:  99%|█████████▉| 83/84 [00:20<00:00,  4.05it/s, Loss=0.0520]
Client 1 - Epoch 1/1:  99%|█████████▉| 83/84 [00:20<00:00,  4.05it/s, Loss=0.0219]
Client 1 - Epoch 1/1: 100%|██████████| 84/84 [00:20<00:00,  4.22it/s, Loss=0.0219]
Client 1 - Epoch 1/1: 100%|██████████| 84/84 [00:20<00:00,  4.06it/s, Loss=0.0219]
Client 1 - Epoch 1/1 | Avg Loss: 0.1032

Client 2 - Epoch 1/1:   0%|          | 0/10 [00:00<?, ?it/s]
Client 2 - Epoch 1/1:   0%|          | 0/10 [00:00<?, ?it/s, Loss=0.0659]
Client 2 - Epoch 1/1:  10%|█         | 1/10 [00:00<00:02,  4.03it/s, Loss=0.0659]
Client 2 - Epoch 1/1:  10%|█         | 1/10 [00:00<00:02,  4.03it/s, Loss=0.0635]
Client 2 - Epoch 1/1:  20%|██        | 2/10 [00:00<00:01,  4.06it/s, Loss=0.0635]
Client 2 - Epoch 1/1:  20%|██        | 2/10 [00:00<00:01,  4.06it/s, Loss=0.0894]
Client 2 - Epoch 1/1:  30%|███       | 3/10 [00:00<00:01,  4.06it/s, Loss=0.0894]
Client 2 - Epoch 1/1:  30%|███       | 3/10 [00:00<00:01,  4.06it/s, Loss=0.0194]
Client 2 - Epoch 1/1:  40%|████      | 4/10 [00:00<00:01,  4.06it/s, Loss=0.0194]
Client 2 - Epoch 1/1:  40%|████      | 4/10 [00:01<00:01,  4.06it/s, Loss=0.5586]
Client 2 - Epoch 1/1:  50%|█████     | 5/10 [00:01<00:01,  4.06it/s, Loss=0.5586]
Client 2 - Epoch 1/1:  50%|█████     | 5/10 [00:01<00:01,  4.06it/s, Loss=0.0752]
Client 2 - Epoch 1/1:  60%|██████    | 6/10 [00:01<00:00,  4.06it/s, Loss=0.0752]
Client 2 - Epoch 1/1:  60%|██████    | 6/10 [00:01<00:00,  4.06it/s, Loss=0.0515]
Client 2 - Epoch 1/1:  70%|███████   | 7/10 [00:01<00:00,  4.06it/s, Loss=0.0515]
Client 2 - Epoch 1/1:  70%|███████   | 7/10 [00:01<00:00,  4.06it/s, Loss=0.0413]
Client 2 - Epoch 1/1:  80%|████████  | 8/10 [00:01<00:00,  4.06it/s, Loss=0.0413]
Client 2 - Epoch 1/1:  80%|████████  | 8/10 [00:02<00:00,  4.06it/s, Loss=0.3242]
Client 2 - Epoch 1/1:  90%|█████████ | 9/10 [00:02<00:00,  4.06it/s, Loss=0.3242]
Client 2 - Epoch 1/1:  90%|█████████ | 9/10 [00:02<00:00,  4.06it/s, Loss=0.9258]
Client 2 - Epoch 1/1: 100%|██████████| 10/10 [00:02<00:00,  4.94it/s, Loss=0.9258]
Client 2 - Epoch 1/1: 100%|██████████| 10/10 [00:02<00:00,  4.31it/s, Loss=0.9258]
Client 2 - Epoch 1/1 | Avg Loss: 0.2215

Evaluating normal:   0%|          | 0/100 [00:00<?, ?it/s]
Evaluating normal:   0%|          | 0/100 [00:00<?, ?it/s, Accuracy=62.50%]
Evaluating normal:   1%|          | 1/100 [00:00<00:10,  9.02it/s, Accuracy=62.50%]
Evaluating normal:   1%|          | 1/100 [00:00<00:10,  9.02it/s, Accuracy=81.25%]
Evaluating normal:   2%|▏         | 2/100 [00:00<00:10,  9.09it/s, Accuracy=81.25%]
Evaluating normal:   2%|▏         | 2/100 [00:00<00:10,  9.09it/s, Accuracy=87.50%]
Evaluating normal:   3%|▎         | 3/100 [00:00<00:10,  9.14it/s, Accuracy=87.50%]
Evaluating normal:   3%|▎         | 3/100 [00:00<00:10,  9.14it/s, Accuracy=90.62%]
Evaluating normal:   4%|▍         | 4/100 [00:00<00:10,  9.13it/s, Accuracy=90.62%]
Evaluating normal:   4%|▍         | 4/100 [00:00<00:10,  9.13it/s, Accuracy=90.00%]
Evaluating normal:   5%|▌         | 5/100 [00:00<00:10,  9.17it/s, Accuracy=90.00%]
Evaluating normal:   5%|▌         | 5/100 [00:00<00:10,  9.17it/s, Accuracy=91.67%]
Evaluating normal:   6%|▌         | 6/100 [00:00<00:10,  9.18it/s, Accuracy=91.67%]
Evaluating normal:   6%|▌         | 6/100 [00:00<00:10,  9.18it/s, Accuracy=87.50%]
Evaluating normal:   7%|▋         | 7/100 [00:00<00:10,  9.19it/s, Accuracy=87.50%]
Evaluating normal:   7%|▋         | 7/100 [00:00<00:10,  9.19it/s, Accuracy=87.50%]
Evaluating normal:   8%|▊         | 8/100 [00:00<00:09,  9.21it/s, Accuracy=87.50%]
Evaluating normal:   8%|▊         | 8/100 [00:00<00:09,  9.21it/s, Accuracy=88.89%]
Evaluating normal:   9%|▉         | 9/100 [00:00<00:09,  9.21it/s, Accuracy=88.89%]
Evaluating normal:   9%|▉         | 9/100 [00:01<00:09,  9.21it/s, Accuracy=88.75%]
Evaluating normal:  10%|█         | 10/100 [00:01<00:09,  9.19it/s, Accuracy=88.75%]
Evaluating normal:  10%|█         | 10/100 [00:01<00:09,  9.19it/s, Accuracy=87.50%]
Evaluating normal:  11%|█         | 11/100 [00:01<00:09,  9.20it/s, Accuracy=87.50%]
Evaluating normal:  11%|█         | 11/100 [00:01<00:09,  9.20it/s, Accuracy=85.42%]
Evaluating normal:  12%|█▏        | 12/100 [00:01<00:09,  9.20it/s, Accuracy=85.42%]
Evaluating normal:  12%|█▏        | 12/100 [00:01<00:09,  9.20it/s, Accuracy=83.65%]
Evaluating normal:  13%|█▎        | 13/100 [00:01<00:09,  9.22it/s, Accuracy=83.65%]
Evaluating normal:  13%|█▎        | 13/100 [00:01<00:09,  9.22it/s, Accuracy=83.04%]
Evaluating normal:  14%|█▍        | 14/100 [00:01<00:09,  9.16it/s, Accuracy=83.04%]
Evaluating normal:  14%|█▍        | 14/100 [00:01<00:09,  9.16it/s, Accuracy=83.33%]
Evaluating normal:  15%|█▌        | 15/100 [00:01<00:09,  9.19it/s, Accuracy=83.33%]
Evaluating normal:  15%|█▌        | 15/100 [00:01<00:09,  9.19it/s, Accuracy=83.59%]
Evaluating normal:  16%|█▌        | 16/100 [00:01<00:09,  9.22it/s, Accuracy=83.59%]
Evaluating normal:  16%|█▌        | 16/100 [00:01<00:09,  9.22it/s, Accuracy=83.09%]
Evaluating normal:  17%|█▋        | 17/100 [00:01<00:08,  9.23it/s, Accuracy=83.09%]
Evaluating normal:  17%|█▋        | 17/100 [00:01<00:08,  9.23it/s, Accuracy=83.33%]
Evaluating normal:  18%|█▊        | 18/100 [00:01<00:08,  9.23it/s, Accuracy=83.33%]
Evaluating normal:  18%|█▊        | 18/100 [00:02<00:08,  9.23it/s, Accuracy=82.24%]
Evaluating normal:  19%|█▉        | 19/100 [00:02<00:08,  9.25it/s, Accuracy=82.24%]
Evaluating normal:  19%|█▉        | 19/100 [00:02<00:08,  9.25it/s, Accuracy=83.12%]
Evaluating normal:  20%|██        | 20/100 [00:02<00:08,  9.25it/s, Accuracy=83.12%]
Evaluating normal:  20%|██        | 20/100 [00:02<00:08,  9.25it/s, Accuracy=83.33%]
Evaluating normal:  21%|██        | 21/100 [00:02<00:08,  9.26it/s, Accuracy=83.33%]
Evaluating normal:  21%|██        | 21/100 [00:02<00:08,  9.26it/s, Accuracy=82.39%]
Evaluating normal:  22%|██▏       | 22/100 [00:02<00:08,  9.26it/s, Accuracy=82.39%]
Evaluating normal:  22%|██▏       | 22/100 [00:02<00:08,  9.26it/s, Accuracy=83.15%]
Evaluating normal:  23%|██▎       | 23/100 [00:02<00:08,  9.26it/s, Accuracy=83.15%]
Evaluating normal:  23%|██▎       | 23/100 [00:02<00:08,  9.26it/s, Accuracy=83.85%]
Evaluating normal:  24%|██▍       | 24/100 [00:02<00:08,  9.26it/s, Accuracy=83.85%]
Evaluating normal:  24%|██▍       | 24/100 [00:02<00:08,  9.26it/s, Accuracy=83.50%]
Evaluating normal:  25%|██▌       | 25/100 [00:02<00:08,  9.18it/s, Accuracy=83.50%]
Evaluating normal:  25%|██▌       | 25/100 [00:02<00:08,  9.18it/s, Accuracy=84.13%]
Evaluating normal:  26%|██▌       | 26/100 [00:02<00:08,  9.20it/s, Accuracy=84.13%]
Evaluating normal:  26%|██▌       | 26/100 [00:02<00:08,  9.20it/s, Accuracy=84.26%]
Evaluating normal:  27%|██▋       | 27/100 [00:02<00:07,  9.21it/s, Accuracy=84.26%]
Evaluating normal:  27%|██▋       | 27/100 [00:03<00:07,  9.21it/s, Accuracy=84.38%]
Evaluating normal:  28%|██▊       | 28/100 [00:03<00:07,  9.23it/s, Accuracy=84.38%]
Evaluating normal:  28%|██▊       | 28/100 [00:03<00:07,  9.23it/s, Accuracy=84.48%]
Evaluating normal:  29%|██▉       | 29/100 [00:03<00:07,  9.23it/s, Accuracy=84.48%]
Evaluating normal:  29%|██▉       | 29/100 [00:03<00:07,  9.23it/s, Accuracy=84.17%]
Evaluating normal:  30%|███       | 30/100 [00:03<00:07,  9.24it/s, Accuracy=84.17%]
Evaluating normal:  30%|███       | 30/100 [00:03<00:07,  9.24it/s, Accuracy=83.47%]
Evaluating normal:  31%|███       | 31/100 [00:03<00:07,  9.24it/s, Accuracy=83.47%]
Evaluating normal:  31%|███       | 31/100 [00:03<00:07,  9.24it/s, Accuracy=83.20%]
Evaluating normal:  32%|███▏      | 32/100 [00:03<00:07,  9.25it/s, Accuracy=83.20%]
Evaluating normal:  32%|███▏      | 32/100 [00:03<00:07,  9.25it/s, Accuracy=82.95%]
Evaluating normal:  33%|███▎      | 33/100 [00:03<00:07,  9.24it/s, Accuracy=82.95%]
Evaluating normal:  33%|███▎      | 33/100 [00:03<00:07,  9.24it/s, Accuracy=83.09%]
Evaluating normal:  34%|███▍      | 34/100 [00:03<00:07,  9.25it/s, Accuracy=83.09%]
Evaluating normal:  34%|███▍      | 34/100 [00:03<00:07,  9.25it/s, Accuracy=83.57%]
Evaluating normal:  35%|███▌      | 35/100 [00:03<00:07,  9.26it/s, Accuracy=83.57%]
Evaluating normal:  35%|███▌      | 35/100 [00:03<00:07,  9.26it/s, Accuracy=82.99%]
Evaluating normal:  36%|███▌      | 36/100 [00:03<00:06,  9.25it/s, Accuracy=82.99%]
Evaluating normal:  36%|███▌      | 36/100 [00:04<00:06,  9.25it/s, Accuracy=83.45%]
Evaluating normal:  37%|███▋      | 37/100 [00:04<00:06,  9.26it/s, Accuracy=83.45%]
Evaluating normal:  37%|███▋      | 37/100 [00:04<00:06,  9.26it/s, Accuracy=83.88%]
Evaluating normal:  38%|███▊      | 38/100 [00:04<00:06,  9.27it/s, Accuracy=83.88%]
Evaluating normal:  38%|███▊      | 38/100 [00:04<00:06,  9.27it/s, Accuracy=83.65%]
Evaluating normal:  39%|███▉      | 39/100 [00:04<00:06,  9.27it/s, Accuracy=83.65%]
Evaluating normal:  39%|███▉      | 39/100 [00:04<00:06,  9.27it/s, Accuracy=84.06%]
Evaluating normal:  40%|████      | 40/100 [00:04<00:06,  9.27it/s, Accuracy=84.06%]
Evaluating normal:  40%|████      | 40/100 [00:04<00:06,  9.27it/s, Accuracy=84.45%]
Evaluating normal:  41%|████      | 41/100 [00:04<00:06,  9.26it/s, Accuracy=84.45%]
Evaluating normal:  41%|████      | 41/100 [00:04<00:06,  9.26it/s, Accuracy=84.52%]
Evaluating normal:  42%|████▏     | 42/100 [00:04<00:06,  9.25it/s, Accuracy=84.52%]
Evaluating normal:  42%|████▏     | 42/100 [00:04<00:06,  9.25it/s, Accuracy=84.59%]
Evaluating normal:  43%|████▎     | 43/100 [00:04<00:06,  9.26it/s, Accuracy=84.59%]
Evaluating normal:  43%|████▎     | 43/100 [00:04<00:06,  9.26it/s, Accuracy=84.38%]
Evaluating normal:  44%|████▍     | 44/100 [00:04<00:06,  9.26it/s, Accuracy=84.38%]
Evaluating normal:  44%|████▍     | 44/100 [00:04<00:06,  9.26it/s, Accuracy=84.44%]
Evaluating normal:  45%|████▌     | 45/100 [00:04<00:05,  9.25it/s, Accuracy=84.44%]
Evaluating normal:  45%|████▌     | 45/100 [00:04<00:05,  9.25it/s, Accuracy=84.78%]
Evaluating normal:  46%|████▌     | 46/100 [00:04<00:05,  9.24it/s, Accuracy=84.78%]
Evaluating normal:  46%|████▌     | 46/100 [00:05<00:05,  9.24it/s, Accuracy=85.11%]
Evaluating normal:  47%|████▋     | 47/100 [00:05<00:05,  9.24it/s, Accuracy=85.11%]
Evaluating normal:  47%|████▋     | 47/100 [00:05<00:05,  9.24it/s, Accuracy=85.42%]
Evaluating normal:  48%|████▊     | 48/100 [00:05<00:05,  9.25it/s, Accuracy=85.42%]
Evaluating normal:  48%|████▊     | 48/100 [00:05<00:05,  9.25it/s, Accuracy=85.71%]
Evaluating normal:  49%|████▉     | 49/100 [00:05<00:05,  9.26it/s, Accuracy=85.71%]
Evaluating normal:  49%|████▉     | 49/100 [00:05<00:05,  9.26it/s, Accuracy=85.75%]
Evaluating normal:  50%|█████     | 50/100 [00:05<00:05,  9.26it/s, Accuracy=85.75%]
Evaluating normal:  50%|█████     | 50/100 [00:05<00:05,  9.26it/s, Accuracy=85.54%]
Evaluating normal:  51%|█████     | 51/100 [00:05<00:05,  9.27it/s, Accuracy=85.54%]
Evaluating normal:  51%|█████     | 51/100 [00:05<00:05,  9.27it/s, Accuracy=85.82%]
Evaluating normal:  52%|█████▏    | 52/100 [00:05<00:05,  9.26it/s, Accuracy=85.82%]
Evaluating normal:  52%|█████▏    | 52/100 [00:05<00:05,  9.26it/s, Accuracy=85.61%]
Evaluating normal:  53%|█████▎    | 53/100 [00:05<00:05,  9.25it/s, Accuracy=85.61%]
Evaluating normal:  53%|█████▎    | 53/100 [00:05<00:05,  9.25it/s, Accuracy=85.88%]
Evaluating normal:  54%|█████▍    | 54/100 [00:05<00:04,  9.24it/s, Accuracy=85.88%]
Evaluating normal:  54%|█████▍    | 54/100 [00:05<00:04,  9.24it/s, Accuracy=86.14%]
Evaluating normal:  55%|█████▌    | 55/100 [00:05<00:04,  9.25it/s, Accuracy=86.14%]
Evaluating normal:  55%|█████▌    | 55/100 [00:06<00:04,  9.25it/s, Accuracy=86.16%]
Evaluating normal:  56%|█████▌    | 56/100 [00:06<00:04,  9.26it/s, Accuracy=86.16%]
Evaluating normal:  56%|█████▌    | 56/100 [00:06<00:04,  9.26it/s, Accuracy=86.40%]
Evaluating normal:  57%|█████▋    | 57/100 [00:06<00:04,  9.26it/s, Accuracy=86.40%]
Evaluating normal:  57%|█████▋    | 57/100 [00:06<00:04,  9.26it/s, Accuracy=86.21%]
Evaluating normal:  58%|█████▊    | 58/100 [00:06<00:04,  9.26it/s, Accuracy=86.21%]
Evaluating normal:  58%|█████▊    | 58/100 [00:06<00:04,  9.26it/s, Accuracy=85.81%]
Evaluating normal:  59%|█████▉    | 59/100 [00:06<00:04,  9.25it/s, Accuracy=85.81%]
Evaluating normal:  59%|█████▉    | 59/100 [00:06<00:04,  9.25it/s, Accuracy=86.04%]
Evaluating normal:  60%|██████    | 60/100 [00:06<00:04,  9.26it/s, Accuracy=86.04%]
Evaluating normal:  60%|██████    | 60/100 [00:06<00:04,  9.26it/s, Accuracy=86.27%]
Evaluating normal:  61%|██████    | 61/100 [00:06<00:04,  9.26it/s, Accuracy=86.27%]
Evaluating normal:  61%|██████    | 61/100 [00:06<00:04,  9.26it/s, Accuracy=86.29%]
Evaluating normal:  62%|██████▏   | 62/100 [00:06<00:04,  9.26it/s, Accuracy=86.29%]
Evaluating normal:  62%|██████▏   | 62/100 [00:06<00:04,  9.26it/s, Accuracy=86.31%]
Evaluating normal:  63%|██████▎   | 63/100 [00:06<00:04,  9.25it/s, Accuracy=86.31%]
Evaluating normal:  63%|██████▎   | 63/100 [00:06<00:04,  9.25it/s, Accuracy=86.52%]
Evaluating normal:  64%|██████▍   | 64/100 [00:06<00:03,  9.24it/s, Accuracy=86.52%]
Evaluating normal:  64%|██████▍   | 64/100 [00:07<00:03,  9.24it/s, Accuracy=86.73%]
Evaluating normal:  65%|██████▌   | 65/100 [00:07<00:03,  9.24it/s, Accuracy=86.73%]
Evaluating normal:  65%|██████▌   | 65/100 [00:07<00:03,  9.24it/s, Accuracy=86.74%]
Evaluating normal:  66%|██████▌   | 66/100 [00:07<00:03,  9.25it/s, Accuracy=86.74%]
Evaluating normal:  66%|██████▌   | 66/100 [00:07<00:03,  9.25it/s, Accuracy=86.75%]
Evaluating normal:  67%|██████▋   | 67/100 [00:07<00:03,  9.24it/s, Accuracy=86.75%]
Evaluating normal:  67%|██████▋   | 67/100 [00:07<00:03,  9.24it/s, Accuracy=86.95%]
Evaluating normal:  68%|██████▊   | 68/100 [00:07<00:03,  9.25it/s, Accuracy=86.95%]
Evaluating normal:  68%|██████▊   | 68/100 [00:07<00:03,  9.25it/s, Accuracy=87.14%]
Evaluating normal:  69%|██████▉   | 69/100 [00:07<00:03,  9.25it/s, Accuracy=87.14%]
Evaluating normal:  69%|██████▉   | 69/100 [00:07<00:03,  9.25it/s, Accuracy=87.14%]
Evaluating normal:  70%|███████   | 70/100 [00:07<00:03,  9.26it/s, Accuracy=87.14%]
Evaluating normal:  70%|███████   | 70/100 [00:07<00:03,  9.26it/s, Accuracy=87.32%]
Evaluating normal:  71%|███████   | 71/100 [00:07<00:03,  9.26it/s, Accuracy=87.32%]
Evaluating normal:  71%|███████   | 71/100 [00:07<00:03,  9.26it/s, Accuracy=87.50%]
Evaluating normal:  72%|███████▏  | 72/100 [00:07<00:03,  9.27it/s, Accuracy=87.50%]
Evaluating normal:  72%|███████▏  | 72/100 [00:07<00:03,  9.27it/s, Accuracy=87.50%]
Evaluating normal:  73%|███████▎  | 73/100 [00:07<00:02,  9.27it/s, Accuracy=87.50%]
Evaluating normal:  73%|███████▎  | 73/100 [00:08<00:02,  9.27it/s, Accuracy=87.33%]
Evaluating normal:  74%|███████▍  | 74/100 [00:08<00:02,  9.26it/s, Accuracy=87.33%]
Evaluating normal:  74%|███████▍  | 74/100 [00:08<00:02,  9.26it/s, Accuracy=87.33%]
Evaluating normal:  75%|███████▌  | 75/100 [00:08<00:02,  9.24it/s, Accuracy=87.33%]
Evaluating normal:  75%|███████▌  | 75/100 [00:08<00:02,  9.24it/s, Accuracy=87.34%]
Evaluating normal:  76%|███████▌  | 76/100 [00:08<00:02,  9.24it/s, Accuracy=87.34%]
Evaluating normal:  76%|███████▌  | 76/100 [00:08<00:02,  9.24it/s, Accuracy=87.34%]
Evaluating normal:  77%|███████▋  | 77/100 [00:08<00:02,  9.24it/s, Accuracy=87.34%]
Evaluating normal:  77%|███████▋  | 77/100 [00:08<00:02,  9.24it/s, Accuracy=87.50%]
Evaluating normal:  78%|███████▊  | 78/100 [00:08<00:02,  9.24it/s, Accuracy=87.50%]
Evaluating normal:  78%|███████▊  | 78/100 [00:08<00:02,  9.24it/s, Accuracy=87.50%]
Evaluating normal:  79%|███████▉  | 79/100 [00:08<00:02,  9.25it/s, Accuracy=87.50%]
Evaluating normal:  79%|███████▉  | 79/100 [00:08<00:02,  9.25it/s, Accuracy=87.66%]
Evaluating normal:  80%|████████  | 80/100 [00:08<00:02,  9.25it/s, Accuracy=87.66%]
Evaluating normal:  80%|████████  | 80/100 [00:08<00:02,  9.25it/s, Accuracy=87.65%]
Evaluating normal:  81%|████████  | 81/100 [00:08<00:02,  9.25it/s, Accuracy=87.65%]
Evaluating normal:  81%|████████  | 81/100 [00:08<00:02,  9.25it/s, Accuracy=87.65%]
Evaluating normal:  82%|████████▏ | 82/100 [00:08<00:01,  9.26it/s, Accuracy=87.65%]
Evaluating normal:  82%|████████▏ | 82/100 [00:08<00:01,  9.26it/s, Accuracy=87.50%]
Evaluating normal:  83%|████████▎ | 83/100 [00:08<00:01,  9.26it/s, Accuracy=87.50%]
Evaluating normal:  83%|████████▎ | 83/100 [00:09<00:01,  9.26it/s, Accuracy=87.50%]
Evaluating normal:  84%|████████▍ | 84/100 [00:09<00:01,  9.26it/s, Accuracy=87.50%]
Evaluating normal:  84%|████████▍ | 84/100 [00:09<00:01,  9.26it/s, Accuracy=87.65%]
Evaluating normal:  85%|████████▌ | 85/100 [00:09<00:01,  9.26it/s, Accuracy=87.65%]
Evaluating normal:  85%|████████▌ | 85/100 [00:09<00:01,  9.26it/s, Accuracy=87.35%]
Evaluating normal:  86%|████████▌ | 86/100 [00:09<00:01,  9.26it/s, Accuracy=87.35%]
Evaluating normal:  86%|████████▌ | 86/100 [00:09<00:01,  9.26it/s, Accuracy=87.07%]
Evaluating normal:  87%|████████▋ | 87/100 [00:09<00:01,  9.18it/s, Accuracy=87.07%]
Evaluating normal:  87%|████████▋ | 87/100 [00:09<00:01,  9.18it/s, Accuracy=87.22%]
Evaluating normal:  88%|████████▊ | 88/100 [00:09<00:01,  9.21it/s, Accuracy=87.22%]
Evaluating normal:  88%|████████▊ | 88/100 [00:09<00:01,  9.21it/s, Accuracy=87.36%]
Evaluating normal:  89%|████████▉ | 89/100 [00:09<00:01,  9.23it/s, Accuracy=87.36%]
Evaluating normal:  89%|████████▉ | 89/100 [00:09<00:01,  9.23it/s, Accuracy=87.50%]
Evaluating normal:  90%|█████████ | 90/100 [00:09<00:01,  9.24it/s, Accuracy=87.50%]
Evaluating normal:  90%|█████████ | 90/100 [00:09<00:01,  9.24it/s, Accuracy=87.50%]
Evaluating normal:  91%|█████████ | 91/100 [00:09<00:00,  9.25it/s, Accuracy=87.50%]
Evaluating normal:  91%|█████████ | 91/100 [00:09<00:00,  9.25it/s, Accuracy=87.64%]
Evaluating normal:  92%|█████████▏| 92/100 [00:09<00:00,  9.25it/s, Accuracy=87.64%]
Evaluating normal:  92%|█████████▏| 92/100 [00:10<00:00,  9.25it/s, Accuracy=87.50%]
Evaluating normal:  93%|█████████▎| 93/100 [00:10<00:00,  9.25it/s, Accuracy=87.50%]
Evaluating normal:  93%|█████████▎| 93/100 [00:10<00:00,  9.25it/s, Accuracy=87.37%]
Evaluating normal:  94%|█████████▍| 94/100 [00:10<00:00,  9.24it/s, Accuracy=87.37%]
Evaluating normal:  94%|█████████▍| 94/100 [00:10<00:00,  9.24it/s, Accuracy=87.24%]
Evaluating normal:  95%|█████████▌| 95/100 [00:10<00:00,  9.25it/s, Accuracy=87.24%]
Evaluating normal:  95%|█████████▌| 95/100 [00:10<00:00,  9.25it/s, Accuracy=87.24%]
Evaluating normal:  96%|█████████▌| 96/100 [00:10<00:00,  9.24it/s, Accuracy=87.24%]
Evaluating normal:  96%|█████████▌| 96/100 [00:10<00:00,  9.24it/s, Accuracy=87.37%]
Evaluating normal:  97%|█████████▋| 97/100 [00:10<00:00,  9.14it/s, Accuracy=87.37%]
Evaluating normal:  97%|█████████▋| 97/100 [00:10<00:00,  9.14it/s, Accuracy=87.37%]
Evaluating normal:  98%|█████████▊| 98/100 [00:10<00:00,  9.19it/s, Accuracy=87.37%]
Evaluating normal:  98%|█████████▊| 98/100 [00:10<00:00,  9.19it/s, Accuracy=87.25%]
Evaluating normal:  99%|█████████▉| 99/100 [00:10<00:00,  9.21it/s, Accuracy=87.25%]
Evaluating normal:  99%|█████████▉| 99/100 [00:10<00:00,  9.21it/s, Accuracy=87.38%]
Evaluating normal: 100%|██████████| 100/100 [00:10<00:00,  9.23it/s, Accuracy=87.38%]
Evaluating normal: 100%|██████████| 100/100 [00:10<00:00,  9.24it/s, Accuracy=87.38%]
Test Accuracy (Normal): 0.8738

Evaluating adversarial:   0%|          | 0/100 [00:00<?, ?it/s]
Evaluating adversarial:   0%|          | 0/100 [00:00<?, ?it/s, Accuracy=0.00%]
Evaluating adversarial:   1%|          | 1/100 [00:00<00:34,  2.85it/s, Accuracy=0.00%]
Evaluating adversarial:   1%|          | 1/100 [00:00<00:34,  2.85it/s, Accuracy=0.00%]
Evaluating adversarial:   2%|▏         | 2/100 [00:00<00:34,  2.85it/s, Accuracy=0.00%]
Evaluating adversarial:   2%|▏         | 2/100 [00:01<00:34,  2.85it/s, Accuracy=0.00%]
Evaluating adversarial:   3%|▎         | 3/100 [00:01<00:34,  2.85it/s, Accuracy=0.00%]
Evaluating adversarial:   3%|▎         | 3/100 [00:01<00:34,  2.85it/s, Accuracy=0.00%]
Evaluating adversarial:   4%|▍         | 4/100 [00:01<00:33,  2.84it/s, Accuracy=0.00%]
Evaluating adversarial:   4%|▍         | 4/100 [00:01<00:33,  2.84it/s, Accuracy=0.00%]
Evaluating adversarial:   5%|▌         | 5/100 [00:01<00:33,  2.84it/s, Accuracy=0.00%]
Evaluating adversarial:   5%|▌         | 5/100 [00:02<00:33,  2.84it/s, Accuracy=0.00%]
Evaluating adversarial:   6%|▌         | 6/100 [00:02<00:33,  2.84it/s, Accuracy=0.00%]
Evaluating adversarial:   6%|▌         | 6/100 [00:02<00:33,  2.84it/s, Accuracy=0.00%]
Evaluating adversarial:   7%|▋         | 7/100 [00:02<00:32,  2.84it/s, Accuracy=0.00%]
Evaluating adversarial:   7%|▋         | 7/100 [00:02<00:32,  2.84it/s, Accuracy=0.00%]
Evaluating adversarial:   8%|▊         | 8/100 [00:02<00:32,  2.84it/s, Accuracy=0.00%]
Evaluating adversarial:   8%|▊         | 8/100 [00:03<00:32,  2.84it/s, Accuracy=0.00%]
Evaluating adversarial:   9%|▉         | 9/100 [00:03<00:32,  2.84it/s, Accuracy=0.00%]
Evaluating adversarial:   9%|▉         | 9/100 [00:03<00:32,  2.84it/s, Accuracy=0.00%]
Evaluating adversarial:  10%|█         | 10/100 [00:03<00:31,  2.84it/s, Accuracy=0.00%]
Evaluating adversarial:  10%|█         | 10/100 [00:03<00:31,  2.84it/s, Accuracy=0.00%]
Evaluating adversarial:  11%|█         | 11/100 [00:03<00:31,  2.84it/s, Accuracy=0.00%]
Evaluating adversarial:  11%|█         | 11/100 [00:04<00:31,  2.84it/s, Accuracy=0.00%]
Evaluating adversarial:  12%|█▏        | 12/100 [00:04<00:30,  2.84it/s, Accuracy=0.00%]
Evaluating adversarial:  12%|█▏        | 12/100 [00:04<00:30,  2.84it/s, Accuracy=0.00%]
Evaluating adversarial:  13%|█▎        | 13/100 [00:04<00:30,  2.84it/s, Accuracy=0.00%]
Evaluating adversarial:  13%|█▎        | 13/100 [00:04<00:30,  2.84it/s, Accuracy=0.00%]
Evaluating adversarial:  14%|█▍        | 14/100 [00:04<00:30,  2.84it/s, Accuracy=0.00%]
Evaluating adversarial:  14%|█▍        | 14/100 [00:05<00:30,  2.84it/s, Accuracy=0.00%]
Evaluating adversarial:  15%|█▌        | 15/100 [00:05<00:29,  2.84it/s, Accuracy=0.00%]
Evaluating adversarial:  15%|█▌        | 15/100 [00:05<00:29,  2.84it/s, Accuracy=0.00%]
Evaluating adversarial:  16%|█▌        | 16/100 [00:05<00:29,  2.84it/s, Accuracy=0.00%]
Evaluating adversarial:  16%|█▌        | 16/100 [00:05<00:29,  2.84it/s, Accuracy=0.00%]
Evaluating adversarial:  17%|█▋        | 17/100 [00:05<00:29,  2.84it/s, Accuracy=0.00%]
Evaluating adversarial:  17%|█▋        | 17/100 [00:06<00:29,  2.84it/s, Accuracy=0.00%]
Evaluating adversarial:  18%|█▊        | 18/100 [00:06<00:28,  2.84it/s, Accuracy=0.00%]
Evaluating adversarial:  18%|█▊        | 18/100 [00:06<00:28,  2.84it/s, Accuracy=0.00%]
Evaluating adversarial:  19%|█▉        | 19/100 [00:06<00:28,  2.84it/s, Accuracy=0.00%]
Evaluating adversarial:  19%|█▉        | 19/100 [00:07<00:28,  2.84it/s, Accuracy=0.00%]
Evaluating adversarial:  20%|██        | 20/100 [00:07<00:28,  2.84it/s, Accuracy=0.00%]
Evaluating adversarial:  20%|██        | 20/100 [00:07<00:28,  2.84it/s, Accuracy=0.00%]
Evaluating adversarial:  21%|██        | 21/100 [00:07<00:27,  2.84it/s, Accuracy=0.00%]
Evaluating adversarial:  21%|██        | 21/100 [00:07<00:27,  2.84it/s, Accuracy=0.00%]
Evaluating adversarial:  22%|██▏       | 22/100 [00:07<00:27,  2.84it/s, Accuracy=0.00%]
Evaluating adversarial:  22%|██▏       | 22/100 [00:08<00:27,  2.84it/s, Accuracy=0.00%]
Evaluating adversarial:  23%|██▎       | 23/100 [00:08<00:27,  2.83it/s, Accuracy=0.00%]
Evaluating adversarial:  23%|██▎       | 23/100 [00:08<00:27,  2.83it/s, Accuracy=0.00%]
Evaluating adversarial:  24%|██▍       | 24/100 [00:08<00:26,  2.83it/s, Accuracy=0.00%]
Evaluating adversarial:  24%|██▍       | 24/100 [00:08<00:26,  2.83it/s, Accuracy=0.00%]
Evaluating adversarial:  25%|██▌       | 25/100 [00:08<00:26,  2.83it/s, Accuracy=0.00%]
Evaluating adversarial:  25%|██▌       | 25/100 [00:09<00:26,  2.83it/s, Accuracy=0.00%]
Evaluating adversarial:  26%|██▌       | 26/100 [00:09<00:26,  2.83it/s, Accuracy=0.00%]
Evaluating adversarial:  26%|██▌       | 26/100 [00:09<00:26,  2.83it/s, Accuracy=0.00%]
Evaluating adversarial:  27%|██▋       | 27/100 [00:09<00:25,  2.82it/s, Accuracy=0.00%]
Evaluating adversarial:  27%|██▋       | 27/100 [00:09<00:25,  2.82it/s, Accuracy=0.00%]
Evaluating adversarial:  28%|██▊       | 28/100 [00:09<00:25,  2.83it/s, Accuracy=0.00%]
Evaluating adversarial:  28%|██▊       | 28/100 [00:10<00:25,  2.83it/s, Accuracy=0.00%]
Evaluating adversarial:  29%|██▉       | 29/100 [00:10<00:25,  2.83it/s, Accuracy=0.00%]
Evaluating adversarial:  29%|██▉       | 29/100 [00:10<00:25,  2.83it/s, Accuracy=0.00%]
Evaluating adversarial:  30%|███       | 30/100 [00:10<00:24,  2.83it/s, Accuracy=0.00%]
Evaluating adversarial:  30%|███       | 30/100 [00:10<00:24,  2.83it/s, Accuracy=0.00%]
Evaluating adversarial:  31%|███       | 31/100 [00:10<00:24,  2.83it/s, Accuracy=0.00%]
Evaluating adversarial:  31%|███       | 31/100 [00:11<00:24,  2.83it/s, Accuracy=0.00%]
Evaluating adversarial:  32%|███▏      | 32/100 [00:11<00:24,  2.83it/s, Accuracy=0.00%]
Evaluating adversarial:  32%|███▏      | 32/100 [00:11<00:24,  2.83it/s, Accuracy=0.00%]
Evaluating adversarial:  33%|███▎      | 33/100 [00:11<00:23,  2.83it/s, Accuracy=0.00%]
Evaluating adversarial:  33%|███▎      | 33/100 [00:11<00:23,  2.83it/s, Accuracy=0.00%]
Evaluating adversarial:  34%|███▍      | 34/100 [00:11<00:23,  2.83it/s, Accuracy=0.00%]
Evaluating adversarial:  34%|███▍      | 34/100 [00:12<00:23,  2.83it/s, Accuracy=0.00%]
Evaluating adversarial:  35%|███▌      | 35/100 [00:12<00:22,  2.83it/s, Accuracy=0.00%]
Evaluating adversarial:  35%|███▌      | 35/100 [00:12<00:22,  2.83it/s, Accuracy=0.00%]
Evaluating adversarial:  36%|███▌      | 36/100 [00:12<00:22,  2.83it/s, Accuracy=0.00%]
Evaluating adversarial:  36%|███▌      | 36/100 [00:13<00:22,  2.83it/s, Accuracy=0.00%]
Evaluating adversarial:  37%|███▋      | 37/100 [00:13<00:22,  2.83it/s, Accuracy=0.00%]
Evaluating adversarial:  37%|███▋      | 37/100 [00:13<00:22,  2.83it/s, Accuracy=0.00%]
Evaluating adversarial:  38%|███▊      | 38/100 [00:13<00:21,  2.83it/s, Accuracy=0.00%]
Evaluating adversarial:  38%|███▊      | 38/100 [00:13<00:21,  2.83it/s, Accuracy=0.00%]
Evaluating adversarial:  39%|███▉      | 39/100 [00:13<00:21,  2.83it/s, Accuracy=0.00%]
Evaluating adversarial:  39%|███▉      | 39/100 [00:14<00:21,  2.83it/s, Accuracy=0.00%]
Evaluating adversarial:  40%|████      | 40/100 [00:14<00:21,  2.83it/s, Accuracy=0.00%]
Evaluating adversarial:  40%|████      | 40/100 [00:14<00:21,  2.83it/s, Accuracy=0.00%]
Evaluating adversarial:  41%|████      | 41/100 [00:14<00:20,  2.83it/s, Accuracy=0.00%]
Evaluating adversarial:  41%|████      | 41/100 [00:14<00:20,  2.83it/s, Accuracy=0.00%]
Evaluating adversarial:  42%|████▏     | 42/100 [00:14<00:20,  2.82it/s, Accuracy=0.00%]
Evaluating adversarial:  42%|████▏     | 42/100 [00:15<00:20,  2.82it/s, Accuracy=0.00%]
Evaluating adversarial:  43%|████▎     | 43/100 [00:15<00:20,  2.83it/s, Accuracy=0.00%]
Evaluating adversarial:  43%|████▎     | 43/100 [00:15<00:20,  2.83it/s, Accuracy=0.00%]
Evaluating adversarial:  44%|████▍     | 44/100 [00:15<00:19,  2.83it/s, Accuracy=0.00%]
Evaluating adversarial:  44%|████▍     | 44/100 [00:15<00:19,  2.83it/s, Accuracy=0.00%]
Evaluating adversarial:  45%|████▌     | 45/100 [00:15<00:19,  2.83it/s, Accuracy=0.00%]
Evaluating adversarial:  45%|████▌     | 45/100 [00:16<00:19,  2.83it/s, Accuracy=0.00%]
Evaluating adversarial:  46%|████▌     | 46/100 [00:16<00:19,  2.82it/s, Accuracy=0.00%]
Evaluating adversarial:  46%|████▌     | 46/100 [00:16<00:19,  2.82it/s, Accuracy=0.00%]
Evaluating adversarial:  47%|████▋     | 47/100 [00:16<00:18,  2.83it/s, Accuracy=0.00%]
Evaluating adversarial:  47%|████▋     | 47/100 [00:16<00:18,  2.83it/s, Accuracy=0.00%]
Evaluating adversarial:  48%|████▊     | 48/100 [00:16<00:18,  2.83it/s, Accuracy=0.00%]
Evaluating adversarial:  48%|████▊     | 48/100 [00:17<00:18,  2.83it/s, Accuracy=0.00%]
Evaluating adversarial:  49%|████▉     | 49/100 [00:17<00:18,  2.83it/s, Accuracy=0.00%]
Evaluating adversarial:  49%|████▉     | 49/100 [00:17<00:18,  2.83it/s, Accuracy=0.00%]
Evaluating adversarial:  50%|█████     | 50/100 [00:17<00:17,  2.82it/s, Accuracy=0.00%]
Evaluating adversarial:  50%|█████     | 50/100 [00:18<00:17,  2.82it/s, Accuracy=0.00%]
Evaluating adversarial:  51%|█████     | 51/100 [00:18<00:17,  2.82it/s, Accuracy=0.00%]
Evaluating adversarial:  51%|█████     | 51/100 [00:18<00:17,  2.82it/s, Accuracy=0.00%]
Evaluating adversarial:  52%|█████▏    | 52/100 [00:18<00:17,  2.82it/s, Accuracy=0.00%]
Evaluating adversarial:  52%|█████▏    | 52/100 [00:18<00:17,  2.82it/s, Accuracy=0.00%]
Evaluating adversarial:  53%|█████▎    | 53/100 [00:18<00:16,  2.82it/s, Accuracy=0.00%]
Evaluating adversarial:  53%|█████▎    | 53/100 [00:19<00:16,  2.82it/s, Accuracy=0.00%]
Evaluating adversarial:  54%|█████▍    | 54/100 [00:19<00:16,  2.83it/s, Accuracy=0.00%]
Evaluating adversarial:  54%|█████▍    | 54/100 [00:19<00:16,  2.83it/s, Accuracy=0.00%]
Evaluating adversarial:  55%|█████▌    | 55/100 [00:19<00:15,  2.83it/s, Accuracy=0.00%]
Evaluating adversarial:  55%|█████▌    | 55/100 [00:19<00:15,  2.83it/s, Accuracy=0.00%]
Evaluating adversarial:  56%|█████▌    | 56/100 [00:19<00:15,  2.83it/s, Accuracy=0.00%]
Evaluating adversarial:  56%|█████▌    | 56/100 [00:20<00:15,  2.83it/s, Accuracy=0.00%]
Evaluating adversarial:  57%|█████▋    | 57/100 [00:20<00:15,  2.83it/s, Accuracy=0.00%]
Evaluating adversarial:  57%|█████▋    | 57/100 [00:20<00:15,  2.83it/s, Accuracy=0.00%]
Evaluating adversarial:  58%|█████▊    | 58/100 [00:20<00:14,  2.83it/s, Accuracy=0.00%]
Evaluating adversarial:  58%|█████▊    | 58/100 [00:20<00:14,  2.83it/s, Accuracy=0.00%]
Evaluating adversarial:  59%|█████▉    | 59/100 [00:20<00:14,  2.82it/s, Accuracy=0.00%]
Evaluating adversarial:  59%|█████▉    | 59/100 [00:21<00:14,  2.82it/s, Accuracy=0.00%]
Evaluating adversarial:  60%|██████    | 60/100 [00:21<00:14,  2.82it/s, Accuracy=0.00%]
Evaluating adversarial:  60%|██████    | 60/100 [00:21<00:14,  2.82it/s, Accuracy=0.00%]
Evaluating adversarial:  61%|██████    | 61/100 [00:21<00:13,  2.82it/s, Accuracy=0.00%]
Evaluating adversarial:  61%|██████    | 61/100 [00:21<00:13,  2.82it/s, Accuracy=0.00%]
Evaluating adversarial:  62%|██████▏   | 62/100 [00:21<00:13,  2.82it/s, Accuracy=0.00%]
Evaluating adversarial:  62%|██████▏   | 62/100 [00:22<00:13,  2.82it/s, Accuracy=0.00%]
Evaluating adversarial:  63%|██████▎   | 63/100 [00:22<00:13,  2.82it/s, Accuracy=0.00%]
Evaluating adversarial:  63%|██████▎   | 63/100 [00:22<00:13,  2.82it/s, Accuracy=0.00%]
Evaluating adversarial:  64%|██████▍   | 64/100 [00:22<00:12,  2.82it/s, Accuracy=0.00%]
Evaluating adversarial:  64%|██████▍   | 64/100 [00:22<00:12,  2.82it/s, Accuracy=0.00%]
Evaluating adversarial:  65%|██████▌   | 65/100 [00:22<00:12,  2.82it/s, Accuracy=0.00%]
Evaluating adversarial:  65%|██████▌   | 65/100 [00:23<00:12,  2.82it/s, Accuracy=0.00%]
Evaluating adversarial:  66%|██████▌   | 66/100 [00:23<00:12,  2.82it/s, Accuracy=0.00%]
Evaluating adversarial:  66%|██████▌   | 66/100 [00:23<00:12,  2.82it/s, Accuracy=0.00%]
Evaluating adversarial:  67%|██████▋   | 67/100 [00:23<00:11,  2.83it/s, Accuracy=0.00%]
Evaluating adversarial:  67%|██████▋   | 67/100 [00:24<00:11,  2.83it/s, Accuracy=0.00%]
Evaluating adversarial:  68%|██████▊   | 68/100 [00:24<00:11,  2.83it/s, Accuracy=0.00%]
Evaluating adversarial:  68%|██████▊   | 68/100 [00:24<00:11,  2.83it/s, Accuracy=0.00%]
Evaluating adversarial:  69%|██████▉   | 69/100 [00:24<00:10,  2.83it/s, Accuracy=0.00%]
Evaluating adversarial:  69%|██████▉   | 69/100 [00:24<00:10,  2.83it/s, Accuracy=0.00%]
Evaluating adversarial:  70%|███████   | 70/100 [00:24<00:10,  2.83it/s, Accuracy=0.00%]
Evaluating adversarial:  70%|███████   | 70/100 [00:25<00:10,  2.83it/s, Accuracy=0.00%]
Evaluating adversarial:  71%|███████   | 71/100 [00:25<00:10,  2.83it/s, Accuracy=0.00%]
Evaluating adversarial:  71%|███████   | 71/100 [00:25<00:10,  2.83it/s, Accuracy=0.00%]
Evaluating adversarial:  72%|███████▏  | 72/100 [00:25<00:09,  2.83it/s, Accuracy=0.00%]
Evaluating adversarial:  72%|███████▏  | 72/100 [00:25<00:09,  2.83it/s, Accuracy=0.00%]
Evaluating adversarial:  73%|███████▎  | 73/100 [00:25<00:09,  2.83it/s, Accuracy=0.00%]
Evaluating adversarial:  73%|███████▎  | 73/100 [00:26<00:09,  2.83it/s, Accuracy=0.00%]
Evaluating adversarial:  74%|███████▍  | 74/100 [00:26<00:09,  2.83it/s, Accuracy=0.00%]
Evaluating adversarial:  74%|███████▍  | 74/100 [00:26<00:09,  2.83it/s, Accuracy=0.00%]
Evaluating adversarial:  75%|███████▌  | 75/100 [00:26<00:08,  2.83it/s, Accuracy=0.00%]
Evaluating adversarial:  75%|███████▌  | 75/100 [00:26<00:08,  2.83it/s, Accuracy=0.00%]
Evaluating adversarial:  76%|███████▌  | 76/100 [00:26<00:08,  2.83it/s, Accuracy=0.00%]
Evaluating adversarial:  76%|███████▌  | 76/100 [00:27<00:08,  2.83it/s, Accuracy=0.00%]
Evaluating adversarial:  77%|███████▋  | 77/100 [00:27<00:08,  2.83it/s, Accuracy=0.00%]
Evaluating adversarial:  77%|███████▋  | 77/100 [00:27<00:08,  2.83it/s, Accuracy=0.00%]
Evaluating adversarial:  78%|███████▊  | 78/100 [00:27<00:07,  2.82it/s, Accuracy=0.00%]
Evaluating adversarial:  78%|███████▊  | 78/100 [00:27<00:07,  2.82it/s, Accuracy=0.00%]
Evaluating adversarial:  79%|███████▉  | 79/100 [00:27<00:07,  2.83it/s, Accuracy=0.00%]
Evaluating adversarial:  79%|███████▉  | 79/100 [00:28<00:07,  2.83it/s, Accuracy=0.00%]
Evaluating adversarial:  80%|████████  | 80/100 [00:28<00:07,  2.83it/s, Accuracy=0.00%]
Evaluating adversarial:  80%|████████  | 80/100 [00:28<00:07,  2.83it/s, Accuracy=0.00%]
Evaluating adversarial:  81%|████████  | 81/100 [00:28<00:06,  2.83it/s, Accuracy=0.00%]
Evaluating adversarial:  81%|████████  | 81/100 [00:28<00:06,  2.83it/s, Accuracy=0.00%]
Evaluating adversarial:  82%|████████▏ | 82/100 [00:28<00:06,  2.83it/s, Accuracy=0.00%]
Evaluating adversarial:  82%|████████▏ | 82/100 [00:29<00:06,  2.83it/s, Accuracy=0.00%]
Evaluating adversarial:  83%|████████▎ | 83/100 [00:29<00:06,  2.83it/s, Accuracy=0.00%]
Evaluating adversarial:  83%|████████▎ | 83/100 [00:29<00:06,  2.83it/s, Accuracy=0.00%]
Evaluating adversarial:  84%|████████▍ | 84/100 [00:29<00:05,  2.83it/s, Accuracy=0.00%]
Evaluating adversarial:  84%|████████▍ | 84/100 [00:30<00:05,  2.83it/s, Accuracy=0.00%]
Evaluating adversarial:  85%|████████▌ | 85/100 [00:30<00:05,  2.83it/s, Accuracy=0.00%]
Evaluating adversarial:  85%|████████▌ | 85/100 [00:30<00:05,  2.83it/s, Accuracy=0.00%]
Evaluating adversarial:  86%|████████▌ | 86/100 [00:30<00:04,  2.83it/s, Accuracy=0.00%]
Evaluating adversarial:  86%|████████▌ | 86/100 [00:30<00:04,  2.83it/s, Accuracy=0.00%]
Evaluating adversarial:  87%|████████▋ | 87/100 [00:30<00:04,  2.83it/s, Accuracy=0.00%]
Evaluating adversarial:  87%|████████▋ | 87/100 [00:31<00:04,  2.83it/s, Accuracy=0.00%]
Evaluating adversarial:  88%|████████▊ | 88/100 [00:31<00:04,  2.83it/s, Accuracy=0.00%]
Evaluating adversarial:  88%|████████▊ | 88/100 [00:31<00:04,  2.83it/s, Accuracy=0.00%]
Evaluating adversarial:  89%|████████▉ | 89/100 [00:31<00:03,  2.83it/s, Accuracy=0.00%]
Evaluating adversarial:  89%|████████▉ | 89/100 [00:31<00:03,  2.83it/s, Accuracy=0.00%]
Evaluating adversarial:  90%|█████████ | 90/100 [00:31<00:03,  2.83it/s, Accuracy=0.00%]
Evaluating adversarial:  90%|█████████ | 90/100 [00:32<00:03,  2.83it/s, Accuracy=0.00%]
Evaluating adversarial:  91%|█████████ | 91/100 [00:32<00:03,  2.82it/s, Accuracy=0.00%]
Evaluating adversarial:  91%|█████████ | 91/100 [00:32<00:03,  2.82it/s, Accuracy=0.00%]
Evaluating adversarial:  92%|█████████▏| 92/100 [00:32<00:02,  2.82it/s, Accuracy=0.00%]
Evaluating adversarial:  92%|█████████▏| 92/100 [00:32<00:02,  2.82it/s, Accuracy=0.00%]
Evaluating adversarial:  93%|█████████▎| 93/100 [00:32<00:02,  2.83it/s, Accuracy=0.00%]
Evaluating adversarial:  93%|█████████▎| 93/100 [00:33<00:02,  2.83it/s, Accuracy=0.00%]
Evaluating adversarial:  94%|█████████▍| 94/100 [00:33<00:02,  2.82it/s, Accuracy=0.00%]
Evaluating adversarial:  94%|█████████▍| 94/100 [00:33<00:02,  2.82it/s, Accuracy=0.00%]
Evaluating adversarial:  95%|█████████▌| 95/100 [00:33<00:01,  2.82it/s, Accuracy=0.00%]
Evaluating adversarial:  95%|█████████▌| 95/100 [00:33<00:01,  2.82it/s, Accuracy=0.00%]
Evaluating adversarial:  96%|█████████▌| 96/100 [00:33<00:01,  2.82it/s, Accuracy=0.00%]
Evaluating adversarial:  96%|█████████▌| 96/100 [00:34<00:01,  2.82it/s, Accuracy=0.00%]
Evaluating adversarial:  97%|█████████▋| 97/100 [00:34<00:01,  2.82it/s, Accuracy=0.00%]
Evaluating adversarial:  97%|█████████▋| 97/100 [00:34<00:01,  2.82it/s, Accuracy=0.00%]
Evaluating adversarial:  98%|█████████▊| 98/100 [00:34<00:00,  2.82it/s, Accuracy=0.00%]
Evaluating adversarial:  98%|█████████▊| 98/100 [00:34<00:00,  2.82it/s, Accuracy=0.00%]
Evaluating adversarial:  99%|█████████▉| 99/100 [00:34<00:00,  2.82it/s, Accuracy=0.00%]
Evaluating adversarial:  99%|█████████▉| 99/100 [00:35<00:00,  2.82it/s, Accuracy=0.00%]
Evaluating adversarial: 100%|██████████| 100/100 [00:35<00:00,  2.82it/s, Accuracy=0.00%]
Evaluating adversarial: 100%|██████████| 100/100 [00:35<00:00,  2.83it/s, Accuracy=0.00%]
Test Accuracy (Adversarial): 0.0000
Round 5 duration: 111.91 seconds

--- Round 6/20 ---
Selected 5 clients for training

Client 0 - Epoch 1/1:   0%|          | 0/18 [00:00<?, ?it/s]
Client 0 - Epoch 1/1:   0%|          | 0/18 [00:00<?, ?it/s, Loss=0.0439]
Client 0 - Epoch 1/1:   6%|▌         | 1/18 [00:00<00:04,  4.05it/s, Loss=0.0439]
Client 0 - Epoch 1/1:   6%|▌         | 1/18 [00:00<00:04,  4.05it/s, Loss=0.0052]
Client 0 - Epoch 1/1:  11%|█         | 2/18 [00:00<00:03,  4.06it/s, Loss=0.0052]
Client 0 - Epoch 1/1:  11%|█         | 2/18 [00:00<00:03,  4.06it/s, Loss=0.0093]
Client 0 - Epoch 1/1:  17%|█▋        | 3/18 [00:00<00:03,  4.07it/s, Loss=0.0093]
Client 0 - Epoch 1/1:  17%|█▋        | 3/18 [00:00<00:03,  4.07it/s, Loss=0.0221]
Client 0 - Epoch 1/1:  22%|██▏       | 4/18 [00:00<00:03,  4.07it/s, Loss=0.0221]
Client 0 - Epoch 1/1:  22%|██▏       | 4/18 [00:01<00:03,  4.07it/s, Loss=0.0056]
Client 0 - Epoch 1/1:  28%|██▊       | 5/18 [00:01<00:03,  4.06it/s, Loss=0.0056]
Client 0 - Epoch 1/1:  28%|██▊       | 5/18 [00:01<00:03,  4.06it/s, Loss=0.0811]
Client 0 - Epoch 1/1:  33%|███▎      | 6/18 [00:01<00:02,  4.06it/s, Loss=0.0811]
Client 0 - Epoch 1/1:  33%|███▎      | 6/18 [00:01<00:02,  4.06it/s, Loss=0.0078]
Client 0 - Epoch 1/1:  39%|███▉      | 7/18 [00:01<00:02,  4.06it/s, Loss=0.0078]
Client 0 - Epoch 1/1:  39%|███▉      | 7/18 [00:01<00:02,  4.06it/s, Loss=0.0077]
Client 0 - Epoch 1/1:  44%|████▍     | 8/18 [00:01<00:02,  4.06it/s, Loss=0.0077]
Client 0 - Epoch 1/1:  44%|████▍     | 8/18 [00:02<00:02,  4.06it/s, Loss=0.0008]
Client 0 - Epoch 1/1:  50%|█████     | 9/18 [00:02<00:02,  4.05it/s, Loss=0.0008]
Client 0 - Epoch 1/1:  50%|█████     | 9/18 [00:02<00:02,  4.05it/s, Loss=0.0176]
Client 0 - Epoch 1/1:  56%|█████▌    | 10/18 [00:02<00:01,  4.05it/s, Loss=0.0176]
Client 0 - Epoch 1/1:  56%|█████▌    | 10/18 [00:02<00:01,  4.05it/s, Loss=0.0038]
Client 0 - Epoch 1/1:  61%|██████    | 11/18 [00:02<00:01,  4.05it/s, Loss=0.0038]
Client 0 - Epoch 1/1:  61%|██████    | 11/18 [00:02<00:01,  4.05it/s, Loss=0.0037]
Client 0 - Epoch 1/1:  67%|██████▋   | 12/18 [00:02<00:01,  4.05it/s, Loss=0.0037]
Client 0 - Epoch 1/1:  67%|██████▋   | 12/18 [00:03<00:01,  4.05it/s, Loss=0.0020]
Client 0 - Epoch 1/1:  72%|███████▏  | 13/18 [00:03<00:01,  4.05it/s, Loss=0.0020]
Client 0 - Epoch 1/1:  72%|███████▏  | 13/18 [00:03<00:01,  4.05it/s, Loss=0.0009]
Client 0 - Epoch 1/1:  78%|███████▊  | 14/18 [00:03<00:00,  4.05it/s, Loss=0.0009]
Client 0 - Epoch 1/1:  78%|███████▊  | 14/18 [00:03<00:00,  4.05it/s, Loss=0.0061]
Client 0 - Epoch 1/1:  83%|████████▎ | 15/18 [00:03<00:00,  4.04it/s, Loss=0.0061]
Client 0 - Epoch 1/1:  83%|████████▎ | 15/18 [00:03<00:00,  4.04it/s, Loss=0.0042]
Client 0 - Epoch 1/1:  89%|████████▉ | 16/18 [00:03<00:00,  4.04it/s, Loss=0.0042]
Client 0 - Epoch 1/1:  89%|████████▉ | 16/18 [00:04<00:00,  4.04it/s, Loss=0.0010]
Client 0 - Epoch 1/1:  94%|█████████▍| 17/18 [00:04<00:00,  4.03it/s, Loss=0.0010]
Client 0 - Epoch 1/1:  94%|█████████▍| 17/18 [00:04<00:00,  4.03it/s, Loss=0.0003]
Client 0 - Epoch 1/1: 100%|██████████| 18/18 [00:04<00:00,  4.88it/s, Loss=0.0003]
Client 0 - Epoch 1/1: 100%|██████████| 18/18 [00:04<00:00,  4.18it/s, Loss=0.0003]
Client 0 - Epoch 1/1 | Avg Loss: 0.0124

Client 1 - Epoch 1/1:   0%|          | 0/84 [00:00<?, ?it/s]
Client 1 - Epoch 1/1:   0%|          | 0/84 [00:00<?, ?it/s, Loss=0.0752]
Client 1 - Epoch 1/1:   1%|          | 1/84 [00:00<00:20,  4.02it/s, Loss=0.0752]
Client 1 - Epoch 1/1:   1%|          | 1/84 [00:00<00:20,  4.02it/s, Loss=0.0859]
Client 1 - Epoch 1/1:   2%|▏         | 2/84 [00:00<00:20,  4.04it/s, Loss=0.0859]
Client 1 - Epoch 1/1:   2%|▏         | 2/84 [00:00<00:20,  4.04it/s, Loss=0.0260]
Client 1 - Epoch 1/1:   4%|▎         | 3/84 [00:00<00:20,  4.05it/s, Loss=0.0260]
Client 1 - Epoch 1/1:   4%|▎         | 3/84 [00:00<00:20,  4.05it/s, Loss=0.0157]
Client 1 - Epoch 1/1:   5%|▍         | 4/84 [00:00<00:19,  4.05it/s, Loss=0.0157]
Client 1 - Epoch 1/1:   5%|▍         | 4/84 [00:01<00:19,  4.05it/s, Loss=0.0302]
Client 1 - Epoch 1/1:   6%|▌         | 5/84 [00:01<00:19,  4.06it/s, Loss=0.0302]
Client 1 - Epoch 1/1:   6%|▌         | 5/84 [00:01<00:19,  4.06it/s, Loss=0.0094]
Client 1 - Epoch 1/1:   7%|▋         | 6/84 [00:01<00:19,  4.06it/s, Loss=0.0094]
Client 1 - Epoch 1/1:   7%|▋         | 6/84 [00:01<00:19,  4.06it/s, Loss=0.0199]
Client 1 - Epoch 1/1:   8%|▊         | 7/84 [00:01<00:18,  4.06it/s, Loss=0.0199]
Client 1 - Epoch 1/1:   8%|▊         | 7/84 [00:01<00:18,  4.06it/s, Loss=0.0306]
Client 1 - Epoch 1/1:  10%|▉         | 8/84 [00:01<00:18,  4.06it/s, Loss=0.0306]
Client 1 - Epoch 1/1:  10%|▉         | 8/84 [00:02<00:18,  4.06it/s, Loss=0.0282]
Client 1 - Epoch 1/1:  11%|█         | 9/84 [00:02<00:18,  4.06it/s, Loss=0.0282]
Client 1 - Epoch 1/1:  11%|█         | 9/84 [00:02<00:18,  4.06it/s, Loss=0.0063]
Client 1 - Epoch 1/1:  12%|█▏        | 10/84 [00:02<00:18,  4.06it/s, Loss=0.0063]
Client 1 - Epoch 1/1:  12%|█▏        | 10/84 [00:02<00:18,  4.06it/s, Loss=0.1670]
Client 1 - Epoch 1/1:  13%|█▎        | 11/84 [00:02<00:17,  4.06it/s, Loss=0.1670]
Client 1 - Epoch 1/1:  13%|█▎        | 11/84 [00:02<00:17,  4.06it/s, Loss=0.1846]
Client 1 - Epoch 1/1:  14%|█▍        | 12/84 [00:02<00:17,  4.06it/s, Loss=0.1846]
Client 1 - Epoch 1/1:  14%|█▍        | 12/84 [00:03<00:17,  4.06it/s, Loss=0.0253]
Client 1 - Epoch 1/1:  15%|█▌        | 13/84 [00:03<00:17,  4.06it/s, Loss=0.0253]
Client 1 - Epoch 1/1:  15%|█▌        | 13/84 [00:03<00:17,  4.06it/s, Loss=0.0415]
Client 1 - Epoch 1/1:  17%|█▋        | 14/84 [00:03<00:17,  4.06it/s, Loss=0.0415]
Client 1 - Epoch 1/1:  17%|█▋        | 14/84 [00:03<00:17,  4.06it/s, Loss=0.0073]
Client 1 - Epoch 1/1:  18%|█▊        | 15/84 [00:03<00:17,  4.06it/s, Loss=0.0073]
Client 1 - Epoch 1/1:  18%|█▊        | 15/84 [00:03<00:17,  4.06it/s, Loss=0.0039]
Client 1 - Epoch 1/1:  19%|█▉        | 16/84 [00:03<00:16,  4.06it/s, Loss=0.0039]
Client 1 - Epoch 1/1:  19%|█▉        | 16/84 [00:04<00:16,  4.06it/s, Loss=0.1826]
Client 1 - Epoch 1/1:  20%|██        | 17/84 [00:04<00:16,  4.06it/s, Loss=0.1826]
Client 1 - Epoch 1/1:  20%|██        | 17/84 [00:04<00:16,  4.06it/s, Loss=0.0320]
Client 1 - Epoch 1/1:  21%|██▏       | 18/84 [00:04<00:16,  4.06it/s, Loss=0.0320]
Client 1 - Epoch 1/1:  21%|██▏       | 18/84 [00:04<00:16,  4.06it/s, Loss=0.0366]
Client 1 - Epoch 1/1:  23%|██▎       | 19/84 [00:04<00:16,  4.06it/s, Loss=0.0366]
Client 1 - Epoch 1/1:  23%|██▎       | 19/84 [00:04<00:16,  4.06it/s, Loss=0.0498]
Client 1 - Epoch 1/1:  24%|██▍       | 20/84 [00:04<00:15,  4.05it/s, Loss=0.0498]
Client 1 - Epoch 1/1:  24%|██▍       | 20/84 [00:05<00:15,  4.05it/s, Loss=0.0579]
Client 1 - Epoch 1/1:  25%|██▌       | 21/84 [00:05<00:15,  4.05it/s, Loss=0.0579]
Client 1 - Epoch 1/1:  25%|██▌       | 21/84 [00:05<00:15,  4.05it/s, Loss=0.0265]
Client 1 - Epoch 1/1:  26%|██▌       | 22/84 [00:05<00:15,  4.06it/s, Loss=0.0265]
Client 1 - Epoch 1/1:  26%|██▌       | 22/84 [00:05<00:15,  4.06it/s, Loss=0.0386]
Client 1 - Epoch 1/1:  27%|██▋       | 23/84 [00:05<00:15,  4.06it/s, Loss=0.0386]
Client 1 - Epoch 1/1:  27%|██▋       | 23/84 [00:05<00:15,  4.06it/s, Loss=0.0747]
Client 1 - Epoch 1/1:  29%|██▊       | 24/84 [00:05<00:14,  4.05it/s, Loss=0.0747]
Client 1 - Epoch 1/1:  29%|██▊       | 24/84 [00:06<00:14,  4.05it/s, Loss=0.0099]
Client 1 - Epoch 1/1:  30%|██▉       | 25/84 [00:06<00:14,  4.05it/s, Loss=0.0099]
Client 1 - Epoch 1/1:  30%|██▉       | 25/84 [00:06<00:14,  4.05it/s, Loss=0.0383]
Client 1 - Epoch 1/1:  31%|███       | 26/84 [00:06<00:14,  4.06it/s, Loss=0.0383]
Client 1 - Epoch 1/1:  31%|███       | 26/84 [00:06<00:14,  4.06it/s, Loss=0.0518]
Client 1 - Epoch 1/1:  32%|███▏      | 27/84 [00:06<00:14,  4.05it/s, Loss=0.0518]
Client 1 - Epoch 1/1:  32%|███▏      | 27/84 [00:06<00:14,  4.05it/s, Loss=0.1631]
Client 1 - Epoch 1/1:  33%|███▎      | 28/84 [00:06<00:13,  4.06it/s, Loss=0.1631]
Client 1 - Epoch 1/1:  33%|███▎      | 28/84 [00:07<00:13,  4.06it/s, Loss=0.1719]
Client 1 - Epoch 1/1:  35%|███▍      | 29/84 [00:07<00:13,  4.06it/s, Loss=0.1719]
Client 1 - Epoch 1/1:  35%|███▍      | 29/84 [00:07<00:13,  4.06it/s, Loss=0.0138]
Client 1 - Epoch 1/1:  36%|███▌      | 30/84 [00:07<00:13,  4.06it/s, Loss=0.0138]
Client 1 - Epoch 1/1:  36%|███▌      | 30/84 [00:07<00:13,  4.06it/s, Loss=0.0184]
Client 1 - Epoch 1/1:  37%|███▋      | 31/84 [00:07<00:13,  4.06it/s, Loss=0.0184]
Client 1 - Epoch 1/1:  37%|███▋      | 31/84 [00:07<00:13,  4.06it/s, Loss=0.0016]
Client 1 - Epoch 1/1:  38%|███▊      | 32/84 [00:07<00:12,  4.06it/s, Loss=0.0016]
Client 1 - Epoch 1/1:  38%|███▊      | 32/84 [00:08<00:12,  4.06it/s, Loss=0.0221]
Client 1 - Epoch 1/1:  39%|███▉      | 33/84 [00:08<00:12,  4.06it/s, Loss=0.0221]
Client 1 - Epoch 1/1:  39%|███▉      | 33/84 [00:08<00:12,  4.06it/s, Loss=0.0479]
Client 1 - Epoch 1/1:  40%|████      | 34/84 [00:08<00:12,  4.05it/s, Loss=0.0479]
Client 1 - Epoch 1/1:  40%|████      | 34/84 [00:08<00:12,  4.05it/s, Loss=0.0195]
Client 1 - Epoch 1/1:  42%|████▏     | 35/84 [00:08<00:12,  4.06it/s, Loss=0.0195]
Client 1 - Epoch 1/1:  42%|████▏     | 35/84 [00:08<00:12,  4.06it/s, Loss=0.0276]
Client 1 - Epoch 1/1:  43%|████▎     | 36/84 [00:08<00:11,  4.06it/s, Loss=0.0276]
Client 1 - Epoch 1/1:  43%|████▎     | 36/84 [00:09<00:11,  4.06it/s, Loss=0.0247]
Client 1 - Epoch 1/1:  44%|████▍     | 37/84 [00:09<00:11,  4.06it/s, Loss=0.0247]
Client 1 - Epoch 1/1:  44%|████▍     | 37/84 [00:09<00:11,  4.06it/s, Loss=0.0530]
Client 1 - Epoch 1/1:  45%|████▌     | 38/84 [00:09<00:11,  4.05it/s, Loss=0.0530]
Client 1 - Epoch 1/1:  45%|████▌     | 38/84 [00:09<00:11,  4.05it/s, Loss=0.0021]
Client 1 - Epoch 1/1:  46%|████▋     | 39/84 [00:09<00:11,  4.06it/s, Loss=0.0021]
Client 1 - Epoch 1/1:  46%|████▋     | 39/84 [00:09<00:11,  4.06it/s, Loss=0.0048]
Client 1 - Epoch 1/1:  48%|████▊     | 40/84 [00:09<00:10,  4.06it/s, Loss=0.0048]
Client 1 - Epoch 1/1:  48%|████▊     | 40/84 [00:10<00:10,  4.06it/s, Loss=0.0209]
Client 1 - Epoch 1/1:  49%|████▉     | 41/84 [00:10<00:10,  4.06it/s, Loss=0.0209]
Client 1 - Epoch 1/1:  49%|████▉     | 41/84 [00:10<00:10,  4.06it/s, Loss=0.3281]
Client 1 - Epoch 1/1:  50%|█████     | 42/84 [00:10<00:10,  4.06it/s, Loss=0.3281]
Client 1 - Epoch 1/1:  50%|█████     | 42/84 [00:10<00:10,  4.06it/s, Loss=0.0093]
Client 1 - Epoch 1/1:  51%|█████     | 43/84 [00:10<00:10,  4.05it/s, Loss=0.0093]
Client 1 - Epoch 1/1:  51%|█████     | 43/84 [00:10<00:10,  4.05it/s, Loss=0.0078]
Client 1 - Epoch 1/1:  52%|█████▏    | 44/84 [00:10<00:09,  4.05it/s, Loss=0.0078]
Client 1 - Epoch 1/1:  52%|█████▏    | 44/84 [00:11<00:09,  4.05it/s, Loss=0.2451]
Client 1 - Epoch 1/1:  54%|█████▎    | 45/84 [00:11<00:09,  4.05it/s, Loss=0.2451]
Client 1 - Epoch 1/1:  54%|█████▎    | 45/84 [00:11<00:09,  4.05it/s, Loss=0.0481]
Client 1 - Epoch 1/1:  55%|█████▍    | 46/84 [00:11<00:09,  4.05it/s, Loss=0.0481]
Client 1 - Epoch 1/1:  55%|█████▍    | 46/84 [00:11<00:09,  4.05it/s, Loss=0.0109]
Client 1 - Epoch 1/1:  56%|█████▌    | 47/84 [00:11<00:09,  4.05it/s, Loss=0.0109]
Client 1 - Epoch 1/1:  56%|█████▌    | 47/84 [00:11<00:09,  4.05it/s, Loss=0.0010]
Client 1 - Epoch 1/1:  57%|█████▋    | 48/84 [00:11<00:08,  4.05it/s, Loss=0.0010]
Client 1 - Epoch 1/1:  57%|█████▋    | 48/84 [00:12<00:08,  4.05it/s, Loss=0.0049]
Client 1 - Epoch 1/1:  58%|█████▊    | 49/84 [00:12<00:08,  4.05it/s, Loss=0.0049]
Client 1 - Epoch 1/1:  58%|█████▊    | 49/84 [00:12<00:08,  4.05it/s, Loss=0.0148]
Client 1 - Epoch 1/1:  60%|█████▉    | 50/84 [00:12<00:08,  4.05it/s, Loss=0.0148]
Client 1 - Epoch 1/1:  60%|█████▉    | 50/84 [00:12<00:08,  4.05it/s, Loss=0.1245]
Client 1 - Epoch 1/1:  61%|██████    | 51/84 [00:12<00:08,  4.05it/s, Loss=0.1245]
Client 1 - Epoch 1/1:  61%|██████    | 51/84 [00:12<00:08,  4.05it/s, Loss=0.0525]
Client 1 - Epoch 1/1:  62%|██████▏   | 52/84 [00:12<00:07,  4.05it/s, Loss=0.0525]
Client 1 - Epoch 1/1:  62%|██████▏   | 52/84 [00:13<00:07,  4.05it/s, Loss=0.0026]
Client 1 - Epoch 1/1:  63%|██████▎   | 53/84 [00:13<00:07,  4.05it/s, Loss=0.0026]
Client 1 - Epoch 1/1:  63%|██████▎   | 53/84 [00:13<00:07,  4.05it/s, Loss=0.0317]
Client 1 - Epoch 1/1:  64%|██████▍   | 54/84 [00:13<00:07,  4.05it/s, Loss=0.0317]
Client 1 - Epoch 1/1:  64%|██████▍   | 54/84 [00:13<00:07,  4.05it/s, Loss=0.0562]
Client 1 - Epoch 1/1:  65%|██████▌   | 55/84 [00:13<00:07,  4.05it/s, Loss=0.0562]
Client 1 - Epoch 1/1:  65%|██████▌   | 55/84 [00:13<00:07,  4.05it/s, Loss=0.2578]
Client 1 - Epoch 1/1:  67%|██████▋   | 56/84 [00:13<00:06,  4.05it/s, Loss=0.2578]
Client 1 - Epoch 1/1:  67%|██████▋   | 56/84 [00:14<00:06,  4.05it/s, Loss=0.0304]
Client 1 - Epoch 1/1:  68%|██████▊   | 57/84 [00:14<00:06,  4.04it/s, Loss=0.0304]
Client 1 - Epoch 1/1:  68%|██████▊   | 57/84 [00:14<00:06,  4.04it/s, Loss=0.0635]
Client 1 - Epoch 1/1:  69%|██████▉   | 58/84 [00:14<00:06,  4.04it/s, Loss=0.0635]
Client 1 - Epoch 1/1:  69%|██████▉   | 58/84 [00:14<00:06,  4.04it/s, Loss=0.2227]
Client 1 - Epoch 1/1:  70%|███████   | 59/84 [00:14<00:06,  4.04it/s, Loss=0.2227]
Client 1 - Epoch 1/1:  70%|███████   | 59/84 [00:14<00:06,  4.04it/s, Loss=0.0294]
Client 1 - Epoch 1/1:  71%|███████▏  | 60/84 [00:14<00:05,  4.04it/s, Loss=0.0294]
Client 1 - Epoch 1/1:  71%|███████▏  | 60/84 [00:15<00:05,  4.04it/s, Loss=0.0264]
Client 1 - Epoch 1/1:  73%|███████▎  | 61/84 [00:15<00:05,  4.05it/s, Loss=0.0264]
Client 1 - Epoch 1/1:  73%|███████▎  | 61/84 [00:15<00:05,  4.05it/s, Loss=0.0305]
Client 1 - Epoch 1/1:  74%|███████▍  | 62/84 [00:15<00:05,  4.05it/s, Loss=0.0305]
Client 1 - Epoch 1/1:  74%|███████▍  | 62/84 [00:15<00:05,  4.05it/s, Loss=0.0176]
Client 1 - Epoch 1/1:  75%|███████▌  | 63/84 [00:15<00:05,  4.05it/s, Loss=0.0176]
Client 1 - Epoch 1/1:  75%|███████▌  | 63/84 [00:15<00:05,  4.05it/s, Loss=0.0057]
Client 1 - Epoch 1/1:  76%|███████▌  | 64/84 [00:15<00:04,  4.05it/s, Loss=0.0057]
Client 1 - Epoch 1/1:  76%|███████▌  | 64/84 [00:16<00:04,  4.05it/s, Loss=0.0089]
Client 1 - Epoch 1/1:  77%|███████▋  | 65/84 [00:16<00:04,  4.05it/s, Loss=0.0089]
Client 1 - Epoch 1/1:  77%|███████▋  | 65/84 [00:16<00:04,  4.05it/s, Loss=0.0396]
Client 1 - Epoch 1/1:  79%|███████▊  | 66/84 [00:16<00:04,  4.05it/s, Loss=0.0396]
Client 1 - Epoch 1/1:  79%|███████▊  | 66/84 [00:16<00:04,  4.05it/s, Loss=0.0225]
Client 1 - Epoch 1/1:  80%|███████▉  | 67/84 [00:16<00:04,  4.05it/s, Loss=0.0225]
Client 1 - Epoch 1/1:  80%|███████▉  | 67/84 [00:16<00:04,  4.05it/s, Loss=0.0488]
Client 1 - Epoch 1/1:  81%|████████  | 68/84 [00:16<00:03,  4.06it/s, Loss=0.0488]
Client 1 - Epoch 1/1:  81%|████████  | 68/84 [00:17<00:03,  4.06it/s, Loss=0.0801]
Client 1 - Epoch 1/1:  82%|████████▏ | 69/84 [00:17<00:03,  4.05it/s, Loss=0.0801]
Client 1 - Epoch 1/1:  82%|████████▏ | 69/84 [00:17<00:03,  4.05it/s, Loss=0.0095]
Client 1 - Epoch 1/1:  83%|████████▎ | 70/84 [00:17<00:03,  4.06it/s, Loss=0.0095]
Client 1 - Epoch 1/1:  83%|████████▎ | 70/84 [00:17<00:03,  4.06it/s, Loss=0.5742]
Client 1 - Epoch 1/1:  85%|████████▍ | 71/84 [00:17<00:03,  4.06it/s, Loss=0.5742]
Client 1 - Epoch 1/1:  85%|████████▍ | 71/84 [00:17<00:03,  4.06it/s, Loss=0.0359]
Client 1 - Epoch 1/1:  86%|████████▌ | 72/84 [00:17<00:02,  4.05it/s, Loss=0.0359]
Client 1 - Epoch 1/1:  86%|████████▌ | 72/84 [00:18<00:02,  4.05it/s, Loss=0.3223]
Client 1 - Epoch 1/1:  87%|████████▋ | 73/84 [00:18<00:02,  4.05it/s, Loss=0.3223]
Client 1 - Epoch 1/1:  87%|████████▋ | 73/84 [00:18<00:02,  4.05it/s, Loss=0.0542]
Client 1 - Epoch 1/1:  88%|████████▊ | 74/84 [00:18<00:02,  4.05it/s, Loss=0.0542]
Client 1 - Epoch 1/1:  88%|████████▊ | 74/84 [00:18<00:02,  4.05it/s, Loss=0.0040]
Client 1 - Epoch 1/1:  89%|████████▉ | 75/84 [00:18<00:02,  4.05it/s, Loss=0.0040]
Client 1 - Epoch 1/1:  89%|████████▉ | 75/84 [00:18<00:02,  4.05it/s, Loss=0.0312]
Client 1 - Epoch 1/1:  90%|█████████ | 76/84 [00:18<00:01,  4.05it/s, Loss=0.0312]
Client 1 - Epoch 1/1:  90%|█████████ | 76/84 [00:18<00:01,  4.05it/s, Loss=0.0162]
Client 1 - Epoch 1/1:  92%|█████████▏| 77/84 [00:18<00:01,  4.05it/s, Loss=0.0162]
Client 1 - Epoch 1/1:  92%|█████████▏| 77/84 [00:19<00:01,  4.05it/s, Loss=0.1138]
Client 1 - Epoch 1/1:  93%|█████████▎| 78/84 [00:19<00:01,  4.05it/s, Loss=0.1138]
Client 1 - Epoch 1/1:  93%|█████████▎| 78/84 [00:19<00:01,  4.05it/s, Loss=0.0209]
Client 1 - Epoch 1/1:  94%|█████████▍| 79/84 [00:19<00:01,  4.06it/s, Loss=0.0209]
Client 1 - Epoch 1/1:  94%|█████████▍| 79/84 [00:19<00:01,  4.06it/s, Loss=0.0337]
Client 1 - Epoch 1/1:  95%|█████████▌| 80/84 [00:19<00:00,  4.06it/s, Loss=0.0337]
Client 1 - Epoch 1/1:  95%|█████████▌| 80/84 [00:19<00:00,  4.06it/s, Loss=0.0270]
Client 1 - Epoch 1/1:  96%|█████████▋| 81/84 [00:19<00:00,  4.06it/s, Loss=0.0270]
Client 1 - Epoch 1/1:  96%|█████████▋| 81/84 [00:20<00:00,  4.06it/s, Loss=0.0337]
Client 1 - Epoch 1/1:  98%|█████████▊| 82/84 [00:20<00:00,  4.06it/s, Loss=0.0337]
Client 1 - Epoch 1/1:  98%|█████████▊| 82/84 [00:20<00:00,  4.06it/s, Loss=0.0150]
Client 1 - Epoch 1/1:  99%|█████████▉| 83/84 [00:20<00:00,  4.06it/s, Loss=0.0150]
Client 1 - Epoch 1/1:  99%|█████████▉| 83/84 [00:20<00:00,  4.06it/s, Loss=0.0981]
Client 1 - Epoch 1/1: 100%|██████████| 84/84 [00:20<00:00,  4.23it/s, Loss=0.0981]
Client 1 - Epoch 1/1: 100%|██████████| 84/84 [00:20<00:00,  4.06it/s, Loss=0.0981]
Client 1 - Epoch 1/1 | Avg Loss: 0.0614

Client 2 - Epoch 1/1:   0%|          | 0/10 [00:00<?, ?it/s]
Client 2 - Epoch 1/1:   0%|          | 0/10 [00:00<?, ?it/s, Loss=0.0654]
Client 2 - Epoch 1/1:  10%|█         | 1/10 [00:00<00:02,  4.04it/s, Loss=0.0654]
Client 2 - Epoch 1/1:  10%|█         | 1/10 [00:00<00:02,  4.04it/s, Loss=0.2393]
Client 2 - Epoch 1/1:  20%|██        | 2/10 [00:00<00:01,  4.05it/s, Loss=0.2393]
Client 2 - Epoch 1/1:  20%|██        | 2/10 [00:00<00:01,  4.05it/s, Loss=0.0469]
Client 2 - Epoch 1/1:  30%|███       | 3/10 [00:00<00:01,  4.05it/s, Loss=0.0469]
Client 2 - Epoch 1/1:  30%|███       | 3/10 [00:00<00:01,  4.05it/s, Loss=0.0547]
Client 2 - Epoch 1/1:  40%|████      | 4/10 [00:00<00:01,  4.06it/s, Loss=0.0547]
Client 2 - Epoch 1/1:  40%|████      | 4/10 [00:01<00:01,  4.06it/s, Loss=0.0219]
Client 2 - Epoch 1/1:  50%|█████     | 5/10 [00:01<00:01,  4.06it/s, Loss=0.0219]
Client 2 - Epoch 1/1:  50%|█████     | 5/10 [00:01<00:01,  4.06it/s, Loss=0.0120]
Client 2 - Epoch 1/1:  60%|██████    | 6/10 [00:01<00:00,  4.06it/s, Loss=0.0120]
Client 2 - Epoch 1/1:  60%|██████    | 6/10 [00:01<00:00,  4.06it/s, Loss=0.0119]
Client 2 - Epoch 1/1:  70%|███████   | 7/10 [00:01<00:00,  4.06it/s, Loss=0.0119]
Client 2 - Epoch 1/1:  70%|███████   | 7/10 [00:01<00:00,  4.06it/s, Loss=0.4668]
Client 2 - Epoch 1/1:  80%|████████  | 8/10 [00:01<00:00,  4.06it/s, Loss=0.4668]
Client 2 - Epoch 1/1:  80%|████████  | 8/10 [00:02<00:00,  4.06it/s, Loss=0.8047]
Client 2 - Epoch 1/1:  90%|█████████ | 9/10 [00:02<00:00,  4.05it/s, Loss=0.8047]
Client 2 - Epoch 1/1:  90%|█████████ | 9/10 [00:02<00:00,  4.05it/s, Loss=0.2637]
Client 2 - Epoch 1/1: 100%|██████████| 10/10 [00:02<00:00,  4.93it/s, Loss=0.2637]
Client 2 - Epoch 1/1: 100%|██████████| 10/10 [00:02<00:00,  4.30it/s, Loss=0.2637]
Client 2 - Epoch 1/1 | Avg Loss: 0.1987

Client 3 - Epoch 1/1:   0%|          | 0/9 [00:00<?, ?it/s]
Client 3 - Epoch 1/1:   0%|          | 0/9 [00:00<?, ?it/s, Loss=0.0457]
Client 3 - Epoch 1/1:  11%|█         | 1/9 [00:00<00:01,  4.03it/s, Loss=0.0457]
Client 3 - Epoch 1/1:  11%|█         | 1/9 [00:00<00:01,  4.03it/s, Loss=0.0195]
Client 3 - Epoch 1/1:  22%|██▏       | 2/9 [00:00<00:01,  4.04it/s, Loss=0.0195]
Client 3 - Epoch 1/1:  22%|██▏       | 2/9 [00:00<00:01,  4.04it/s, Loss=0.0532]
Client 3 - Epoch 1/1:  33%|███▎      | 3/9 [00:00<00:01,  4.04it/s, Loss=0.0532]
Client 3 - Epoch 1/1:  33%|███▎      | 3/9 [00:00<00:01,  4.04it/s, Loss=0.0126]
Client 3 - Epoch 1/1:  44%|████▍     | 4/9 [00:00<00:01,  4.04it/s, Loss=0.0126]
Client 3 - Epoch 1/1:  44%|████▍     | 4/9 [00:01<00:01,  4.04it/s, Loss=0.0085]
Client 3 - Epoch 1/1:  56%|█████▌    | 5/9 [00:01<00:00,  4.05it/s, Loss=0.0085]
Client 3 - Epoch 1/1:  56%|█████▌    | 5/9 [00:01<00:00,  4.05it/s, Loss=0.7969]
Client 3 - Epoch 1/1:  67%|██████▋   | 6/9 [00:01<00:00,  4.05it/s, Loss=0.7969]
Client 3 - Epoch 1/1:  67%|██████▋   | 6/9 [00:01<00:00,  4.05it/s, Loss=0.2119]
Client 3 - Epoch 1/1:  78%|███████▊  | 7/9 [00:01<00:00,  4.05it/s, Loss=0.2119]
Client 3 - Epoch 1/1:  78%|███████▊  | 7/9 [00:01<00:00,  4.05it/s, Loss=0.0061]
Client 3 - Epoch 1/1:  89%|████████▉ | 8/9 [00:01<00:00,  4.06it/s, Loss=0.0061]
Client 3 - Epoch 1/1:  89%|████████▉ | 8/9 [00:02<00:00,  4.06it/s, Loss=0.1670]
Client 3 - Epoch 1/1: 100%|██████████| 9/9 [00:02<00:00,  4.73it/s, Loss=0.1670]
Client 3 - Epoch 1/1: 100%|██████████| 9/9 [00:02<00:00,  4.27it/s, Loss=0.1670]
Client 3 - Epoch 1/1 | Avg Loss: 0.1468

Client 4 - Epoch 1/1:   0%|          | 0/31 [00:00<?, ?it/s]
Client 4 - Epoch 1/1:   0%|          | 0/31 [00:00<?, ?it/s, Loss=0.0293]
Client 4 - Epoch 1/1:   3%|▎         | 1/31 [00:00<00:07,  4.04it/s, Loss=0.0293]
Client 4 - Epoch 1/1:   3%|▎         | 1/31 [00:00<00:07,  4.04it/s, Loss=0.2520]
Client 4 - Epoch 1/1:   6%|▋         | 2/31 [00:00<00:07,  4.05it/s, Loss=0.2520]
Client 4 - Epoch 1/1:   6%|▋         | 2/31 [00:00<00:07,  4.05it/s, Loss=0.0547]
Client 4 - Epoch 1/1:  10%|▉         | 3/31 [00:00<00:06,  4.05it/s, Loss=0.0547]
Client 4 - Epoch 1/1:  10%|▉         | 3/31 [00:00<00:06,  4.05it/s, Loss=0.0045]
Client 4 - Epoch 1/1:  13%|█▎        | 4/31 [00:00<00:06,  4.06it/s, Loss=0.0045]
Client 4 - Epoch 1/1:  13%|█▎        | 4/31 [00:01<00:06,  4.06it/s, Loss=0.0106]
Client 4 - Epoch 1/1:  16%|█▌        | 5/31 [00:01<00:06,  4.06it/s, Loss=0.0106]
Client 4 - Epoch 1/1:  16%|█▌        | 5/31 [00:01<00:06,  4.06it/s, Loss=0.1406]
Client 4 - Epoch 1/1:  19%|█▉        | 6/31 [00:01<00:06,  4.05it/s, Loss=0.1406]
Client 4 - Epoch 1/1:  19%|█▉        | 6/31 [00:01<00:06,  4.05it/s, Loss=0.1084]
Client 4 - Epoch 1/1:  23%|██▎       | 7/31 [00:01<00:05,  4.05it/s, Loss=0.1084]
Client 4 - Epoch 1/1:  23%|██▎       | 7/31 [00:01<00:05,  4.05it/s, Loss=0.0742]
Client 4 - Epoch 1/1:  26%|██▌       | 8/31 [00:01<00:05,  4.05it/s, Loss=0.0742]
Client 4 - Epoch 1/1:  26%|██▌       | 8/31 [00:02<00:05,  4.05it/s, Loss=0.1328]
Client 4 - Epoch 1/1:  29%|██▉       | 9/31 [00:02<00:05,  4.05it/s, Loss=0.1328]
Client 4 - Epoch 1/1:  29%|██▉       | 9/31 [00:02<00:05,  4.05it/s, Loss=0.0055]
Client 4 - Epoch 1/1:  32%|███▏      | 10/31 [00:02<00:05,  4.05it/s, Loss=0.0055]
Client 4 - Epoch 1/1:  32%|███▏      | 10/31 [00:02<00:05,  4.05it/s, Loss=0.2617]
Client 4 - Epoch 1/1:  35%|███▌      | 11/31 [00:02<00:04,  4.05it/s, Loss=0.2617]
Client 4 - Epoch 1/1:  35%|███▌      | 11/31 [00:02<00:04,  4.05it/s, Loss=0.0447]
Client 4 - Epoch 1/1:  39%|███▊      | 12/31 [00:02<00:04,  4.05it/s, Loss=0.0447]
Client 4 - Epoch 1/1:  39%|███▊      | 12/31 [00:03<00:04,  4.05it/s, Loss=0.2559]
Client 4 - Epoch 1/1:  42%|████▏     | 13/31 [00:03<00:04,  4.06it/s, Loss=0.2559]
Client 4 - Epoch 1/1:  42%|████▏     | 13/31 [00:03<00:04,  4.06it/s, Loss=0.0192]
Client 4 - Epoch 1/1:  45%|████▌     | 14/31 [00:03<00:04,  4.06it/s, Loss=0.0192]
Client 4 - Epoch 1/1:  45%|████▌     | 14/31 [00:03<00:04,  4.06it/s, Loss=0.0179]
Client 4 - Epoch 1/1:  48%|████▊     | 15/31 [00:03<00:03,  4.06it/s, Loss=0.0179]
Client 4 - Epoch 1/1:  48%|████▊     | 15/31 [00:03<00:03,  4.06it/s, Loss=0.0124]
Client 4 - Epoch 1/1:  52%|█████▏    | 16/31 [00:03<00:03,  4.06it/s, Loss=0.0124]
Client 4 - Epoch 1/1:  52%|█████▏    | 16/31 [00:04<00:03,  4.06it/s, Loss=0.0603]
Client 4 - Epoch 1/1:  55%|█████▍    | 17/31 [00:04<00:03,  4.06it/s, Loss=0.0603]
Client 4 - Epoch 1/1:  55%|█████▍    | 17/31 [00:04<00:03,  4.06it/s, Loss=0.0292]
Client 4 - Epoch 1/1:  58%|█████▊    | 18/31 [00:04<00:03,  4.05it/s, Loss=0.0292]
Client 4 - Epoch 1/1:  58%|█████▊    | 18/31 [00:04<00:03,  4.05it/s, Loss=0.0493]
Client 4 - Epoch 1/1:  61%|██████▏   | 19/31 [00:04<00:02,  4.05it/s, Loss=0.0493]
Client 4 - Epoch 1/1:  61%|██████▏   | 19/31 [00:04<00:02,  4.05it/s, Loss=0.1445]
Client 4 - Epoch 1/1:  65%|██████▍   | 20/31 [00:04<00:02,  4.05it/s, Loss=0.1445]
Client 4 - Epoch 1/1:  65%|██████▍   | 20/31 [00:05<00:02,  4.05it/s, Loss=0.5859]
Client 4 - Epoch 1/1:  68%|██████▊   | 21/31 [00:05<00:02,  4.05it/s, Loss=0.5859]
Client 4 - Epoch 1/1:  68%|██████▊   | 21/31 [00:05<00:02,  4.05it/s, Loss=0.0420]
Client 4 - Epoch 1/1:  71%|███████   | 22/31 [00:05<00:02,  4.05it/s, Loss=0.0420]
Client 4 - Epoch 1/1:  71%|███████   | 22/31 [00:05<00:02,  4.05it/s, Loss=0.0698]
Client 4 - Epoch 1/1:  74%|███████▍  | 23/31 [00:05<00:01,  4.05it/s, Loss=0.0698]
Client 4 - Epoch 1/1:  74%|███████▍  | 23/31 [00:05<00:01,  4.05it/s, Loss=0.0216]
Client 4 - Epoch 1/1:  77%|███████▋  | 24/31 [00:05<00:01,  4.05it/s, Loss=0.0216]
Client 4 - Epoch 1/1:  77%|███████▋  | 24/31 [00:06<00:01,  4.05it/s, Loss=0.0383]
Client 4 - Epoch 1/1:  81%|████████  | 25/31 [00:06<00:01,  4.05it/s, Loss=0.0383]
Client 4 - Epoch 1/1:  81%|████████  | 25/31 [00:06<00:01,  4.05it/s, Loss=0.0398]
Client 4 - Epoch 1/1:  84%|████████▍ | 26/31 [00:06<00:01,  4.06it/s, Loss=0.0398]
Client 4 - Epoch 1/1:  84%|████████▍ | 26/31 [00:06<00:01,  4.06it/s, Loss=0.0327]
Client 4 - Epoch 1/1:  87%|████████▋ | 27/31 [00:06<00:00,  4.06it/s, Loss=0.0327]
Client 4 - Epoch 1/1:  87%|████████▋ | 27/31 [00:06<00:00,  4.06it/s, Loss=0.1104]
Client 4 - Epoch 1/1:  90%|█████████ | 28/31 [00:06<00:00,  4.06it/s, Loss=0.1104]
Client 4 - Epoch 1/1:  90%|█████████ | 28/31 [00:07<00:00,  4.06it/s, Loss=0.0496]
Client 4 - Epoch 1/1:  94%|█████████▎| 29/31 [00:07<00:00,  4.05it/s, Loss=0.0496]
Client 4 - Epoch 1/1:  94%|█████████▎| 29/31 [00:07<00:00,  4.05it/s, Loss=0.0172]
Client 4 - Epoch 1/1:  97%|█████████▋| 30/31 [00:07<00:00,  4.04it/s, Loss=0.0172]
Client 4 - Epoch 1/1:  97%|█████████▋| 30/31 [00:07<00:00,  4.04it/s, Loss=0.0320]
Client 4 - Epoch 1/1: 100%|██████████| 31/31 [00:07<00:00,  4.22it/s, Loss=0.0320]
Client 4 - Epoch 1/1: 100%|██████████| 31/31 [00:07<00:00,  4.07it/s, Loss=0.0320]
Client 4 - Epoch 1/1 | Avg Loss: 0.0886

Evaluating normal:   0%|          | 0/100 [00:00<?, ?it/s]
Evaluating normal:   0%|          | 0/100 [00:00<?, ?it/s, Accuracy=75.00%]
Evaluating normal:   1%|          | 1/100 [00:00<00:10,  9.25it/s, Accuracy=75.00%]
Evaluating normal:   1%|          | 1/100 [00:00<00:10,  9.25it/s, Accuracy=87.50%]
Evaluating normal:   2%|▏         | 2/100 [00:00<00:10,  9.21it/s, Accuracy=87.50%]
Evaluating normal:   2%|▏         | 2/100 [00:00<00:10,  9.21it/s, Accuracy=87.50%]
Evaluating normal:   3%|▎         | 3/100 [00:00<00:10,  9.22it/s, Accuracy=87.50%]
Evaluating normal:   3%|▎         | 3/100 [00:00<00:10,  9.22it/s, Accuracy=90.62%]
Evaluating normal:   4%|▍         | 4/100 [00:00<00:10,  9.21it/s, Accuracy=90.62%]
Evaluating normal:   4%|▍         | 4/100 [00:00<00:10,  9.21it/s, Accuracy=87.50%]
Evaluating normal:   5%|▌         | 5/100 [00:00<00:10,  9.20it/s, Accuracy=87.50%]
Evaluating normal:   5%|▌         | 5/100 [00:00<00:10,  9.20it/s, Accuracy=89.58%]
Evaluating normal:   6%|▌         | 6/100 [00:00<00:10,  9.21it/s, Accuracy=89.58%]
Evaluating normal:   6%|▌         | 6/100 [00:00<00:10,  9.21it/s, Accuracy=85.71%]
Evaluating normal:   7%|▋         | 7/100 [00:00<00:10,  9.21it/s, Accuracy=85.71%]
Evaluating normal:   7%|▋         | 7/100 [00:00<00:10,  9.21it/s, Accuracy=85.94%]
Evaluating normal:   8%|▊         | 8/100 [00:00<00:09,  9.25it/s, Accuracy=85.94%]
Evaluating normal:   8%|▊         | 8/100 [00:00<00:09,  9.25it/s, Accuracy=84.72%]
Evaluating normal:   9%|▉         | 9/100 [00:00<00:09,  9.26it/s, Accuracy=84.72%]
Evaluating normal:   9%|▉         | 9/100 [00:01<00:09,  9.26it/s, Accuracy=85.00%]
Evaluating normal:  10%|█         | 10/100 [00:01<00:09,  9.26it/s, Accuracy=85.00%]
Evaluating normal:  10%|█         | 10/100 [00:01<00:09,  9.26it/s, Accuracy=84.09%]
Evaluating normal:  11%|█         | 11/100 [00:01<00:09,  9.27it/s, Accuracy=84.09%]
Evaluating normal:  11%|█         | 11/100 [00:01<00:09,  9.27it/s, Accuracy=83.33%]
Evaluating normal:  12%|█▏        | 12/100 [00:01<00:09,  9.27it/s, Accuracy=83.33%]
Evaluating normal:  12%|█▏        | 12/100 [00:01<00:09,  9.27it/s, Accuracy=82.69%]
Evaluating normal:  13%|█▎        | 13/100 [00:01<00:09,  9.27it/s, Accuracy=82.69%]
Evaluating normal:  13%|█▎        | 13/100 [00:01<00:09,  9.27it/s, Accuracy=82.14%]
Evaluating normal:  14%|█▍        | 14/100 [00:01<00:09,  9.28it/s, Accuracy=82.14%]
Evaluating normal:  14%|█▍        | 14/100 [00:01<00:09,  9.28it/s, Accuracy=81.67%]
Evaluating normal:  15%|█▌        | 15/100 [00:01<00:09,  9.28it/s, Accuracy=81.67%]
Evaluating normal:  15%|█▌        | 15/100 [00:01<00:09,  9.28it/s, Accuracy=82.03%]
Evaluating normal:  16%|█▌        | 16/100 [00:01<00:09,  9.28it/s, Accuracy=82.03%]
Evaluating normal:  16%|█▌        | 16/100 [00:01<00:09,  9.28it/s, Accuracy=82.35%]
Evaluating normal:  17%|█▋        | 17/100 [00:01<00:08,  9.27it/s, Accuracy=82.35%]
Evaluating normal:  17%|█▋        | 17/100 [00:01<00:08,  9.27it/s, Accuracy=82.64%]
Evaluating normal:  18%|█▊        | 18/100 [00:01<00:08,  9.27it/s, Accuracy=82.64%]
Evaluating normal:  18%|█▊        | 18/100 [00:02<00:08,  9.27it/s, Accuracy=82.24%]
Evaluating normal:  19%|█▉        | 19/100 [00:02<00:08,  9.27it/s, Accuracy=82.24%]
Evaluating normal:  19%|█▉        | 19/100 [00:02<00:08,  9.27it/s, Accuracy=83.12%]
Evaluating normal:  20%|██        | 20/100 [00:02<00:08,  9.26it/s, Accuracy=83.12%]
Evaluating normal:  20%|██        | 20/100 [00:02<00:08,  9.26it/s, Accuracy=82.74%]
Evaluating normal:  21%|██        | 21/100 [00:02<00:08,  9.27it/s, Accuracy=82.74%]
Evaluating normal:  21%|██        | 21/100 [00:02<00:08,  9.27it/s, Accuracy=82.39%]
Evaluating normal:  22%|██▏       | 22/100 [00:02<00:08,  9.27it/s, Accuracy=82.39%]
Evaluating normal:  22%|██▏       | 22/100 [00:02<00:08,  9.27it/s, Accuracy=83.15%]
Evaluating normal:  23%|██▎       | 23/100 [00:02<00:08,  9.28it/s, Accuracy=83.15%]
Evaluating normal:  23%|██▎       | 23/100 [00:02<00:08,  9.28it/s, Accuracy=83.85%]
Evaluating normal:  24%|██▍       | 24/100 [00:02<00:08,  9.28it/s, Accuracy=83.85%]
Evaluating normal:  24%|██▍       | 24/100 [00:02<00:08,  9.28it/s, Accuracy=83.50%]
Evaluating normal:  25%|██▌       | 25/100 [00:02<00:08,  9.29it/s, Accuracy=83.50%]
Evaluating normal:  25%|██▌       | 25/100 [00:02<00:08,  9.29it/s, Accuracy=84.13%]
Evaluating normal:  26%|██▌       | 26/100 [00:02<00:07,  9.28it/s, Accuracy=84.13%]
Evaluating normal:  26%|██▌       | 26/100 [00:02<00:07,  9.28it/s, Accuracy=84.26%]
Evaluating normal:  27%|██▋       | 27/100 [00:02<00:07,  9.27it/s, Accuracy=84.26%]
Evaluating normal:  27%|██▋       | 27/100 [00:03<00:07,  9.27it/s, Accuracy=84.38%]
Evaluating normal:  28%|██▊       | 28/100 [00:03<00:07,  9.27it/s, Accuracy=84.38%]
Evaluating normal:  28%|██▊       | 28/100 [00:03<00:07,  9.27it/s, Accuracy=84.48%]
Evaluating normal:  29%|██▉       | 29/100 [00:03<00:07,  9.26it/s, Accuracy=84.48%]
Evaluating normal:  29%|██▉       | 29/100 [00:03<00:07,  9.26it/s, Accuracy=84.17%]
Evaluating normal:  30%|███       | 30/100 [00:03<00:07,  9.25it/s, Accuracy=84.17%]
Evaluating normal:  30%|███       | 30/100 [00:03<00:07,  9.25it/s, Accuracy=83.47%]
Evaluating normal:  31%|███       | 31/100 [00:03<00:07,  9.25it/s, Accuracy=83.47%]
Evaluating normal:  31%|███       | 31/100 [00:03<00:07,  9.25it/s, Accuracy=83.20%]
Evaluating normal:  32%|███▏      | 32/100 [00:03<00:07,  9.26it/s, Accuracy=83.20%]
Evaluating normal:  32%|███▏      | 32/100 [00:03<00:07,  9.26it/s, Accuracy=82.95%]
Evaluating normal:  33%|███▎      | 33/100 [00:03<00:07,  9.26it/s, Accuracy=82.95%]
Evaluating normal:  33%|███▎      | 33/100 [00:03<00:07,  9.26it/s, Accuracy=83.09%]
Evaluating normal:  34%|███▍      | 34/100 [00:03<00:07,  9.27it/s, Accuracy=83.09%]
Evaluating normal:  34%|███▍      | 34/100 [00:03<00:07,  9.27it/s, Accuracy=83.21%]
Evaluating normal:  35%|███▌      | 35/100 [00:03<00:07,  9.28it/s, Accuracy=83.21%]
Evaluating normal:  35%|███▌      | 35/100 [00:03<00:07,  9.28it/s, Accuracy=82.64%]
Evaluating normal:  36%|███▌      | 36/100 [00:03<00:06,  9.28it/s, Accuracy=82.64%]
Evaluating normal:  36%|███▌      | 36/100 [00:03<00:06,  9.28it/s, Accuracy=83.11%]
Evaluating normal:  37%|███▋      | 37/100 [00:03<00:06,  9.28it/s, Accuracy=83.11%]
Evaluating normal:  37%|███▋      | 37/100 [00:04<00:06,  9.28it/s, Accuracy=83.55%]
Evaluating normal:  38%|███▊      | 38/100 [00:04<00:06,  9.28it/s, Accuracy=83.55%]
Evaluating normal:  38%|███▊      | 38/100 [00:04<00:06,  9.28it/s, Accuracy=83.01%]
Evaluating normal:  39%|███▉      | 39/100 [00:04<00:06,  9.27it/s, Accuracy=83.01%]
Evaluating normal:  39%|███▉      | 39/100 [00:04<00:06,  9.27it/s, Accuracy=83.44%]
Evaluating normal:  40%|████      | 40/100 [00:04<00:06,  9.27it/s, Accuracy=83.44%]
Evaluating normal:  40%|████      | 40/100 [00:04<00:06,  9.27it/s, Accuracy=83.84%]
Evaluating normal:  41%|████      | 41/100 [00:04<00:06,  9.26it/s, Accuracy=83.84%]
Evaluating normal:  41%|████      | 41/100 [00:04<00:06,  9.26it/s, Accuracy=83.93%]
Evaluating normal:  42%|████▏     | 42/100 [00:04<00:06,  9.26it/s, Accuracy=83.93%]
Evaluating normal:  42%|████▏     | 42/100 [00:04<00:06,  9.26it/s, Accuracy=84.01%]
Evaluating normal:  43%|████▎     | 43/100 [00:04<00:06,  9.26it/s, Accuracy=84.01%]
Evaluating normal:  43%|████▎     | 43/100 [00:04<00:06,  9.26it/s, Accuracy=83.52%]
Evaluating normal:  44%|████▍     | 44/100 [00:04<00:06,  9.27it/s, Accuracy=83.52%]
Evaluating normal:  44%|████▍     | 44/100 [00:04<00:06,  9.27it/s, Accuracy=83.61%]
Evaluating normal:  45%|████▌     | 45/100 [00:04<00:05,  9.27it/s, Accuracy=83.61%]
Evaluating normal:  45%|████▌     | 45/100 [00:04<00:05,  9.27it/s, Accuracy=83.97%]
Evaluating normal:  46%|████▌     | 46/100 [00:04<00:05,  9.27it/s, Accuracy=83.97%]
Evaluating normal:  46%|████▌     | 46/100 [00:05<00:05,  9.27it/s, Accuracy=84.31%]
Evaluating normal:  47%|████▋     | 47/100 [00:05<00:05,  9.27it/s, Accuracy=84.31%]
Evaluating normal:  47%|████▋     | 47/100 [00:05<00:05,  9.27it/s, Accuracy=84.64%]
Evaluating normal:  48%|████▊     | 48/100 [00:05<00:05,  9.26it/s, Accuracy=84.64%]
Evaluating normal:  48%|████▊     | 48/100 [00:05<00:05,  9.26it/s, Accuracy=84.69%]
Evaluating normal:  49%|████▉     | 49/100 [00:05<00:05,  9.25it/s, Accuracy=84.69%]
Evaluating normal:  49%|████▉     | 49/100 [00:05<00:05,  9.25it/s, Accuracy=84.75%]
Evaluating normal:  50%|█████     | 50/100 [00:05<00:05,  9.25it/s, Accuracy=84.75%]
Evaluating normal:  50%|█████     | 50/100 [00:05<00:05,  9.25it/s, Accuracy=84.31%]
Evaluating normal:  51%|█████     | 51/100 [00:05<00:05,  9.26it/s, Accuracy=84.31%]
Evaluating normal:  51%|█████     | 51/100 [00:05<00:05,  9.26it/s, Accuracy=84.38%]
Evaluating normal:  52%|█████▏    | 52/100 [00:05<00:05,  9.26it/s, Accuracy=84.38%]
Evaluating normal:  52%|█████▏    | 52/100 [00:05<00:05,  9.26it/s, Accuracy=83.96%]
Evaluating normal:  53%|█████▎    | 53/100 [00:05<00:05,  9.26it/s, Accuracy=83.96%]
Evaluating normal:  53%|█████▎    | 53/100 [00:05<00:05,  9.26it/s, Accuracy=84.03%]
Evaluating normal:  54%|█████▍    | 54/100 [00:05<00:04,  9.26it/s, Accuracy=84.03%]
Evaluating normal:  54%|█████▍    | 54/100 [00:05<00:04,  9.26it/s, Accuracy=84.09%]
Evaluating normal:  55%|█████▌    | 55/100 [00:05<00:04,  9.26it/s, Accuracy=84.09%]
Evaluating normal:  55%|█████▌    | 55/100 [00:06<00:04,  9.26it/s, Accuracy=84.15%]
Evaluating normal:  56%|█████▌    | 56/100 [00:06<00:04,  9.27it/s, Accuracy=84.15%]
Evaluating normal:  56%|█████▌    | 56/100 [00:06<00:04,  9.27it/s, Accuracy=84.43%]
Evaluating normal:  57%|█████▋    | 57/100 [00:06<00:04,  9.27it/s, Accuracy=84.43%]
Evaluating normal:  57%|█████▋    | 57/100 [00:06<00:04,  9.27it/s, Accuracy=84.27%]
Evaluating normal:  58%|█████▊    | 58/100 [00:06<00:04,  9.27it/s, Accuracy=84.27%]
Evaluating normal:  58%|█████▊    | 58/100 [00:06<00:04,  9.27it/s, Accuracy=83.90%]
Evaluating normal:  59%|█████▉    | 59/100 [00:06<00:04,  9.25it/s, Accuracy=83.90%]
Evaluating normal:  59%|█████▉    | 59/100 [00:06<00:04,  9.25it/s, Accuracy=84.17%]
Evaluating normal:  60%|██████    | 60/100 [00:06<00:04,  9.26it/s, Accuracy=84.17%]
Evaluating normal:  60%|██████    | 60/100 [00:06<00:04,  9.26it/s, Accuracy=84.43%]
Evaluating normal:  61%|██████    | 61/100 [00:06<00:04,  9.26it/s, Accuracy=84.43%]
Evaluating normal:  61%|██████    | 61/100 [00:06<00:04,  9.26it/s, Accuracy=84.48%]
Evaluating normal:  62%|██████▏   | 62/100 [00:06<00:04,  9.27it/s, Accuracy=84.48%]
Evaluating normal:  62%|██████▏   | 62/100 [00:06<00:04,  9.27it/s, Accuracy=84.52%]
Evaluating normal:  63%|██████▎   | 63/100 [00:06<00:04,  9.25it/s, Accuracy=84.52%]
Evaluating normal:  63%|██████▎   | 63/100 [00:06<00:04,  9.25it/s, Accuracy=84.77%]
Evaluating normal:  64%|██████▍   | 64/100 [00:06<00:03,  9.21it/s, Accuracy=84.77%]
Evaluating normal:  64%|██████▍   | 64/100 [00:07<00:03,  9.21it/s, Accuracy=85.00%]
Evaluating normal:  65%|██████▌   | 65/100 [00:07<00:03,  9.21it/s, Accuracy=85.00%]
Evaluating normal:  65%|██████▌   | 65/100 [00:07<00:03,  9.21it/s, Accuracy=85.04%]
Evaluating normal:  66%|██████▌   | 66/100 [00:07<00:03,  9.22it/s, Accuracy=85.04%]
Evaluating normal:  66%|██████▌   | 66/100 [00:07<00:03,  9.22it/s, Accuracy=84.89%]
Evaluating normal:  67%|██████▋   | 67/100 [00:07<00:03,  9.23it/s, Accuracy=84.89%]
Evaluating normal:  67%|██████▋   | 67/100 [00:07<00:03,  9.23it/s, Accuracy=85.11%]
Evaluating normal:  68%|██████▊   | 68/100 [00:07<00:03,  9.25it/s, Accuracy=85.11%]
Evaluating normal:  68%|██████▊   | 68/100 [00:07<00:03,  9.25it/s, Accuracy=85.33%]
Evaluating normal:  69%|██████▉   | 69/100 [00:07<00:03,  9.25it/s, Accuracy=85.33%]
Evaluating normal:  69%|██████▉   | 69/100 [00:07<00:03,  9.25it/s, Accuracy=85.18%]
Evaluating normal:  70%|███████   | 70/100 [00:07<00:03,  9.25it/s, Accuracy=85.18%]
Evaluating normal:  70%|███████   | 70/100 [00:07<00:03,  9.25it/s, Accuracy=85.39%]
Evaluating normal:  71%|███████   | 71/100 [00:07<00:03,  9.25it/s, Accuracy=85.39%]
Evaluating normal:  71%|███████   | 71/100 [00:07<00:03,  9.25it/s, Accuracy=85.59%]
Evaluating normal:  72%|███████▏  | 72/100 [00:07<00:03,  9.26it/s, Accuracy=85.59%]
Evaluating normal:  72%|███████▏  | 72/100 [00:07<00:03,  9.26it/s, Accuracy=85.62%]
Evaluating normal:  73%|███████▎  | 73/100 [00:07<00:02,  9.24it/s, Accuracy=85.62%]
Evaluating normal:  73%|███████▎  | 73/100 [00:07<00:02,  9.24it/s, Accuracy=85.30%]
Evaluating normal:  74%|███████▍  | 74/100 [00:07<00:02,  9.24it/s, Accuracy=85.30%]
Evaluating normal:  74%|███████▍  | 74/100 [00:08<00:02,  9.24it/s, Accuracy=85.50%]
Evaluating normal:  75%|███████▌  | 75/100 [00:08<00:02,  9.23it/s, Accuracy=85.50%]
Evaluating normal:  75%|███████▌  | 75/100 [00:08<00:02,  9.23it/s, Accuracy=85.53%]
Evaluating normal:  76%|███████▌  | 76/100 [00:08<00:02,  9.23it/s, Accuracy=85.53%]
Evaluating normal:  76%|███████▌  | 76/100 [00:08<00:02,  9.23it/s, Accuracy=85.55%]
Evaluating normal:  77%|███████▋  | 77/100 [00:08<00:02,  9.22it/s, Accuracy=85.55%]
Evaluating normal:  77%|███████▋  | 77/100 [00:08<00:02,  9.22it/s, Accuracy=85.42%]
Evaluating normal:  78%|███████▊  | 78/100 [00:08<00:02,  9.22it/s, Accuracy=85.42%]
Evaluating normal:  78%|███████▊  | 78/100 [00:08<00:02,  9.22it/s, Accuracy=85.44%]
Evaluating normal:  79%|███████▉  | 79/100 [00:08<00:02,  9.23it/s, Accuracy=85.44%]
Evaluating normal:  79%|███████▉  | 79/100 [00:08<00:02,  9.23it/s, Accuracy=85.62%]
Evaluating normal:  80%|████████  | 80/100 [00:08<00:02,  9.24it/s, Accuracy=85.62%]
Evaluating normal:  80%|████████  | 80/100 [00:08<00:02,  9.24it/s, Accuracy=85.65%]
Evaluating normal:  81%|████████  | 81/100 [00:08<00:02,  9.24it/s, Accuracy=85.65%]
Evaluating normal:  81%|████████  | 81/100 [00:08<00:02,  9.24it/s, Accuracy=85.67%]
Evaluating normal:  82%|████████▏ | 82/100 [00:08<00:01,  9.25it/s, Accuracy=85.67%]
Evaluating normal:  82%|████████▏ | 82/100 [00:08<00:01,  9.25it/s, Accuracy=85.54%]
Evaluating normal:  83%|████████▎ | 83/100 [00:08<00:01,  9.25it/s, Accuracy=85.54%]
Evaluating normal:  83%|████████▎ | 83/100 [00:09<00:01,  9.25it/s, Accuracy=85.42%]
Evaluating normal:  84%|████████▍ | 84/100 [00:09<00:01,  9.23it/s, Accuracy=85.42%]
Evaluating normal:  84%|████████▍ | 84/100 [00:09<00:01,  9.23it/s, Accuracy=85.44%]
Evaluating normal:  85%|████████▌ | 85/100 [00:09<00:01,  9.23it/s, Accuracy=85.44%]
Evaluating normal:  85%|████████▌ | 85/100 [00:09<00:01,  9.23it/s, Accuracy=85.03%]
Evaluating normal:  86%|████████▌ | 86/100 [00:09<00:01,  9.25it/s, Accuracy=85.03%]
Evaluating normal:  86%|████████▌ | 86/100 [00:09<00:01,  9.25it/s, Accuracy=84.63%]
Evaluating normal:  87%|████████▋ | 87/100 [00:09<00:01,  9.26it/s, Accuracy=84.63%]
Evaluating normal:  87%|████████▋ | 87/100 [00:09<00:01,  9.26it/s, Accuracy=84.38%]
Evaluating normal:  88%|████████▊ | 88/100 [00:09<00:01,  9.27it/s, Accuracy=84.38%]
Evaluating normal:  88%|████████▊ | 88/100 [00:09<00:01,  9.27it/s, Accuracy=84.41%]
Evaluating normal:  89%|████████▉ | 89/100 [00:09<00:01,  9.27it/s, Accuracy=84.41%]
Evaluating normal:  89%|████████▉ | 89/100 [00:09<00:01,  9.27it/s, Accuracy=84.44%]
Evaluating normal:  90%|█████████ | 90/100 [00:09<00:01,  9.26it/s, Accuracy=84.44%]
Evaluating normal:  90%|█████████ | 90/100 [00:09<00:01,  9.26it/s, Accuracy=84.34%]
Evaluating normal:  91%|█████████ | 91/100 [00:09<00:00,  9.25it/s, Accuracy=84.34%]
Evaluating normal:  91%|█████████ | 91/100 [00:09<00:00,  9.25it/s, Accuracy=84.51%]
Evaluating normal:  92%|█████████▏| 92/100 [00:09<00:00,  9.25it/s, Accuracy=84.51%]
Evaluating normal:  92%|█████████▏| 92/100 [00:10<00:00,  9.25it/s, Accuracy=84.27%]
Evaluating normal:  93%|█████████▎| 93/100 [00:10<00:00,  9.25it/s, Accuracy=84.27%]
Evaluating normal:  93%|█████████▎| 93/100 [00:10<00:00,  9.25it/s, Accuracy=84.18%]
Evaluating normal:  94%|█████████▍| 94/100 [00:10<00:00,  9.24it/s, Accuracy=84.18%]
Evaluating normal:  94%|█████████▍| 94/100 [00:10<00:00,  9.24it/s, Accuracy=83.95%]
Evaluating normal:  95%|█████████▌| 95/100 [00:10<00:00,  9.24it/s, Accuracy=83.95%]
Evaluating normal:  95%|█████████▌| 95/100 [00:10<00:00,  9.24it/s, Accuracy=83.98%]
Evaluating normal:  96%|█████████▌| 96/100 [00:10<00:00,  9.24it/s, Accuracy=83.98%]
Evaluating normal:  96%|█████████▌| 96/100 [00:10<00:00,  9.24it/s, Accuracy=83.89%]
Evaluating normal:  97%|█████████▋| 97/100 [00:10<00:00,  9.23it/s, Accuracy=83.89%]
Evaluating normal:  97%|█████████▋| 97/100 [00:10<00:00,  9.23it/s, Accuracy=83.93%]
Evaluating normal:  98%|█████████▊| 98/100 [00:10<00:00,  9.23it/s, Accuracy=83.93%]
Evaluating normal:  98%|█████████▊| 98/100 [00:10<00:00,  9.23it/s, Accuracy=83.84%]
Evaluating normal:  99%|█████████▉| 99/100 [00:10<00:00,  9.24it/s, Accuracy=83.84%]
Evaluating normal:  99%|█████████▉| 99/100 [00:10<00:00,  9.24it/s, Accuracy=83.88%]
Evaluating normal: 100%|██████████| 100/100 [00:10<00:00,  9.24it/s, Accuracy=83.88%]
Evaluating normal: 100%|██████████| 100/100 [00:10<00:00,  9.25it/s, Accuracy=83.88%]
Test Accuracy (Normal): 0.8387

Evaluating adversarial:   0%|          | 0/100 [00:00<?, ?it/s]
Evaluating adversarial:   0%|          | 0/100 [00:00<?, ?it/s, Accuracy=0.00%]
Evaluating adversarial:   1%|          | 1/100 [00:00<00:34,  2.84it/s, Accuracy=0.00%]
Evaluating adversarial:   1%|          | 1/100 [00:00<00:34,  2.84it/s, Accuracy=0.00%]
Evaluating adversarial:   2%|▏         | 2/100 [00:00<00:34,  2.84it/s, Accuracy=0.00%]
Evaluating adversarial:   2%|▏         | 2/100 [00:01<00:34,  2.84it/s, Accuracy=0.00%]
Evaluating adversarial:   3%|▎         | 3/100 [00:01<00:34,  2.84it/s, Accuracy=0.00%]
Evaluating adversarial:   3%|▎         | 3/100 [00:01<00:34,  2.84it/s, Accuracy=0.00%]
Evaluating adversarial:   4%|▍         | 4/100 [00:01<00:33,  2.84it/s, Accuracy=0.00%]
Evaluating adversarial:   4%|▍         | 4/100 [00:01<00:33,  2.84it/s, Accuracy=0.00%]
Evaluating adversarial:   5%|▌         | 5/100 [00:01<00:33,  2.84it/s, Accuracy=0.00%]
Evaluating adversarial:   5%|▌         | 5/100 [00:02<00:33,  2.84it/s, Accuracy=0.00%]
Evaluating adversarial:   6%|▌         | 6/100 [00:02<00:33,  2.84it/s, Accuracy=0.00%]
Evaluating adversarial:   6%|▌         | 6/100 [00:02<00:33,  2.84it/s, Accuracy=0.00%]
Evaluating adversarial:   7%|▋         | 7/100 [00:02<00:32,  2.84it/s, Accuracy=0.00%]
Evaluating adversarial:   7%|▋         | 7/100 [00:02<00:32,  2.84it/s, Accuracy=0.00%]
Evaluating adversarial:   8%|▊         | 8/100 [00:02<00:32,  2.84it/s, Accuracy=0.00%]
Evaluating adversarial:   8%|▊         | 8/100 [00:03<00:32,  2.84it/s, Accuracy=0.00%]
Evaluating adversarial:   9%|▉         | 9/100 [00:03<00:32,  2.84it/s, Accuracy=0.00%]
Evaluating adversarial:   9%|▉         | 9/100 [00:03<00:32,  2.84it/s, Accuracy=0.00%]
Evaluating adversarial:  10%|█         | 10/100 [00:03<00:31,  2.84it/s, Accuracy=0.00%]
Evaluating adversarial:  10%|█         | 10/100 [00:03<00:31,  2.84it/s, Accuracy=0.00%]
Evaluating adversarial:  11%|█         | 11/100 [00:03<00:31,  2.84it/s, Accuracy=0.00%]
Evaluating adversarial:  11%|█         | 11/100 [00:04<00:31,  2.84it/s, Accuracy=0.00%]
Evaluating adversarial:  12%|█▏        | 12/100 [00:04<00:31,  2.84it/s, Accuracy=0.00%]
Evaluating adversarial:  12%|█▏        | 12/100 [00:04<00:31,  2.84it/s, Accuracy=0.00%]
Evaluating adversarial:  13%|█▎        | 13/100 [00:04<00:30,  2.84it/s, Accuracy=0.00%]
Evaluating adversarial:  13%|█▎        | 13/100 [00:04<00:30,  2.84it/s, Accuracy=0.00%]
Evaluating adversarial:  14%|█▍        | 14/100 [00:04<00:30,  2.84it/s, Accuracy=0.00%]
Evaluating adversarial:  14%|█▍        | 14/100 [00:05<00:30,  2.84it/s, Accuracy=0.00%]
Evaluating adversarial:  15%|█▌        | 15/100 [00:05<00:29,  2.84it/s, Accuracy=0.00%]
Evaluating adversarial:  15%|█▌        | 15/100 [00:05<00:29,  2.84it/s, Accuracy=0.00%]
Evaluating adversarial:  16%|█▌        | 16/100 [00:05<00:29,  2.83it/s, Accuracy=0.00%]
Evaluating adversarial:  16%|█▌        | 16/100 [00:05<00:29,  2.83it/s, Accuracy=0.00%]
Evaluating adversarial:  17%|█▋        | 17/100 [00:05<00:29,  2.83it/s, Accuracy=0.00%]
Evaluating adversarial:  17%|█▋        | 17/100 [00:06<00:29,  2.83it/s, Accuracy=0.00%]
Evaluating adversarial:  18%|█▊        | 18/100 [00:06<00:28,  2.83it/s, Accuracy=0.00%]
Evaluating adversarial:  18%|█▊        | 18/100 [00:06<00:28,  2.83it/s, Accuracy=0.00%]
Evaluating adversarial:  19%|█▉        | 19/100 [00:06<00:28,  2.83it/s, Accuracy=0.00%]
Evaluating adversarial:  19%|█▉        | 19/100 [00:07<00:28,  2.83it/s, Accuracy=0.00%]
Evaluating adversarial:  20%|██        | 20/100 [00:07<00:28,  2.83it/s, Accuracy=0.00%]
Evaluating adversarial:  20%|██        | 20/100 [00:07<00:28,  2.83it/s, Accuracy=0.00%]
Evaluating adversarial:  21%|██        | 21/100 [00:07<00:27,  2.83it/s, Accuracy=0.00%]
Evaluating adversarial:  21%|██        | 21/100 [00:07<00:27,  2.83it/s, Accuracy=0.00%]
Evaluating adversarial:  22%|██▏       | 22/100 [00:07<00:27,  2.83it/s, Accuracy=0.00%]
Evaluating adversarial:  22%|██▏       | 22/100 [00:08<00:27,  2.83it/s, Accuracy=0.00%]
Evaluating adversarial:  23%|██▎       | 23/100 [00:08<00:27,  2.83it/s, Accuracy=0.00%]
Evaluating adversarial:  23%|██▎       | 23/100 [00:08<00:27,  2.83it/s, Accuracy=0.00%]
Evaluating adversarial:  24%|██▍       | 24/100 [00:08<00:26,  2.83it/s, Accuracy=0.00%]
Evaluating adversarial:  24%|██▍       | 24/100 [00:08<00:26,  2.83it/s, Accuracy=0.00%]
Evaluating adversarial:  25%|██▌       | 25/100 [00:08<00:26,  2.82it/s, Accuracy=0.00%]
Evaluating adversarial:  25%|██▌       | 25/100 [00:09<00:26,  2.82it/s, Accuracy=0.00%]
Evaluating adversarial:  26%|██▌       | 26/100 [00:09<00:26,  2.82it/s, Accuracy=0.00%]
Evaluating adversarial:  26%|██▌       | 26/100 [00:09<00:26,  2.82it/s, Accuracy=0.00%]
Evaluating adversarial:  27%|██▋       | 27/100 [00:09<00:25,  2.82it/s, Accuracy=0.00%]
Evaluating adversarial:  27%|██▋       | 27/100 [00:09<00:25,  2.82it/s, Accuracy=0.00%]
Evaluating adversarial:  28%|██▊       | 28/100 [00:09<00:25,  2.82it/s, Accuracy=0.00%]
Evaluating adversarial:  28%|██▊       | 28/100 [00:10<00:25,  2.82it/s, Accuracy=0.00%]
Evaluating adversarial:  29%|██▉       | 29/100 [00:10<00:25,  2.82it/s, Accuracy=0.00%]
Evaluating adversarial:  29%|██▉       | 29/100 [00:10<00:25,  2.82it/s, Accuracy=0.00%]
Evaluating adversarial:  30%|███       | 30/100 [00:10<00:24,  2.82it/s, Accuracy=0.00%]
Evaluating adversarial:  30%|███       | 30/100 [00:10<00:24,  2.82it/s, Accuracy=0.00%]
Evaluating adversarial:  31%|███       | 31/100 [00:10<00:24,  2.83it/s, Accuracy=0.00%]
Evaluating adversarial:  31%|███       | 31/100 [00:11<00:24,  2.83it/s, Accuracy=0.00%]
Evaluating adversarial:  32%|███▏      | 32/100 [00:11<00:24,  2.83it/s, Accuracy=0.00%]
Evaluating adversarial:  32%|███▏      | 32/100 [00:11<00:24,  2.83it/s, Accuracy=0.00%]
Evaluating adversarial:  33%|███▎      | 33/100 [00:11<00:23,  2.83it/s, Accuracy=0.00%]
Evaluating adversarial:  33%|███▎      | 33/100 [00:12<00:23,  2.83it/s, Accuracy=0.00%]
Evaluating adversarial:  34%|███▍      | 34/100 [00:12<00:23,  2.83it/s, Accuracy=0.00%]
Evaluating adversarial:  34%|███▍      | 34/100 [00:12<00:23,  2.83it/s, Accuracy=0.00%]
Evaluating adversarial:  35%|███▌      | 35/100 [00:12<00:22,  2.83it/s, Accuracy=0.00%]
Evaluating adversarial:  35%|███▌      | 35/100 [00:12<00:22,  2.83it/s, Accuracy=0.00%]
Evaluating adversarial:  36%|███▌      | 36/100 [00:12<00:22,  2.83it/s, Accuracy=0.00%]
Evaluating adversarial:  36%|███▌      | 36/100 [00:13<00:22,  2.83it/s, Accuracy=0.00%]
Evaluating adversarial:  37%|███▋      | 37/100 [00:13<00:22,  2.82it/s, Accuracy=0.00%]
Evaluating adversarial:  37%|███▋      | 37/100 [00:13<00:22,  2.82it/s, Accuracy=0.00%]
Evaluating adversarial:  38%|███▊      | 38/100 [00:13<00:21,  2.83it/s, Accuracy=0.00%]
Evaluating adversarial:  38%|███▊      | 38/100 [00:13<00:21,  2.83it/s, Accuracy=0.00%]
Evaluating adversarial:  39%|███▉      | 39/100 [00:13<00:21,  2.83it/s, Accuracy=0.00%]
Evaluating adversarial:  39%|███▉      | 39/100 [00:14<00:21,  2.83it/s, Accuracy=0.00%]
Evaluating adversarial:  40%|████      | 40/100 [00:14<00:21,  2.83it/s, Accuracy=0.00%]
Evaluating adversarial:  40%|████      | 40/100 [00:14<00:21,  2.83it/s, Accuracy=0.00%]
Evaluating adversarial:  41%|████      | 41/100 [00:14<00:20,  2.83it/s, Accuracy=0.00%]
Evaluating adversarial:  41%|████      | 41/100 [00:14<00:20,  2.83it/s, Accuracy=0.00%]
Evaluating adversarial:  42%|████▏     | 42/100 [00:14<00:20,  2.83it/s, Accuracy=0.00%]
Evaluating adversarial:  42%|████▏     | 42/100 [00:15<00:20,  2.83it/s, Accuracy=0.00%]
Evaluating adversarial:  43%|████▎     | 43/100 [00:15<00:20,  2.83it/s, Accuracy=0.00%]
Evaluating adversarial:  43%|████▎     | 43/100 [00:15<00:20,  2.83it/s, Accuracy=0.00%]
Evaluating adversarial:  44%|████▍     | 44/100 [00:15<00:19,  2.83it/s, Accuracy=0.00%]
Evaluating adversarial:  44%|████▍     | 44/100 [00:15<00:19,  2.83it/s, Accuracy=0.00%]
Evaluating adversarial:  45%|████▌     | 45/100 [00:15<00:19,  2.83it/s, Accuracy=0.00%]
Evaluating adversarial:  45%|████▌     | 45/100 [00:16<00:19,  2.83it/s, Accuracy=0.00%]
Evaluating adversarial:  46%|████▌     | 46/100 [00:16<00:19,  2.82it/s, Accuracy=0.00%]
Evaluating adversarial:  46%|████▌     | 46/100 [00:16<00:19,  2.82it/s, Accuracy=0.00%]
Evaluating adversarial:  47%|████▋     | 47/100 [00:16<00:18,  2.83it/s, Accuracy=0.00%]
Evaluating adversarial:  47%|████▋     | 47/100 [00:16<00:18,  2.83it/s, Accuracy=0.00%]
Evaluating adversarial:  48%|████▊     | 48/100 [00:16<00:18,  2.83it/s, Accuracy=0.00%]
Evaluating adversarial:  48%|████▊     | 48/100 [00:17<00:18,  2.83it/s, Accuracy=0.00%]
Evaluating adversarial:  49%|████▉     | 49/100 [00:17<00:18,  2.83it/s, Accuracy=0.00%]
Evaluating adversarial:  49%|████▉     | 49/100 [00:17<00:18,  2.83it/s, Accuracy=0.00%]
Evaluating adversarial:  50%|█████     | 50/100 [00:17<00:17,  2.83it/s, Accuracy=0.00%]
Evaluating adversarial:  50%|█████     | 50/100 [00:18<00:17,  2.83it/s, Accuracy=0.00%]
Evaluating adversarial:  51%|█████     | 51/100 [00:18<00:17,  2.83it/s, Accuracy=0.00%]
Evaluating adversarial:  51%|█████     | 51/100 [00:18<00:17,  2.83it/s, Accuracy=0.00%]
Evaluating adversarial:  52%|█████▏    | 52/100 [00:18<00:16,  2.83it/s, Accuracy=0.00%]
Evaluating adversarial:  52%|█████▏    | 52/100 [00:18<00:16,  2.83it/s, Accuracy=0.00%]
Evaluating adversarial:  53%|█████▎    | 53/100 [00:18<00:16,  2.83it/s, Accuracy=0.00%]
Evaluating adversarial:  53%|█████▎    | 53/100 [00:19<00:16,  2.83it/s, Accuracy=0.00%]
Evaluating adversarial:  54%|█████▍    | 54/100 [00:19<00:16,  2.83it/s, Accuracy=0.00%]
Evaluating adversarial:  54%|█████▍    | 54/100 [00:19<00:16,  2.83it/s, Accuracy=0.00%]
Evaluating adversarial:  55%|█████▌    | 55/100 [00:19<00:15,  2.83it/s, Accuracy=0.00%]
Evaluating adversarial:  55%|█████▌    | 55/100 [00:19<00:15,  2.83it/s, Accuracy=0.00%]
Evaluating adversarial:  56%|█████▌    | 56/100 [00:19<00:15,  2.83it/s, Accuracy=0.00%]
Evaluating adversarial:  56%|█████▌    | 56/100 [00:20<00:15,  2.83it/s, Accuracy=0.00%]
Evaluating adversarial:  57%|█████▋    | 57/100 [00:20<00:15,  2.83it/s, Accuracy=0.00%]
Evaluating adversarial:  57%|█████▋    | 57/100 [00:20<00:15,  2.83it/s, Accuracy=0.00%]
Evaluating adversarial:  58%|█████▊    | 58/100 [00:20<00:14,  2.83it/s, Accuracy=0.00%]
Evaluating adversarial:  58%|█████▊    | 58/100 [00:20<00:14,  2.83it/s, Accuracy=0.00%]
Evaluating adversarial:  59%|█████▉    | 59/100 [00:20<00:14,  2.83it/s, Accuracy=0.00%]
Evaluating adversarial:  59%|█████▉    | 59/100 [00:21<00:14,  2.83it/s, Accuracy=0.00%]
Evaluating adversarial:  60%|██████    | 60/100 [00:21<00:14,  2.83it/s, Accuracy=0.00%]
Evaluating adversarial:  60%|██████    | 60/100 [00:21<00:14,  2.83it/s, Accuracy=0.00%]
Evaluating adversarial:  61%|██████    | 61/100 [00:21<00:13,  2.83it/s, Accuracy=0.00%]
Evaluating adversarial:  61%|██████    | 61/100 [00:21<00:13,  2.83it/s, Accuracy=0.00%]
Evaluating adversarial:  62%|██████▏   | 62/100 [00:21<00:13,  2.83it/s, Accuracy=0.00%]
Evaluating adversarial:  62%|██████▏   | 62/100 [00:22<00:13,  2.83it/s, Accuracy=0.00%]
Evaluating adversarial:  63%|██████▎   | 63/100 [00:22<00:13,  2.83it/s, Accuracy=0.00%]
Evaluating adversarial:  63%|██████▎   | 63/100 [00:22<00:13,  2.83it/s, Accuracy=0.00%]
Evaluating adversarial:  64%|██████▍   | 64/100 [00:22<00:12,  2.82it/s, Accuracy=0.00%]
Evaluating adversarial:  64%|██████▍   | 64/100 [00:22<00:12,  2.82it/s, Accuracy=0.00%]
Evaluating adversarial:  65%|██████▌   | 65/100 [00:22<00:12,  2.83it/s, Accuracy=0.00%]
Evaluating adversarial:  65%|██████▌   | 65/100 [00:23<00:12,  2.83it/s, Accuracy=0.00%]
Evaluating adversarial:  66%|██████▌   | 66/100 [00:23<00:12,  2.83it/s, Accuracy=0.00%]
Evaluating adversarial:  66%|██████▌   | 66/100 [00:23<00:12,  2.83it/s, Accuracy=0.00%]
Evaluating adversarial:  67%|██████▋   | 67/100 [00:23<00:11,  2.83it/s, Accuracy=0.00%]
Evaluating adversarial:  67%|██████▋   | 67/100 [00:24<00:11,  2.83it/s, Accuracy=0.00%]
Evaluating adversarial:  68%|██████▊   | 68/100 [00:24<00:11,  2.83it/s, Accuracy=0.00%]
Evaluating adversarial:  68%|██████▊   | 68/100 [00:24<00:11,  2.83it/s, Accuracy=0.00%]
Evaluating adversarial:  69%|██████▉   | 69/100 [00:24<00:10,  2.83it/s, Accuracy=0.00%]
Evaluating adversarial:  69%|██████▉   | 69/100 [00:24<00:10,  2.83it/s, Accuracy=0.00%]
Evaluating adversarial:  70%|███████   | 70/100 [00:24<00:10,  2.83it/s, Accuracy=0.00%]
Evaluating adversarial:  70%|███████   | 70/100 [00:25<00:10,  2.83it/s, Accuracy=0.00%]
Evaluating adversarial:  71%|███████   | 71/100 [00:25<00:10,  2.83it/s, Accuracy=0.00%]
Evaluating adversarial:  71%|███████   | 71/100 [00:25<00:10,  2.83it/s, Accuracy=0.00%]
Evaluating adversarial:  72%|███████▏  | 72/100 [00:25<00:09,  2.83it/s, Accuracy=0.00%]
Evaluating adversarial:  72%|███████▏  | 72/100 [00:25<00:09,  2.83it/s, Accuracy=0.00%]
Evaluating adversarial:  73%|███████▎  | 73/100 [00:25<00:09,  2.83it/s, Accuracy=0.00%]
Evaluating adversarial:  73%|███████▎  | 73/100 [00:26<00:09,  2.83it/s, Accuracy=0.00%]
Evaluating adversarial:  74%|███████▍  | 74/100 [00:26<00:09,  2.83it/s, Accuracy=0.00%]
Evaluating adversarial:  74%|███████▍  | 74/100 [00:26<00:09,  2.83it/s, Accuracy=0.00%]
Evaluating adversarial:  75%|███████▌  | 75/100 [00:26<00:08,  2.83it/s, Accuracy=0.00%]
Evaluating adversarial:  75%|███████▌  | 75/100 [00:26<00:08,  2.83it/s, Accuracy=0.00%]
Evaluating adversarial:  76%|███████▌  | 76/100 [00:26<00:08,  2.83it/s, Accuracy=0.00%]
Evaluating adversarial:  76%|███████▌  | 76/100 [00:27<00:08,  2.83it/s, Accuracy=0.00%]
Evaluating adversarial:  77%|███████▋  | 77/100 [00:27<00:08,  2.83it/s, Accuracy=0.00%]
Evaluating adversarial:  77%|███████▋  | 77/100 [00:27<00:08,  2.83it/s, Accuracy=0.00%]
Evaluating adversarial:  78%|███████▊  | 78/100 [00:27<00:07,  2.82it/s, Accuracy=0.00%]
Evaluating adversarial:  78%|███████▊  | 78/100 [00:27<00:07,  2.82it/s, Accuracy=0.00%]
Evaluating adversarial:  79%|███████▉  | 79/100 [00:27<00:07,  2.82it/s, Accuracy=0.00%]
Evaluating adversarial:  79%|███████▉  | 79/100 [00:28<00:07,  2.82it/s, Accuracy=0.00%]
Evaluating adversarial:  80%|████████  | 80/100 [00:28<00:07,  2.82it/s, Accuracy=0.00%]
Evaluating adversarial:  80%|████████  | 80/100 [00:28<00:07,  2.82it/s, Accuracy=0.00%]
Evaluating adversarial:  81%|████████  | 81/100 [00:28<00:06,  2.82it/s, Accuracy=0.00%]
Evaluating adversarial:  81%|████████  | 81/100 [00:28<00:06,  2.82it/s, Accuracy=0.00%]
Evaluating adversarial:  82%|████████▏ | 82/100 [00:28<00:06,  2.83it/s, Accuracy=0.00%]
Evaluating adversarial:  82%|████████▏ | 82/100 [00:29<00:06,  2.83it/s, Accuracy=0.00%]
Evaluating adversarial:  83%|████████▎ | 83/100 [00:29<00:06,  2.83it/s, Accuracy=0.00%]
Evaluating adversarial:  83%|████████▎ | 83/100 [00:29<00:06,  2.83it/s, Accuracy=0.00%]
Evaluating adversarial:  84%|████████▍ | 84/100 [00:29<00:05,  2.82it/s, Accuracy=0.00%]
Evaluating adversarial:  84%|████████▍ | 84/100 [00:30<00:05,  2.82it/s, Accuracy=0.00%]
Evaluating adversarial:  85%|████████▌ | 85/100 [00:30<00:05,  2.82it/s, Accuracy=0.00%]
Evaluating adversarial:  85%|████████▌ | 85/100 [00:30<00:05,  2.82it/s, Accuracy=0.00%]
Evaluating adversarial:  86%|████████▌ | 86/100 [00:30<00:04,  2.82it/s, Accuracy=0.00%]
Evaluating adversarial:  86%|████████▌ | 86/100 [00:30<00:04,  2.82it/s, Accuracy=0.00%]
Evaluating adversarial:  87%|████████▋ | 87/100 [00:30<00:04,  2.82it/s, Accuracy=0.00%]
Evaluating adversarial:  87%|████████▋ | 87/100 [00:31<00:04,  2.82it/s, Accuracy=0.00%]
Evaluating adversarial:  88%|████████▊ | 88/100 [00:31<00:04,  2.82it/s, Accuracy=0.00%]
Evaluating adversarial:  88%|████████▊ | 88/100 [00:31<00:04,  2.82it/s, Accuracy=0.00%]
Evaluating adversarial:  89%|████████▉ | 89/100 [00:31<00:03,  2.83it/s, Accuracy=0.00%]
Evaluating adversarial:  89%|████████▉ | 89/100 [00:31<00:03,  2.83it/s, Accuracy=0.00%]
Evaluating adversarial:  90%|█████████ | 90/100 [00:31<00:03,  2.82it/s, Accuracy=0.00%]
Evaluating adversarial:  90%|█████████ | 90/100 [00:32<00:03,  2.82it/s, Accuracy=0.00%]
Evaluating adversarial:  91%|█████████ | 91/100 [00:32<00:03,  2.83it/s, Accuracy=0.00%]
Evaluating adversarial:  91%|█████████ | 91/100 [00:32<00:03,  2.83it/s, Accuracy=0.00%]
Evaluating adversarial:  92%|█████████▏| 92/100 [00:32<00:02,  2.83it/s, Accuracy=0.00%]
Evaluating adversarial:  92%|█████████▏| 92/100 [00:32<00:02,  2.83it/s, Accuracy=0.00%]
Evaluating adversarial:  93%|█████████▎| 93/100 [00:32<00:02,  2.83it/s, Accuracy=0.00%]
Evaluating adversarial:  93%|█████████▎| 93/100 [00:33<00:02,  2.83it/s, Accuracy=0.00%]
Evaluating adversarial:  94%|█████████▍| 94/100 [00:33<00:02,  2.82it/s, Accuracy=0.00%]
Evaluating adversarial:  94%|█████████▍| 94/100 [00:33<00:02,  2.82it/s, Accuracy=0.00%]
Evaluating adversarial:  95%|█████████▌| 95/100 [00:33<00:01,  2.82it/s, Accuracy=0.00%]
Evaluating adversarial:  95%|█████████▌| 95/100 [00:33<00:01,  2.82it/s, Accuracy=0.00%]
Evaluating adversarial:  96%|█████████▌| 96/100 [00:33<00:01,  2.82it/s, Accuracy=0.00%]
Evaluating adversarial:  96%|█████████▌| 96/100 [00:34<00:01,  2.82it/s, Accuracy=0.00%]
Evaluating adversarial:  97%|█████████▋| 97/100 [00:34<00:01,  2.82it/s, Accuracy=0.00%]
Evaluating adversarial:  97%|█████████▋| 97/100 [00:34<00:01,  2.82it/s, Accuracy=0.00%]
Evaluating adversarial:  98%|█████████▊| 98/100 [00:34<00:00,  2.82it/s, Accuracy=0.00%]
Evaluating adversarial:  98%|█████████▊| 98/100 [00:35<00:00,  2.82it/s, Accuracy=0.00%]
Evaluating adversarial:  99%|█████████▉| 99/100 [00:35<00:00,  2.82it/s, Accuracy=0.00%]
Evaluating adversarial:  99%|█████████▉| 99/100 [00:35<00:00,  2.82it/s, Accuracy=0.00%]
Evaluating adversarial: 100%|██████████| 100/100 [00:35<00:00,  2.82it/s, Accuracy=0.00%]
Evaluating adversarial: 100%|██████████| 100/100 [00:35<00:00,  2.83it/s, Accuracy=0.00%]
Test Accuracy (Adversarial): 0.0000
Round 6 duration: 111.45 seconds

--- Round 7/20 ---
Selected 5 clients for training

Client 2 - Epoch 1/1:   0%|          | 0/10 [00:00<?, ?it/s]
Client 2 - Epoch 1/1:   0%|          | 0/10 [00:00<?, ?it/s, Loss=0.0072]
Client 2 - Epoch 1/1:  10%|█         | 1/10 [00:00<00:02,  4.04it/s, Loss=0.0072]
Client 2 - Epoch 1/1:  10%|█         | 1/10 [00:00<00:02,  4.04it/s, Loss=0.0437]
Client 2 - Epoch 1/1:  20%|██        | 2/10 [00:00<00:01,  4.05it/s, Loss=0.0437]
Client 2 - Epoch 1/1:  20%|██        | 2/10 [00:00<00:01,  4.05it/s, Loss=0.0019]
Client 2 - Epoch 1/1:  30%|███       | 3/10 [00:00<00:01,  4.06it/s, Loss=0.0019]
Client 2 - Epoch 1/1:  30%|███       | 3/10 [00:00<00:01,  4.06it/s, Loss=0.0110]
Client 2 - Epoch 1/1:  40%|████      | 4/10 [00:00<00:01,  4.06it/s, Loss=0.0110]
Client 2 - Epoch 1/1:  40%|████      | 4/10 [00:01<00:01,  4.06it/s, Loss=0.2227]
Client 2 - Epoch 1/1:  50%|█████     | 5/10 [00:01<00:01,  4.06it/s, Loss=0.2227]
Client 2 - Epoch 1/1:  50%|█████     | 5/10 [00:01<00:01,  4.06it/s, Loss=0.0388]
Client 2 - Epoch 1/1:  60%|██████    | 6/10 [00:01<00:00,  4.06it/s, Loss=0.0388]
Client 2 - Epoch 1/1:  60%|██████    | 6/10 [00:01<00:00,  4.06it/s, Loss=0.0026]
Client 2 - Epoch 1/1:  70%|███████   | 7/10 [00:01<00:00,  4.06it/s, Loss=0.0026]
Client 2 - Epoch 1/1:  70%|███████   | 7/10 [00:01<00:00,  4.06it/s, Loss=0.0070]
Client 2 - Epoch 1/1:  80%|████████  | 8/10 [00:01<00:00,  4.05it/s, Loss=0.0070]
Client 2 - Epoch 1/1:  80%|████████  | 8/10 [00:02<00:00,  4.05it/s, Loss=0.4023]
Client 2 - Epoch 1/1:  90%|█████████ | 9/10 [00:02<00:00,  4.06it/s, Loss=0.4023]
Client 2 - Epoch 1/1:  90%|█████████ | 9/10 [00:02<00:00,  4.06it/s, Loss=0.6406]
Client 2 - Epoch 1/1: 100%|██████████| 10/10 [00:02<00:00,  4.94it/s, Loss=0.6406]
Client 2 - Epoch 1/1: 100%|██████████| 10/10 [00:02<00:00,  4.31it/s, Loss=0.6406]
Client 2 - Epoch 1/1 | Avg Loss: 0.1378

Client 1 - Epoch 1/1:   0%|          | 0/84 [00:00<?, ?it/s]
Client 1 - Epoch 1/1:   0%|          | 0/84 [00:00<?, ?it/s, Loss=0.1172]
Client 1 - Epoch 1/1:   1%|          | 1/84 [00:00<00:20,  4.03it/s, Loss=0.1172]
Client 1 - Epoch 1/1:   1%|          | 1/84 [00:00<00:20,  4.03it/s, Loss=0.0114]
Client 1 - Epoch 1/1:   2%|▏         | 2/84 [00:00<00:20,  4.03it/s, Loss=0.0114]
Client 1 - Epoch 1/1:   2%|▏         | 2/84 [00:00<00:20,  4.03it/s, Loss=0.0718]
Client 1 - Epoch 1/1:   4%|▎         | 3/84 [00:00<00:20,  4.04it/s, Loss=0.0718]
Client 1 - Epoch 1/1:   4%|▎         | 3/84 [00:00<00:20,  4.04it/s, Loss=0.0957]
Client 1 - Epoch 1/1:   5%|▍         | 4/84 [00:00<00:19,  4.03it/s, Loss=0.0957]
Client 1 - Epoch 1/1:   5%|▍         | 4/84 [00:01<00:19,  4.03it/s, Loss=0.0996]
Client 1 - Epoch 1/1:   6%|▌         | 5/84 [00:01<00:19,  4.03it/s, Loss=0.0996]
Client 1 - Epoch 1/1:   6%|▌         | 5/84 [00:01<00:19,  4.03it/s, Loss=0.0238]
Client 1 - Epoch 1/1:   7%|▋         | 6/84 [00:01<00:19,  4.04it/s, Loss=0.0238]
Client 1 - Epoch 1/1:   7%|▋         | 6/84 [00:01<00:19,  4.04it/s, Loss=0.0806]
Client 1 - Epoch 1/1:   8%|▊         | 7/84 [00:01<00:19,  4.04it/s, Loss=0.0806]
Client 1 - Epoch 1/1:   8%|▊         | 7/84 [00:01<00:19,  4.04it/s, Loss=0.1309]
Client 1 - Epoch 1/1:  10%|▉         | 8/84 [00:01<00:18,  4.04it/s, Loss=0.1309]
Client 1 - Epoch 1/1:  10%|▉         | 8/84 [00:02<00:18,  4.04it/s, Loss=0.0195]
Client 1 - Epoch 1/1:  11%|█         | 9/84 [00:02<00:18,  4.05it/s, Loss=0.0195]
Client 1 - Epoch 1/1:  11%|█         | 9/84 [00:02<00:18,  4.05it/s, Loss=0.0114]
Client 1 - Epoch 1/1:  12%|█▏        | 10/84 [00:02<00:18,  4.05it/s, Loss=0.0114]
Client 1 - Epoch 1/1:  12%|█▏        | 10/84 [00:02<00:18,  4.05it/s, Loss=0.0123]
Client 1 - Epoch 1/1:  13%|█▎        | 11/84 [00:02<00:17,  4.06it/s, Loss=0.0123]
Client 1 - Epoch 1/1:  13%|█▎        | 11/84 [00:02<00:17,  4.06it/s, Loss=0.0923]
Client 1 - Epoch 1/1:  14%|█▍        | 12/84 [00:02<00:17,  4.06it/s, Loss=0.0923]
Client 1 - Epoch 1/1:  14%|█▍        | 12/84 [00:03<00:17,  4.06it/s, Loss=0.0098]
Client 1 - Epoch 1/1:  15%|█▌        | 13/84 [00:03<00:17,  4.06it/s, Loss=0.0098]
Client 1 - Epoch 1/1:  15%|█▌        | 13/84 [00:03<00:17,  4.06it/s, Loss=0.0047]
Client 1 - Epoch 1/1:  17%|█▋        | 14/84 [00:03<00:17,  4.06it/s, Loss=0.0047]
Client 1 - Epoch 1/1:  17%|█▋        | 14/84 [00:03<00:17,  4.06it/s, Loss=0.0084]
Client 1 - Epoch 1/1:  18%|█▊        | 15/84 [00:03<00:16,  4.06it/s, Loss=0.0084]
Client 1 - Epoch 1/1:  18%|█▊        | 15/84 [00:03<00:16,  4.06it/s, Loss=0.0260]
Client 1 - Epoch 1/1:  19%|█▉        | 16/84 [00:03<00:16,  4.06it/s, Loss=0.0260]
Client 1 - Epoch 1/1:  19%|█▉        | 16/84 [00:04<00:16,  4.06it/s, Loss=0.0172]
Client 1 - Epoch 1/1:  20%|██        | 17/84 [00:04<00:16,  4.06it/s, Loss=0.0172]
Client 1 - Epoch 1/1:  20%|██        | 17/84 [00:04<00:16,  4.06it/s, Loss=0.0032]
Client 1 - Epoch 1/1:  21%|██▏       | 18/84 [00:04<00:16,  4.06it/s, Loss=0.0032]
Client 1 - Epoch 1/1:  21%|██▏       | 18/84 [00:04<00:16,  4.06it/s, Loss=0.0023]
Client 1 - Epoch 1/1:  23%|██▎       | 19/84 [00:04<00:15,  4.06it/s, Loss=0.0023]
Client 1 - Epoch 1/1:  23%|██▎       | 19/84 [00:04<00:15,  4.06it/s, Loss=0.0295]
Client 1 - Epoch 1/1:  24%|██▍       | 20/84 [00:04<00:15,  4.06it/s, Loss=0.0295]
Client 1 - Epoch 1/1:  24%|██▍       | 20/84 [00:05<00:15,  4.06it/s, Loss=0.0309]
Client 1 - Epoch 1/1:  25%|██▌       | 21/84 [00:05<00:15,  4.06it/s, Loss=0.0309]
Client 1 - Epoch 1/1:  25%|██▌       | 21/84 [00:05<00:15,  4.06it/s, Loss=0.0058]
Client 1 - Epoch 1/1:  26%|██▌       | 22/84 [00:05<00:15,  4.05it/s, Loss=0.0058]
Client 1 - Epoch 1/1:  26%|██▌       | 22/84 [00:05<00:15,  4.05it/s, Loss=0.0225]
Client 1 - Epoch 1/1:  27%|██▋       | 23/84 [00:05<00:15,  4.05it/s, Loss=0.0225]
Client 1 - Epoch 1/1:  27%|██▋       | 23/84 [00:05<00:15,  4.05it/s, Loss=0.0009]
Client 1 - Epoch 1/1:  29%|██▊       | 24/84 [00:05<00:14,  4.05it/s, Loss=0.0009]
Client 1 - Epoch 1/1:  29%|██▊       | 24/84 [00:06<00:14,  4.05it/s, Loss=0.0040]
Client 1 - Epoch 1/1:  30%|██▉       | 25/84 [00:06<00:14,  4.06it/s, Loss=0.0040]
Client 1 - Epoch 1/1:  30%|██▉       | 25/84 [00:06<00:14,  4.06it/s, Loss=0.0118]
Client 1 - Epoch 1/1:  31%|███       | 26/84 [00:06<00:14,  4.05it/s, Loss=0.0118]
Client 1 - Epoch 1/1:  31%|███       | 26/84 [00:06<00:14,  4.05it/s, Loss=0.0199]
Client 1 - Epoch 1/1:  32%|███▏      | 27/84 [00:06<00:14,  4.05it/s, Loss=0.0199]
Client 1 - Epoch 1/1:  32%|███▏      | 27/84 [00:06<00:14,  4.05it/s, Loss=0.0220]
Client 1 - Epoch 1/1:  33%|███▎      | 28/84 [00:06<00:13,  4.05it/s, Loss=0.0220]
Client 1 - Epoch 1/1:  33%|███▎      | 28/84 [00:07<00:13,  4.05it/s, Loss=0.0254]
Client 1 - Epoch 1/1:  35%|███▍      | 29/84 [00:07<00:13,  4.05it/s, Loss=0.0254]
Client 1 - Epoch 1/1:  35%|███▍      | 29/84 [00:07<00:13,  4.05it/s, Loss=0.0513]
Client 1 - Epoch 1/1:  36%|███▌      | 30/84 [00:07<00:13,  4.05it/s, Loss=0.0513]
Client 1 - Epoch 1/1:  36%|███▌      | 30/84 [00:07<00:13,  4.05it/s, Loss=0.0168]
Client 1 - Epoch 1/1:  37%|███▋      | 31/84 [00:07<00:13,  4.05it/s, Loss=0.0168]
Client 1 - Epoch 1/1:  37%|███▋      | 31/84 [00:07<00:13,  4.05it/s, Loss=0.0118]
Client 1 - Epoch 1/1:  38%|███▊      | 32/84 [00:07<00:12,  4.05it/s, Loss=0.0118]
Client 1 - Epoch 1/1:  38%|███▊      | 32/84 [00:08<00:12,  4.05it/s, Loss=0.0092]
Client 1 - Epoch 1/1:  39%|███▉      | 33/84 [00:08<00:12,  4.05it/s, Loss=0.0092]
Client 1 - Epoch 1/1:  39%|███▉      | 33/84 [00:08<00:12,  4.05it/s, Loss=0.0021]
Client 1 - Epoch 1/1:  40%|████      | 34/84 [00:08<00:12,  4.06it/s, Loss=0.0021]
Client 1 - Epoch 1/1:  40%|████      | 34/84 [00:08<00:12,  4.06it/s, Loss=0.0276]
Client 1 - Epoch 1/1:  42%|████▏     | 35/84 [00:08<00:12,  4.06it/s, Loss=0.0276]
Client 1 - Epoch 1/1:  42%|████▏     | 35/84 [00:08<00:12,  4.06it/s, Loss=0.0114]
Client 1 - Epoch 1/1:  43%|████▎     | 36/84 [00:08<00:11,  4.06it/s, Loss=0.0114]
Client 1 - Epoch 1/1:  43%|████▎     | 36/84 [00:09<00:11,  4.06it/s, Loss=0.0100]
Client 1 - Epoch 1/1:  44%|████▍     | 37/84 [00:09<00:11,  4.06it/s, Loss=0.0100]
Client 1 - Epoch 1/1:  44%|████▍     | 37/84 [00:09<00:11,  4.06it/s, Loss=0.0850]
Client 1 - Epoch 1/1:  45%|████▌     | 38/84 [00:09<00:11,  4.06it/s, Loss=0.0850]
Client 1 - Epoch 1/1:  45%|████▌     | 38/84 [00:09<00:11,  4.06it/s, Loss=0.0025]
Client 1 - Epoch 1/1:  46%|████▋     | 39/84 [00:09<00:11,  4.05it/s, Loss=0.0025]
Client 1 - Epoch 1/1:  46%|████▋     | 39/84 [00:09<00:11,  4.05it/s, Loss=0.0006]
Client 1 - Epoch 1/1:  48%|████▊     | 40/84 [00:09<00:10,  4.06it/s, Loss=0.0006]
Client 1 - Epoch 1/1:  48%|████▊     | 40/84 [00:10<00:10,  4.06it/s, Loss=0.0781]
Client 1 - Epoch 1/1:  49%|████▉     | 41/84 [00:10<00:10,  4.05it/s, Loss=0.0781]
Client 1 - Epoch 1/1:  49%|████▉     | 41/84 [00:10<00:10,  4.05it/s, Loss=0.0159]
Client 1 - Epoch 1/1:  50%|█████     | 42/84 [00:10<00:10,  4.05it/s, Loss=0.0159]
Client 1 - Epoch 1/1:  50%|█████     | 42/84 [00:10<00:10,  4.05it/s, Loss=0.0125]
Client 1 - Epoch 1/1:  51%|█████     | 43/84 [00:10<00:10,  4.04it/s, Loss=0.0125]
Client 1 - Epoch 1/1:  51%|█████     | 43/84 [00:10<00:10,  4.04it/s, Loss=0.0752]
Client 1 - Epoch 1/1:  52%|█████▏    | 44/84 [00:10<00:09,  4.04it/s, Loss=0.0752]
Client 1 - Epoch 1/1:  52%|█████▏    | 44/84 [00:11<00:09,  4.04it/s, Loss=0.0026]
Client 1 - Epoch 1/1:  54%|█████▎    | 45/84 [00:11<00:09,  4.03it/s, Loss=0.0026]
Client 1 - Epoch 1/1:  54%|█████▎    | 45/84 [00:11<00:09,  4.03it/s, Loss=0.0049]
Client 1 - Epoch 1/1:  55%|█████▍    | 46/84 [00:11<00:09,  4.04it/s, Loss=0.0049]
Client 1 - Epoch 1/1:  55%|█████▍    | 46/84 [00:11<00:09,  4.04it/s, Loss=0.0020]
Client 1 - Epoch 1/1:  56%|█████▌    | 47/84 [00:11<00:09,  4.04it/s, Loss=0.0020]
Client 1 - Epoch 1/1:  56%|█████▌    | 47/84 [00:11<00:09,  4.04it/s, Loss=0.0029]
Client 1 - Epoch 1/1:  57%|█████▋    | 48/84 [00:11<00:08,  4.04it/s, Loss=0.0029]
Client 1 - Epoch 1/1:  57%|█████▋    | 48/84 [00:12<00:08,  4.04it/s, Loss=0.0781]
Client 1 - Epoch 1/1:  58%|█████▊    | 49/84 [00:12<00:08,  4.05it/s, Loss=0.0781]
Client 1 - Epoch 1/1:  58%|█████▊    | 49/84 [00:12<00:08,  4.05it/s, Loss=0.0447]
Client 1 - Epoch 1/1:  60%|█████▉    | 50/84 [00:12<00:08,  4.05it/s, Loss=0.0447]
Client 1 - Epoch 1/1:  60%|█████▉    | 50/84 [00:12<00:08,  4.05it/s, Loss=0.0187]
Client 1 - Epoch 1/1:  61%|██████    | 51/84 [00:12<00:08,  4.05it/s, Loss=0.0187]
Client 1 - Epoch 1/1:  61%|██████    | 51/84 [00:12<00:08,  4.05it/s, Loss=0.2773]
Client 1 - Epoch 1/1:  62%|██████▏   | 52/84 [00:12<00:07,  4.05it/s, Loss=0.2773]
Client 1 - Epoch 1/1:  62%|██████▏   | 52/84 [00:13<00:07,  4.05it/s, Loss=0.0057]
Client 1 - Epoch 1/1:  63%|██████▎   | 53/84 [00:13<00:07,  4.05it/s, Loss=0.0057]
Client 1 - Epoch 1/1:  63%|██████▎   | 53/84 [00:13<00:07,  4.05it/s, Loss=0.0084]
Client 1 - Epoch 1/1:  64%|██████▍   | 54/84 [00:13<00:07,  4.05it/s, Loss=0.0084]
Client 1 - Epoch 1/1:  64%|██████▍   | 54/84 [00:13<00:07,  4.05it/s, Loss=0.5781]
Client 1 - Epoch 1/1:  65%|██████▌   | 55/84 [00:13<00:07,  4.05it/s, Loss=0.5781]
Client 1 - Epoch 1/1:  65%|██████▌   | 55/84 [00:13<00:07,  4.05it/s, Loss=0.0050]
Client 1 - Epoch 1/1:  67%|██████▋   | 56/84 [00:13<00:06,  4.04it/s, Loss=0.0050]
Client 1 - Epoch 1/1:  67%|██████▋   | 56/84 [00:14<00:06,  4.04it/s, Loss=0.0108]
Client 1 - Epoch 1/1:  68%|██████▊   | 57/84 [00:14<00:06,  4.04it/s, Loss=0.0108]
Client 1 - Epoch 1/1:  68%|██████▊   | 57/84 [00:14<00:06,  4.04it/s, Loss=0.0046]
Client 1 - Epoch 1/1:  69%|██████▉   | 58/84 [00:14<00:06,  4.04it/s, Loss=0.0046]
Client 1 - Epoch 1/1:  69%|██████▉   | 58/84 [00:14<00:06,  4.04it/s, Loss=0.0300]
Client 1 - Epoch 1/1:  70%|███████   | 59/84 [00:14<00:06,  4.05it/s, Loss=0.0300]
Client 1 - Epoch 1/1:  70%|███████   | 59/84 [00:14<00:06,  4.05it/s, Loss=0.0212]
Client 1 - Epoch 1/1:  71%|███████▏  | 60/84 [00:14<00:05,  4.05it/s, Loss=0.0212]
Client 1 - Epoch 1/1:  71%|███████▏  | 60/84 [00:15<00:05,  4.05it/s, Loss=0.0043]
Client 1 - Epoch 1/1:  73%|███████▎  | 61/84 [00:15<00:05,  4.05it/s, Loss=0.0043]
Client 1 - Epoch 1/1:  73%|███████▎  | 61/84 [00:15<00:05,  4.05it/s, Loss=0.0664]
Client 1 - Epoch 1/1:  74%|███████▍  | 62/84 [00:15<00:05,  4.06it/s, Loss=0.0664]
Client 1 - Epoch 1/1:  74%|███████▍  | 62/84 [00:15<00:05,  4.06it/s, Loss=0.0028]
Client 1 - Epoch 1/1:  75%|███████▌  | 63/84 [00:15<00:05,  4.05it/s, Loss=0.0028]
Client 1 - Epoch 1/1:  75%|███████▌  | 63/84 [00:15<00:05,  4.05it/s, Loss=0.1582]
Client 1 - Epoch 1/1:  76%|███████▌  | 64/84 [00:15<00:04,  4.05it/s, Loss=0.1582]
Client 1 - Epoch 1/1:  76%|███████▌  | 64/84 [00:16<00:04,  4.05it/s, Loss=0.0248]
Client 1 - Epoch 1/1:  77%|███████▋  | 65/84 [00:16<00:04,  4.05it/s, Loss=0.0248]
Client 1 - Epoch 1/1:  77%|███████▋  | 65/84 [00:16<00:04,  4.05it/s, Loss=0.0126]
Client 1 - Epoch 1/1:  79%|███████▊  | 66/84 [00:16<00:04,  4.05it/s, Loss=0.0126]
Client 1 - Epoch 1/1:  79%|███████▊  | 66/84 [00:16<00:04,  4.05it/s, Loss=0.0173]
Client 1 - Epoch 1/1:  80%|███████▉  | 67/84 [00:16<00:04,  4.06it/s, Loss=0.0173]
Client 1 - Epoch 1/1:  80%|███████▉  | 67/84 [00:16<00:04,  4.06it/s, Loss=0.0547]
Client 1 - Epoch 1/1:  81%|████████  | 68/84 [00:16<00:03,  4.06it/s, Loss=0.0547]
Client 1 - Epoch 1/1:  81%|████████  | 68/84 [00:17<00:03,  4.06it/s, Loss=0.1006]
Client 1 - Epoch 1/1:  82%|████████▏ | 69/84 [00:17<00:03,  4.06it/s, Loss=0.1006]
Client 1 - Epoch 1/1:  82%|████████▏ | 69/84 [00:17<00:03,  4.06it/s, Loss=0.0298]
Client 1 - Epoch 1/1:  83%|████████▎ | 70/84 [00:17<00:03,  4.06it/s, Loss=0.0298]
Client 1 - Epoch 1/1:  83%|████████▎ | 70/84 [00:17<00:03,  4.06it/s, Loss=0.1152]
Client 1 - Epoch 1/1:  85%|████████▍ | 71/84 [00:17<00:03,  4.06it/s, Loss=0.1152]
Client 1 - Epoch 1/1:  85%|████████▍ | 71/84 [00:17<00:03,  4.06it/s, Loss=0.0598]
Client 1 - Epoch 1/1:  86%|████████▌ | 72/84 [00:17<00:02,  4.06it/s, Loss=0.0598]
Client 1 - Epoch 1/1:  86%|████████▌ | 72/84 [00:18<00:02,  4.06it/s, Loss=0.0010]
Client 1 - Epoch 1/1:  87%|████████▋ | 73/84 [00:18<00:02,  4.06it/s, Loss=0.0010]
Client 1 - Epoch 1/1:  87%|████████▋ | 73/84 [00:18<00:02,  4.06it/s, Loss=0.0483]
Client 1 - Epoch 1/1:  88%|████████▊ | 74/84 [00:18<00:02,  4.06it/s, Loss=0.0483]
Client 1 - Epoch 1/1:  88%|████████▊ | 74/84 [00:18<00:02,  4.06it/s, Loss=0.0035]
Client 1 - Epoch 1/1:  89%|████████▉ | 75/84 [00:18<00:02,  4.05it/s, Loss=0.0035]
Client 1 - Epoch 1/1:  89%|████████▉ | 75/84 [00:18<00:02,  4.05it/s, Loss=0.0095]
Client 1 - Epoch 1/1:  90%|█████████ | 76/84 [00:18<00:01,  4.05it/s, Loss=0.0095]
Client 1 - Epoch 1/1:  90%|█████████ | 76/84 [00:19<00:01,  4.05it/s, Loss=0.0123]
Client 1 - Epoch 1/1:  92%|█████████▏| 77/84 [00:19<00:01,  4.05it/s, Loss=0.0123]
Client 1 - Epoch 1/1:  92%|█████████▏| 77/84 [00:19<00:01,  4.05it/s, Loss=0.0439]
Client 1 - Epoch 1/1:  93%|█████████▎| 78/84 [00:19<00:01,  4.05it/s, Loss=0.0439]
Client 1 - Epoch 1/1:  93%|█████████▎| 78/84 [00:19<00:01,  4.05it/s, Loss=0.1011]
Client 1 - Epoch 1/1:  94%|█████████▍| 79/84 [00:19<00:01,  4.05it/s, Loss=0.1011]
Client 1 - Epoch 1/1:  94%|█████████▍| 79/84 [00:19<00:01,  4.05it/s, Loss=0.0330]
Client 1 - Epoch 1/1:  95%|█████████▌| 80/84 [00:19<00:00,  4.06it/s, Loss=0.0330]
Client 1 - Epoch 1/1:  95%|█████████▌| 80/84 [00:19<00:00,  4.06it/s, Loss=0.0095]
Client 1 - Epoch 1/1:  96%|█████████▋| 81/84 [00:19<00:00,  4.05it/s, Loss=0.0095]
Client 1 - Epoch 1/1:  96%|█████████▋| 81/84 [00:20<00:00,  4.05it/s, Loss=0.0004]
Client 1 - Epoch 1/1:  98%|█████████▊| 82/84 [00:20<00:00,  4.06it/s, Loss=0.0004]
Client 1 - Epoch 1/1:  98%|█████████▊| 82/84 [00:20<00:00,  4.06it/s, Loss=0.0391]
Client 1 - Epoch 1/1:  99%|█████████▉| 83/84 [00:20<00:00,  4.05it/s, Loss=0.0391]
Client 1 - Epoch 1/1:  99%|█████████▉| 83/84 [00:20<00:00,  4.05it/s, Loss=0.1387]
Client 1 - Epoch 1/1: 100%|██████████| 84/84 [00:20<00:00,  4.22it/s, Loss=0.1387]
Client 1 - Epoch 1/1: 100%|██████████| 84/84 [00:20<00:00,  4.06it/s, Loss=0.1387]
Client 1 - Epoch 1/1 | Avg Loss: 0.0429

Client 0 - Epoch 1/1:   0%|          | 0/18 [00:00<?, ?it/s]
Client 0 - Epoch 1/1:   0%|          | 0/18 [00:00<?, ?it/s, Loss=0.1079]
Client 0 - Epoch 1/1:   6%|▌         | 1/18 [00:00<00:04,  4.02it/s, Loss=0.1079]
Client 0 - Epoch 1/1:   6%|▌         | 1/18 [00:00<00:04,  4.02it/s, Loss=0.0029]
Client 0 - Epoch 1/1:  11%|█         | 2/18 [00:00<00:03,  4.03it/s, Loss=0.0029]
Client 0 - Epoch 1/1:  11%|█         | 2/18 [00:00<00:03,  4.03it/s, Loss=0.0050]
Client 0 - Epoch 1/1:  17%|█▋        | 3/18 [00:00<00:03,  4.04it/s, Loss=0.0050]
Client 0 - Epoch 1/1:  17%|█▋        | 3/18 [00:00<00:03,  4.04it/s, Loss=0.1055]
Client 0 - Epoch 1/1:  22%|██▏       | 4/18 [00:00<00:03,  4.04it/s, Loss=0.1055]
Client 0 - Epoch 1/1:  22%|██▏       | 4/18 [00:01<00:03,  4.04it/s, Loss=0.0052]
Client 0 - Epoch 1/1:  28%|██▊       | 5/18 [00:01<00:03,  4.04it/s, Loss=0.0052]
Client 0 - Epoch 1/1:  28%|██▊       | 5/18 [00:01<00:03,  4.04it/s, Loss=0.0096]
Client 0 - Epoch 1/1:  33%|███▎      | 6/18 [00:01<00:02,  4.03it/s, Loss=0.0096]
Client 0 - Epoch 1/1:  33%|███▎      | 6/18 [00:01<00:02,  4.03it/s, Loss=0.0017]
Client 0 - Epoch 1/1:  39%|███▉      | 7/18 [00:01<00:02,  4.03it/s, Loss=0.0017]
Client 0 - Epoch 1/1:  39%|███▉      | 7/18 [00:01<00:02,  4.03it/s, Loss=0.0051]
Client 0 - Epoch 1/1:  44%|████▍     | 8/18 [00:01<00:02,  4.04it/s, Loss=0.0051]
Client 0 - Epoch 1/1:  44%|████▍     | 8/18 [00:02<00:02,  4.04it/s, Loss=0.0199]
Client 0 - Epoch 1/1:  50%|█████     | 9/18 [00:02<00:02,  4.04it/s, Loss=0.0199]
Client 0 - Epoch 1/1:  50%|█████     | 9/18 [00:02<00:02,  4.04it/s, Loss=0.0071]
Client 0 - Epoch 1/1:  56%|█████▌    | 10/18 [00:02<00:01,  4.04it/s, Loss=0.0071]
Client 0 - Epoch 1/1:  56%|█████▌    | 10/18 [00:02<00:01,  4.04it/s, Loss=0.0044]
Client 0 - Epoch 1/1:  61%|██████    | 11/18 [00:02<00:01,  4.04it/s, Loss=0.0044]
Client 0 - Epoch 1/1:  61%|██████    | 11/18 [00:02<00:01,  4.04it/s, Loss=0.0023]
Client 0 - Epoch 1/1:  67%|██████▋   | 12/18 [00:02<00:01,  4.05it/s, Loss=0.0023]
Client 0 - Epoch 1/1:  67%|██████▋   | 12/18 [00:03<00:01,  4.05it/s, Loss=0.0035]
Client 0 - Epoch 1/1:  72%|███████▏  | 13/18 [00:03<00:01,  4.05it/s, Loss=0.0035]
Client 0 - Epoch 1/1:  72%|███████▏  | 13/18 [00:03<00:01,  4.05it/s, Loss=0.0008]
Client 0 - Epoch 1/1:  78%|███████▊  | 14/18 [00:03<00:00,  4.05it/s, Loss=0.0008]
Client 0 - Epoch 1/1:  78%|███████▊  | 14/18 [00:03<00:00,  4.05it/s, Loss=0.0024]
Client 0 - Epoch 1/1:  83%|████████▎ | 15/18 [00:03<00:00,  4.05it/s, Loss=0.0024]
Client 0 - Epoch 1/1:  83%|████████▎ | 15/18 [00:03<00:00,  4.05it/s, Loss=0.0014]
Client 0 - Epoch 1/1:  89%|████████▉ | 16/18 [00:03<00:00,  4.05it/s, Loss=0.0014]
Client 0 - Epoch 1/1:  89%|████████▉ | 16/18 [00:04<00:00,  4.05it/s, Loss=0.1133]
Client 0 - Epoch 1/1:  94%|█████████▍| 17/18 [00:04<00:00,  4.05it/s, Loss=0.1133]
Client 0 - Epoch 1/1:  94%|█████████▍| 17/18 [00:04<00:00,  4.05it/s, Loss=0.0003]
Client 0 - Epoch 1/1: 100%|██████████| 18/18 [00:04<00:00,  4.90it/s, Loss=0.0003]
Client 0 - Epoch 1/1: 100%|██████████| 18/18 [00:04<00:00,  4.18it/s, Loss=0.0003]
Client 0 - Epoch 1/1 | Avg Loss: 0.0221

Client 3 - Epoch 1/1:   0%|          | 0/9 [00:00<?, ?it/s]
Client 3 - Epoch 1/1:   0%|          | 0/9 [00:00<?, ?it/s, Loss=0.3711]
Client 3 - Epoch 1/1:  11%|█         | 1/9 [00:00<00:01,  4.01it/s, Loss=0.3711]
Client 3 - Epoch 1/1:  11%|█         | 1/9 [00:00<00:01,  4.01it/s, Loss=0.0302]
Client 3 - Epoch 1/1:  22%|██▏       | 2/9 [00:00<00:01,  4.04it/s, Loss=0.0302]
Client 3 - Epoch 1/1:  22%|██▏       | 2/9 [00:00<00:01,  4.04it/s, Loss=0.0294]
Client 3 - Epoch 1/1:  33%|███▎      | 3/9 [00:00<00:01,  4.05it/s, Loss=0.0294]
Client 3 - Epoch 1/1:  33%|███▎      | 3/9 [00:00<00:01,  4.05it/s, Loss=0.0192]
Client 3 - Epoch 1/1:  44%|████▍     | 4/9 [00:00<00:01,  4.05it/s, Loss=0.0192]
Client 3 - Epoch 1/1:  44%|████▍     | 4/9 [00:01<00:01,  4.05it/s, Loss=0.0879]
Client 3 - Epoch 1/1:  56%|█████▌    | 5/9 [00:01<00:00,  4.05it/s, Loss=0.0879]
Client 3 - Epoch 1/1:  56%|█████▌    | 5/9 [00:01<00:00,  4.05it/s, Loss=0.0698]
Client 3 - Epoch 1/1:  67%|██████▋   | 6/9 [00:01<00:00,  4.05it/s, Loss=0.0698]
Client 3 - Epoch 1/1:  67%|██████▋   | 6/9 [00:01<00:00,  4.05it/s, Loss=0.0011]
Client 3 - Epoch 1/1:  78%|███████▊  | 7/9 [00:01<00:00,  4.05it/s, Loss=0.0011]
Client 3 - Epoch 1/1:  78%|███████▊  | 7/9 [00:01<00:00,  4.05it/s, Loss=0.1992]
Client 3 - Epoch 1/1:  89%|████████▉ | 8/9 [00:01<00:00,  4.04it/s, Loss=0.1992]
Client 3 - Epoch 1/1:  89%|████████▉ | 8/9 [00:02<00:00,  4.04it/s, Loss=0.0049]
Client 3 - Epoch 1/1: 100%|██████████| 9/9 [00:02<00:00,  4.72it/s, Loss=0.0049]
Client 3 - Epoch 1/1: 100%|██████████| 9/9 [00:02<00:00,  4.26it/s, Loss=0.0049]
Client 3 - Epoch 1/1 | Avg Loss: 0.0903

Client 4 - Epoch 1/1:   0%|          | 0/31 [00:00<?, ?it/s]
Client 4 - Epoch 1/1:   0%|          | 0/31 [00:00<?, ?it/s, Loss=0.1157]
Client 4 - Epoch 1/1:   3%|▎         | 1/31 [00:00<00:07,  4.03it/s, Loss=0.1157]
Client 4 - Epoch 1/1:   3%|▎         | 1/31 [00:00<00:07,  4.03it/s, Loss=0.0972]
Client 4 - Epoch 1/1:   6%|▋         | 2/31 [00:00<00:07,  4.05it/s, Loss=0.0972]
Client 4 - Epoch 1/1:   6%|▋         | 2/31 [00:00<00:07,  4.05it/s, Loss=0.0129]
Client 4 - Epoch 1/1:  10%|▉         | 3/31 [00:00<00:06,  4.05it/s, Loss=0.0129]
Client 4 - Epoch 1/1:  10%|▉         | 3/31 [00:00<00:06,  4.05it/s, Loss=0.0260]
Client 4 - Epoch 1/1:  13%|█▎        | 4/31 [00:00<00:06,  4.06it/s, Loss=0.0260]
Client 4 - Epoch 1/1:  13%|█▎        | 4/31 [00:01<00:06,  4.06it/s, Loss=0.0054]
Client 4 - Epoch 1/1:  16%|█▌        | 5/31 [00:01<00:06,  4.06it/s, Loss=0.0054]
Client 4 - Epoch 1/1:  16%|█▌        | 5/31 [00:01<00:06,  4.06it/s, Loss=0.4102]
Client 4 - Epoch 1/1:  19%|█▉        | 6/31 [00:01<00:06,  4.06it/s, Loss=0.4102]
Client 4 - Epoch 1/1:  19%|█▉        | 6/31 [00:01<00:06,  4.06it/s, Loss=0.0493]
Client 4 - Epoch 1/1:  23%|██▎       | 7/31 [00:01<00:05,  4.06it/s, Loss=0.0493]
Client 4 - Epoch 1/1:  23%|██▎       | 7/31 [00:01<00:05,  4.06it/s, Loss=0.0334]
Client 4 - Epoch 1/1:  26%|██▌       | 8/31 [00:01<00:05,  4.06it/s, Loss=0.0334]
Client 4 - Epoch 1/1:  26%|██▌       | 8/31 [00:02<00:05,  4.06it/s, Loss=0.0369]
Client 4 - Epoch 1/1:  29%|██▉       | 9/31 [00:02<00:05,  4.06it/s, Loss=0.0369]
Client 4 - Epoch 1/1:  29%|██▉       | 9/31 [00:02<00:05,  4.06it/s, Loss=0.0593]
Client 4 - Epoch 1/1:  32%|███▏      | 10/31 [00:02<00:05,  4.06it/s, Loss=0.0593]
Client 4 - Epoch 1/1:  32%|███▏      | 10/31 [00:02<00:05,  4.06it/s, Loss=0.0356]
Client 4 - Epoch 1/1:  35%|███▌      | 11/31 [00:02<00:04,  4.06it/s, Loss=0.0356]
Client 4 - Epoch 1/1:  35%|███▌      | 11/31 [00:02<00:04,  4.06it/s, Loss=0.0076]
Client 4 - Epoch 1/1:  39%|███▊      | 12/31 [00:02<00:04,  4.06it/s, Loss=0.0076]
Client 4 - Epoch 1/1:  39%|███▊      | 12/31 [00:03<00:04,  4.06it/s, Loss=0.0243]
Client 4 - Epoch 1/1:  42%|████▏     | 13/31 [00:03<00:04,  4.06it/s, Loss=0.0243]
Client 4 - Epoch 1/1:  42%|████▏     | 13/31 [00:03<00:04,  4.06it/s, Loss=0.0095]
Client 4 - Epoch 1/1:  45%|████▌     | 14/31 [00:03<00:04,  4.05it/s, Loss=0.0095]
Client 4 - Epoch 1/1:  45%|████▌     | 14/31 [00:03<00:04,  4.05it/s, Loss=0.0133]
Client 4 - Epoch 1/1:  48%|████▊     | 15/31 [00:03<00:03,  4.06it/s, Loss=0.0133]
Client 4 - Epoch 1/1:  48%|████▊     | 15/31 [00:03<00:03,  4.06it/s, Loss=0.0562]
Client 4 - Epoch 1/1:  52%|█████▏    | 16/31 [00:03<00:03,  4.06it/s, Loss=0.0562]
Client 4 - Epoch 1/1:  52%|█████▏    | 16/31 [00:04<00:03,  4.06it/s, Loss=0.0292]
Client 4 - Epoch 1/1:  55%|█████▍    | 17/31 [00:04<00:03,  4.07it/s, Loss=0.0292]
Client 4 - Epoch 1/1:  55%|█████▍    | 17/31 [00:04<00:03,  4.07it/s, Loss=0.0212]
Client 4 - Epoch 1/1:  58%|█████▊    | 18/31 [00:04<00:03,  4.06it/s, Loss=0.0212]
Client 4 - Epoch 1/1:  58%|█████▊    | 18/31 [00:04<00:03,  4.06it/s, Loss=0.0209]
Client 4 - Epoch 1/1:  61%|██████▏   | 19/31 [00:04<00:02,  4.06it/s, Loss=0.0209]
Client 4 - Epoch 1/1:  61%|██████▏   | 19/31 [00:04<00:02,  4.06it/s, Loss=0.0063]
Client 4 - Epoch 1/1:  65%|██████▍   | 20/31 [00:04<00:02,  4.06it/s, Loss=0.0063]
Client 4 - Epoch 1/1:  65%|██████▍   | 20/31 [00:05<00:02,  4.06it/s, Loss=0.0183]
Client 4 - Epoch 1/1:  68%|██████▊   | 21/31 [00:05<00:02,  4.06it/s, Loss=0.0183]
Client 4 - Epoch 1/1:  68%|██████▊   | 21/31 [00:05<00:02,  4.06it/s, Loss=0.1484]
Client 4 - Epoch 1/1:  71%|███████   | 22/31 [00:05<00:02,  4.06it/s, Loss=0.1484]
Client 4 - Epoch 1/1:  71%|███████   | 22/31 [00:05<00:02,  4.06it/s, Loss=0.0070]
Client 4 - Epoch 1/1:  74%|███████▍  | 23/31 [00:05<00:01,  4.06it/s, Loss=0.0070]
Client 4 - Epoch 1/1:  74%|███████▍  | 23/31 [00:05<00:01,  4.06it/s, Loss=0.0045]
Client 4 - Epoch 1/1:  77%|███████▋  | 24/31 [00:05<00:01,  4.06it/s, Loss=0.0045]
Client 4 - Epoch 1/1:  77%|███████▋  | 24/31 [00:06<00:01,  4.06it/s, Loss=0.0203]
Client 4 - Epoch 1/1:  81%|████████  | 25/31 [00:06<00:01,  4.06it/s, Loss=0.0203]
Client 4 - Epoch 1/1:  81%|████████  | 25/31 [00:06<00:01,  4.06it/s, Loss=0.1660]
Client 4 - Epoch 1/1:  84%|████████▍ | 26/31 [00:06<00:01,  4.06it/s, Loss=0.1660]
Client 4 - Epoch 1/1:  84%|████████▍ | 26/31 [00:06<00:01,  4.06it/s, Loss=0.0205]
Client 4 - Epoch 1/1:  87%|████████▋ | 27/31 [00:06<00:00,  4.06it/s, Loss=0.0205]
Client 4 - Epoch 1/1:  87%|████████▋ | 27/31 [00:06<00:00,  4.06it/s, Loss=0.0013]
Client 4 - Epoch 1/1:  90%|█████████ | 28/31 [00:06<00:00,  4.06it/s, Loss=0.0013]
Client 4 - Epoch 1/1:  90%|█████████ | 28/31 [00:07<00:00,  4.06it/s, Loss=0.0214]
Client 4 - Epoch 1/1:  94%|█████████▎| 29/31 [00:07<00:00,  4.06it/s, Loss=0.0214]
Client 4 - Epoch 1/1:  94%|█████████▎| 29/31 [00:07<00:00,  4.06it/s, Loss=0.0038]
Client 4 - Epoch 1/1:  97%|█████████▋| 30/31 [00:07<00:00,  4.06it/s, Loss=0.0038]
Client 4 - Epoch 1/1:  97%|█████████▋| 30/31 [00:07<00:00,  4.06it/s, Loss=0.0422]
Client 4 - Epoch 1/1: 100%|██████████| 31/31 [00:07<00:00,  4.24it/s, Loss=0.0422]
Client 4 - Epoch 1/1: 100%|██████████| 31/31 [00:07<00:00,  4.08it/s, Loss=0.0422]
Client 4 - Epoch 1/1 | Avg Loss: 0.0492

Evaluating normal:   0%|          | 0/100 [00:00<?, ?it/s]
Evaluating normal:   0%|          | 0/100 [00:00<?, ?it/s, Accuracy=75.00%]
Evaluating normal:   1%|          | 1/100 [00:00<00:10,  9.21it/s, Accuracy=75.00%]
Evaluating normal:   1%|          | 1/100 [00:00<00:10,  9.21it/s, Accuracy=87.50%]
Evaluating normal:   2%|▏         | 2/100 [00:00<00:10,  9.22it/s, Accuracy=87.50%]
Evaluating normal:   2%|▏         | 2/100 [00:00<00:10,  9.22it/s, Accuracy=91.67%]
Evaluating normal:   3%|▎         | 3/100 [00:00<00:10,  9.22it/s, Accuracy=91.67%]
Evaluating normal:   3%|▎         | 3/100 [00:00<00:10,  9.22it/s, Accuracy=93.75%]
Evaluating normal:   4%|▍         | 4/100 [00:00<00:10,  9.23it/s, Accuracy=93.75%]
Evaluating normal:   4%|▍         | 4/100 [00:00<00:10,  9.23it/s, Accuracy=92.50%]
Evaluating normal:   5%|▌         | 5/100 [00:00<00:10,  9.26it/s, Accuracy=92.50%]
Evaluating normal:   5%|▌         | 5/100 [00:00<00:10,  9.26it/s, Accuracy=93.75%]
Evaluating normal:   6%|▌         | 6/100 [00:00<00:10,  9.27it/s, Accuracy=93.75%]
Evaluating normal:   6%|▌         | 6/100 [00:00<00:10,  9.27it/s, Accuracy=94.64%]
Evaluating normal:   7%|▋         | 7/100 [00:00<00:10,  9.29it/s, Accuracy=94.64%]
Evaluating normal:   7%|▋         | 7/100 [00:00<00:10,  9.29it/s, Accuracy=93.75%]
Evaluating normal:   8%|▊         | 8/100 [00:00<00:09,  9.29it/s, Accuracy=93.75%]
Evaluating normal:   8%|▊         | 8/100 [00:00<00:09,  9.29it/s, Accuracy=93.06%]
Evaluating normal:   9%|▉         | 9/100 [00:00<00:09,  9.27it/s, Accuracy=93.06%]
Evaluating normal:   9%|▉         | 9/100 [00:01<00:09,  9.27it/s, Accuracy=92.50%]
Evaluating normal:  10%|█         | 10/100 [00:01<00:09,  9.27it/s, Accuracy=92.50%]
Evaluating normal:  10%|█         | 10/100 [00:01<00:09,  9.27it/s, Accuracy=89.77%]
Evaluating normal:  11%|█         | 11/100 [00:01<00:09,  9.27it/s, Accuracy=89.77%]
Evaluating normal:  11%|█         | 11/100 [00:01<00:09,  9.27it/s, Accuracy=88.54%]
Evaluating normal:  12%|█▏        | 12/100 [00:01<00:09,  9.27it/s, Accuracy=88.54%]
Evaluating normal:  12%|█▏        | 12/100 [00:01<00:09,  9.27it/s, Accuracy=87.50%]
Evaluating normal:  13%|█▎        | 13/100 [00:01<00:09,  9.28it/s, Accuracy=87.50%]
Evaluating normal:  13%|█▎        | 13/100 [00:01<00:09,  9.28it/s, Accuracy=87.50%]
Evaluating normal:  14%|█▍        | 14/100 [00:01<00:09,  9.28it/s, Accuracy=87.50%]
Evaluating normal:  14%|█▍        | 14/100 [00:01<00:09,  9.28it/s, Accuracy=86.67%]
Evaluating normal:  15%|█▌        | 15/100 [00:01<00:09,  9.29it/s, Accuracy=86.67%]
Evaluating normal:  15%|█▌        | 15/100 [00:01<00:09,  9.29it/s, Accuracy=86.72%]
Evaluating normal:  16%|█▌        | 16/100 [00:01<00:09,  9.30it/s, Accuracy=86.72%]
Evaluating normal:  16%|█▌        | 16/100 [00:01<00:09,  9.30it/s, Accuracy=86.76%]
Evaluating normal:  17%|█▋        | 17/100 [00:01<00:08,  9.27it/s, Accuracy=86.76%]
Evaluating normal:  17%|█▋        | 17/100 [00:01<00:08,  9.27it/s, Accuracy=86.81%]
Evaluating normal:  18%|█▊        | 18/100 [00:01<00:08,  9.26it/s, Accuracy=86.81%]
Evaluating normal:  18%|█▊        | 18/100 [00:02<00:08,  9.26it/s, Accuracy=86.18%]
Evaluating normal:  19%|█▉        | 19/100 [00:02<00:08,  9.27it/s, Accuracy=86.18%]
Evaluating normal:  19%|█▉        | 19/100 [00:02<00:08,  9.27it/s, Accuracy=86.88%]
Evaluating normal:  20%|██        | 20/100 [00:02<00:08,  9.26it/s, Accuracy=86.88%]
Evaluating normal:  20%|██        | 20/100 [00:02<00:08,  9.26it/s, Accuracy=86.90%]
Evaluating normal:  21%|██        | 21/100 [00:02<00:08,  9.27it/s, Accuracy=86.90%]
Evaluating normal:  21%|██        | 21/100 [00:02<00:08,  9.27it/s, Accuracy=86.93%]
Evaluating normal:  22%|██▏       | 22/100 [00:02<00:08,  9.27it/s, Accuracy=86.93%]
Evaluating normal:  22%|██▏       | 22/100 [00:02<00:08,  9.27it/s, Accuracy=87.50%]
Evaluating normal:  23%|██▎       | 23/100 [00:02<00:08,  9.27it/s, Accuracy=87.50%]
Evaluating normal:  23%|██▎       | 23/100 [00:02<00:08,  9.27it/s, Accuracy=88.02%]
Evaluating normal:  24%|██▍       | 24/100 [00:02<00:08,  9.28it/s, Accuracy=88.02%]
Evaluating normal:  24%|██▍       | 24/100 [00:02<00:08,  9.28it/s, Accuracy=87.50%]
Evaluating normal:  25%|██▌       | 25/100 [00:02<00:08,  9.28it/s, Accuracy=87.50%]
Evaluating normal:  25%|██▌       | 25/100 [00:02<00:08,  9.28it/s, Accuracy=87.98%]
Evaluating normal:  26%|██▌       | 26/100 [00:02<00:07,  9.27it/s, Accuracy=87.98%]
Evaluating normal:  26%|██▌       | 26/100 [00:02<00:07,  9.27it/s, Accuracy=87.50%]
Evaluating normal:  27%|██▋       | 27/100 [00:02<00:07,  9.26it/s, Accuracy=87.50%]
Evaluating normal:  27%|██▋       | 27/100 [00:03<00:07,  9.26it/s, Accuracy=87.50%]
Evaluating normal:  28%|██▊       | 28/100 [00:03<00:07,  9.28it/s, Accuracy=87.50%]
Evaluating normal:  28%|██▊       | 28/100 [00:03<00:07,  9.28it/s, Accuracy=87.50%]
Evaluating normal:  29%|██▉       | 29/100 [00:03<00:07,  9.29it/s, Accuracy=87.50%]
Evaluating normal:  29%|██▉       | 29/100 [00:03<00:07,  9.29it/s, Accuracy=87.08%]
Evaluating normal:  30%|███       | 30/100 [00:03<00:07,  9.28it/s, Accuracy=87.08%]
Evaluating normal:  30%|███       | 30/100 [00:03<00:07,  9.28it/s, Accuracy=86.69%]
Evaluating normal:  31%|███       | 31/100 [00:03<00:07,  9.26it/s, Accuracy=86.69%]
Evaluating normal:  31%|███       | 31/100 [00:03<00:07,  9.26it/s, Accuracy=86.33%]
Evaluating normal:  32%|███▏      | 32/100 [00:03<00:07,  9.27it/s, Accuracy=86.33%]
Evaluating normal:  32%|███▏      | 32/100 [00:03<00:07,  9.27it/s, Accuracy=85.98%]
Evaluating normal:  33%|███▎      | 33/100 [00:03<00:07,  9.27it/s, Accuracy=85.98%]
Evaluating normal:  33%|███▎      | 33/100 [00:03<00:07,  9.27it/s, Accuracy=86.03%]
Evaluating normal:  34%|███▍      | 34/100 [00:03<00:07,  9.28it/s, Accuracy=86.03%]
Evaluating normal:  34%|███▍      | 34/100 [00:03<00:07,  9.28it/s, Accuracy=86.43%]
Evaluating normal:  35%|███▌      | 35/100 [00:03<00:07,  9.28it/s, Accuracy=86.43%]
Evaluating normal:  35%|███▌      | 35/100 [00:03<00:07,  9.28it/s, Accuracy=85.76%]
Evaluating normal:  36%|███▌      | 36/100 [00:03<00:06,  9.27it/s, Accuracy=85.76%]
Evaluating normal:  36%|███▌      | 36/100 [00:03<00:06,  9.27it/s, Accuracy=86.15%]
Evaluating normal:  37%|███▋      | 37/100 [00:03<00:06,  9.27it/s, Accuracy=86.15%]
Evaluating normal:  37%|███▋      | 37/100 [00:04<00:06,  9.27it/s, Accuracy=86.51%]
Evaluating normal:  38%|███▊      | 38/100 [00:04<00:06,  9.21it/s, Accuracy=86.51%]
Evaluating normal:  38%|███▊      | 38/100 [00:04<00:06,  9.21it/s, Accuracy=86.22%]
Evaluating normal:  39%|███▉      | 39/100 [00:04<00:06,  9.24it/s, Accuracy=86.22%]
Evaluating normal:  39%|███▉      | 39/100 [00:04<00:06,  9.24it/s, Accuracy=86.56%]
Evaluating normal:  40%|████      | 40/100 [00:04<00:06,  9.25it/s, Accuracy=86.56%]
Evaluating normal:  40%|████      | 40/100 [00:04<00:06,  9.25it/s, Accuracy=86.89%]
Evaluating normal:  41%|████      | 41/100 [00:04<00:06,  9.25it/s, Accuracy=86.89%]
Evaluating normal:  41%|████      | 41/100 [00:04<00:06,  9.25it/s, Accuracy=86.90%]
Evaluating normal:  42%|████▏     | 42/100 [00:04<00:06,  9.26it/s, Accuracy=86.90%]
Evaluating normal:  42%|████▏     | 42/100 [00:04<00:06,  9.26it/s, Accuracy=86.92%]
Evaluating normal:  43%|████▎     | 43/100 [00:04<00:06,  9.26it/s, Accuracy=86.92%]
Evaluating normal:  43%|████▎     | 43/100 [00:04<00:06,  9.26it/s, Accuracy=86.65%]
Evaluating normal:  44%|████▍     | 44/100 [00:04<00:06,  9.27it/s, Accuracy=86.65%]
Evaluating normal:  44%|████▍     | 44/100 [00:04<00:06,  9.27it/s, Accuracy=86.67%]
Evaluating normal:  45%|████▌     | 45/100 [00:04<00:05,  9.27it/s, Accuracy=86.67%]
Evaluating normal:  45%|████▌     | 45/100 [00:04<00:05,  9.27it/s, Accuracy=86.96%]
Evaluating normal:  46%|████▌     | 46/100 [00:04<00:05,  9.25it/s, Accuracy=86.96%]
Evaluating normal:  46%|████▌     | 46/100 [00:05<00:05,  9.25it/s, Accuracy=87.23%]
Evaluating normal:  47%|████▋     | 47/100 [00:05<00:05,  9.25it/s, Accuracy=87.23%]
Evaluating normal:  47%|████▋     | 47/100 [00:05<00:05,  9.25it/s, Accuracy=87.50%]
Evaluating normal:  48%|████▊     | 48/100 [00:05<00:05,  9.27it/s, Accuracy=87.50%]
Evaluating normal:  48%|████▊     | 48/100 [00:05<00:05,  9.27it/s, Accuracy=87.76%]
Evaluating normal:  49%|████▉     | 49/100 [00:05<00:05,  9.27it/s, Accuracy=87.76%]
Evaluating normal:  49%|████▉     | 49/100 [00:05<00:05,  9.27it/s, Accuracy=87.75%]
Evaluating normal:  50%|█████     | 50/100 [00:05<00:05,  9.28it/s, Accuracy=87.75%]
Evaluating normal:  50%|█████     | 50/100 [00:05<00:05,  9.28it/s, Accuracy=87.25%]
Evaluating normal:  51%|█████     | 51/100 [00:05<00:05,  9.28it/s, Accuracy=87.25%]
Evaluating normal:  51%|█████     | 51/100 [00:05<00:05,  9.28it/s, Accuracy=87.50%]
Evaluating normal:  52%|█████▏    | 52/100 [00:05<00:05,  9.27it/s, Accuracy=87.50%]
Evaluating normal:  52%|█████▏    | 52/100 [00:05<00:05,  9.27it/s, Accuracy=87.26%]
Evaluating normal:  53%|█████▎    | 53/100 [00:05<00:05,  9.27it/s, Accuracy=87.26%]
Evaluating normal:  53%|█████▎    | 53/100 [00:05<00:05,  9.27it/s, Accuracy=87.50%]
Evaluating normal:  54%|█████▍    | 54/100 [00:05<00:04,  9.27it/s, Accuracy=87.50%]
Evaluating normal:  54%|█████▍    | 54/100 [00:05<00:04,  9.27it/s, Accuracy=87.50%]
Evaluating normal:  55%|█████▌    | 55/100 [00:05<00:04,  9.26it/s, Accuracy=87.50%]
Evaluating normal:  55%|█████▌    | 55/100 [00:06<00:04,  9.26it/s, Accuracy=87.50%]
Evaluating normal:  56%|█████▌    | 56/100 [00:06<00:04,  9.26it/s, Accuracy=87.50%]
Evaluating normal:  56%|█████▌    | 56/100 [00:06<00:04,  9.26it/s, Accuracy=87.72%]
Evaluating normal:  57%|█████▋    | 57/100 [00:06<00:04,  9.27it/s, Accuracy=87.72%]
Evaluating normal:  57%|█████▋    | 57/100 [00:06<00:04,  9.27it/s, Accuracy=87.50%]
Evaluating normal:  58%|█████▊    | 58/100 [00:06<00:04,  9.27it/s, Accuracy=87.50%]
Evaluating normal:  58%|█████▊    | 58/100 [00:06<00:04,  9.27it/s, Accuracy=87.08%]
Evaluating normal:  59%|█████▉    | 59/100 [00:06<00:04,  9.25it/s, Accuracy=87.08%]
Evaluating normal:  59%|█████▉    | 59/100 [00:06<00:04,  9.25it/s, Accuracy=87.29%]
Evaluating normal:  60%|██████    | 60/100 [00:06<00:04,  9.26it/s, Accuracy=87.29%]
Evaluating normal:  60%|██████    | 60/100 [00:06<00:04,  9.26it/s, Accuracy=87.50%]
Evaluating normal:  61%|██████    | 61/100 [00:06<00:04,  9.27it/s, Accuracy=87.50%]
Evaluating normal:  61%|██████    | 61/100 [00:06<00:04,  9.27it/s, Accuracy=87.50%]
Evaluating normal:  62%|██████▏   | 62/100 [00:06<00:04,  9.27it/s, Accuracy=87.50%]
Evaluating normal:  62%|██████▏   | 62/100 [00:06<00:04,  9.27it/s, Accuracy=87.50%]
Evaluating normal:  63%|██████▎   | 63/100 [00:06<00:03,  9.27it/s, Accuracy=87.50%]
Evaluating normal:  63%|██████▎   | 63/100 [00:06<00:03,  9.27it/s, Accuracy=87.70%]
Evaluating normal:  64%|██████▍   | 64/100 [00:06<00:03,  9.25it/s, Accuracy=87.70%]
Evaluating normal:  64%|██████▍   | 64/100 [00:07<00:03,  9.25it/s, Accuracy=87.88%]
Evaluating normal:  65%|██████▌   | 65/100 [00:07<00:03,  9.25it/s, Accuracy=87.88%]
Evaluating normal:  65%|██████▌   | 65/100 [00:07<00:03,  9.25it/s, Accuracy=87.88%]
Evaluating normal:  66%|██████▌   | 66/100 [00:07<00:03,  9.25it/s, Accuracy=87.88%]
Evaluating normal:  66%|██████▌   | 66/100 [00:07<00:03,  9.25it/s, Accuracy=87.87%]
Evaluating normal:  67%|██████▋   | 67/100 [00:07<00:03,  9.25it/s, Accuracy=87.87%]
Evaluating normal:  67%|██████▋   | 67/100 [00:07<00:03,  9.25it/s, Accuracy=88.05%]
Evaluating normal:  68%|██████▊   | 68/100 [00:07<00:03,  9.26it/s, Accuracy=88.05%]
Evaluating normal:  68%|██████▊   | 68/100 [00:07<00:03,  9.26it/s, Accuracy=88.22%]
Evaluating normal:  69%|██████▉   | 69/100 [00:07<00:03,  9.26it/s, Accuracy=88.22%]
Evaluating normal:  69%|██████▉   | 69/100 [00:07<00:03,  9.26it/s, Accuracy=88.04%]
Evaluating normal:  70%|███████   | 70/100 [00:07<00:03,  9.27it/s, Accuracy=88.04%]
Evaluating normal:  70%|███████   | 70/100 [00:07<00:03,  9.27it/s, Accuracy=88.20%]
Evaluating normal:  71%|███████   | 71/100 [00:07<00:03,  9.27it/s, Accuracy=88.20%]
Evaluating normal:  71%|███████   | 71/100 [00:07<00:03,  9.27it/s, Accuracy=88.37%]
Evaluating normal:  72%|███████▏  | 72/100 [00:07<00:03,  9.28it/s, Accuracy=88.37%]
Evaluating normal:  72%|███████▏  | 72/100 [00:07<00:03,  9.28it/s, Accuracy=88.36%]
Evaluating normal:  73%|███████▎  | 73/100 [00:07<00:02,  9.28it/s, Accuracy=88.36%]
Evaluating normal:  73%|███████▎  | 73/100 [00:07<00:02,  9.28it/s, Accuracy=88.18%]
Evaluating normal:  74%|███████▍  | 74/100 [00:07<00:02,  9.29it/s, Accuracy=88.18%]
Evaluating normal:  74%|███████▍  | 74/100 [00:08<00:02,  9.29it/s, Accuracy=88.33%]
Evaluating normal:  75%|███████▌  | 75/100 [00:08<00:02,  9.28it/s, Accuracy=88.33%]
Evaluating normal:  75%|███████▌  | 75/100 [00:08<00:02,  9.28it/s, Accuracy=88.32%]
Evaluating normal:  76%|███████▌  | 76/100 [00:08<00:02,  9.27it/s, Accuracy=88.32%]
Evaluating normal:  76%|███████▌  | 76/100 [00:08<00:02,  9.27it/s, Accuracy=88.31%]
Evaluating normal:  77%|███████▋  | 77/100 [00:08<00:02,  9.28it/s, Accuracy=88.31%]
Evaluating normal:  77%|███████▋  | 77/100 [00:08<00:02,  9.28it/s, Accuracy=88.46%]
Evaluating normal:  78%|███████▊  | 78/100 [00:08<00:02,  9.28it/s, Accuracy=88.46%]
Evaluating normal:  78%|███████▊  | 78/100 [00:08<00:02,  9.28it/s, Accuracy=88.45%]
Evaluating normal:  79%|███████▉  | 79/100 [00:08<00:02,  9.27it/s, Accuracy=88.45%]
Evaluating normal:  79%|███████▉  | 79/100 [00:08<00:02,  9.27it/s, Accuracy=88.59%]
Evaluating normal:  80%|████████  | 80/100 [00:08<00:02,  9.26it/s, Accuracy=88.59%]
Evaluating normal:  80%|████████  | 80/100 [00:08<00:02,  9.26it/s, Accuracy=88.58%]
Evaluating normal:  81%|████████  | 81/100 [00:08<00:02,  9.26it/s, Accuracy=88.58%]
Evaluating normal:  81%|████████  | 81/100 [00:08<00:02,  9.26it/s, Accuracy=88.57%]
Evaluating normal:  82%|████████▏ | 82/100 [00:08<00:01,  9.27it/s, Accuracy=88.57%]
Evaluating normal:  82%|████████▏ | 82/100 [00:08<00:01,  9.27it/s, Accuracy=88.40%]
Evaluating normal:  83%|████████▎ | 83/100 [00:08<00:01,  9.27it/s, Accuracy=88.40%]
Evaluating normal:  83%|████████▎ | 83/100 [00:09<00:01,  9.27it/s, Accuracy=88.39%]
Evaluating normal:  84%|████████▍ | 84/100 [00:09<00:01,  9.26it/s, Accuracy=88.39%]
Evaluating normal:  84%|████████▍ | 84/100 [00:09<00:01,  9.26it/s, Accuracy=88.53%]
Evaluating normal:  85%|████████▌ | 85/100 [00:09<00:01,  9.25it/s, Accuracy=88.53%]
Evaluating normal:  85%|████████▌ | 85/100 [00:09<00:01,  9.25it/s, Accuracy=88.23%]
Evaluating normal:  86%|████████▌ | 86/100 [00:09<00:01,  9.27it/s, Accuracy=88.23%]
Evaluating normal:  86%|████████▌ | 86/100 [00:09<00:01,  9.27it/s, Accuracy=87.93%]
Evaluating normal:  87%|████████▋ | 87/100 [00:09<00:01,  9.27it/s, Accuracy=87.93%]
Evaluating normal:  87%|████████▋ | 87/100 [00:09<00:01,  9.27it/s, Accuracy=87.93%]
Evaluating normal:  88%|████████▊ | 88/100 [00:09<00:01,  9.26it/s, Accuracy=87.93%]
Evaluating normal:  88%|████████▊ | 88/100 [00:09<00:01,  9.26it/s, Accuracy=87.92%]
Evaluating normal:  89%|████████▉ | 89/100 [00:09<00:01,  9.27it/s, Accuracy=87.92%]
Evaluating normal:  89%|████████▉ | 89/100 [00:09<00:01,  9.27it/s, Accuracy=88.06%]
Evaluating normal:  90%|█████████ | 90/100 [00:09<00:01,  9.25it/s, Accuracy=88.06%]
Evaluating normal:  90%|█████████ | 90/100 [00:09<00:01,  9.25it/s, Accuracy=88.05%]
Evaluating normal:  91%|█████████ | 91/100 [00:09<00:00,  9.25it/s, Accuracy=88.05%]
Evaluating normal:  91%|█████████ | 91/100 [00:09<00:00,  9.25it/s, Accuracy=88.18%]
Evaluating normal:  92%|█████████▏| 92/100 [00:09<00:00,  9.26it/s, Accuracy=88.18%]
Evaluating normal:  92%|█████████▏| 92/100 [00:10<00:00,  9.26it/s, Accuracy=88.04%]
Evaluating normal:  93%|█████████▎| 93/100 [00:10<00:00,  9.26it/s, Accuracy=88.04%]
Evaluating normal:  93%|█████████▎| 93/100 [00:10<00:00,  9.26it/s, Accuracy=87.90%]
Evaluating normal:  94%|█████████▍| 94/100 [00:10<00:00,  9.26it/s, Accuracy=87.90%]
Evaluating normal:  94%|█████████▍| 94/100 [00:10<00:00,  9.26it/s, Accuracy=87.76%]
Evaluating normal:  95%|█████████▌| 95/100 [00:10<00:00,  9.26it/s, Accuracy=87.76%]
Evaluating normal:  95%|█████████▌| 95/100 [00:10<00:00,  9.26it/s, Accuracy=87.76%]
Evaluating normal:  96%|█████████▌| 96/100 [00:10<00:00,  9.26it/s, Accuracy=87.76%]
Evaluating normal:  96%|█████████▌| 96/100 [00:10<00:00,  9.26it/s, Accuracy=87.76%]
Evaluating normal:  97%|█████████▋| 97/100 [00:10<00:00,  9.26it/s, Accuracy=87.76%]
Evaluating normal:  97%|█████████▋| 97/100 [00:10<00:00,  9.26it/s, Accuracy=87.76%]
Evaluating normal:  98%|█████████▊| 98/100 [00:10<00:00,  9.25it/s, Accuracy=87.76%]
Evaluating normal:  98%|█████████▊| 98/100 [00:10<00:00,  9.25it/s, Accuracy=87.63%]
Evaluating normal:  99%|█████████▉| 99/100 [00:10<00:00,  9.26it/s, Accuracy=87.63%]
Evaluating normal:  99%|█████████▉| 99/100 [00:10<00:00,  9.26it/s, Accuracy=87.62%]
Evaluating normal: 100%|██████████| 100/100 [00:10<00:00,  9.25it/s, Accuracy=87.62%]
Evaluating normal: 100%|██████████| 100/100 [00:10<00:00,  9.27it/s, Accuracy=87.62%]
Test Accuracy (Normal): 0.8762

Evaluating adversarial:   0%|          | 0/100 [00:00<?, ?it/s]
Evaluating adversarial:   0%|          | 0/100 [00:00<?, ?it/s, Accuracy=0.00%]
Evaluating adversarial:   1%|          | 1/100 [00:00<00:34,  2.85it/s, Accuracy=0.00%]
Evaluating adversarial:   1%|          | 1/100 [00:00<00:34,  2.85it/s, Accuracy=0.00%]
Evaluating adversarial:   2%|▏         | 2/100 [00:00<00:34,  2.85it/s, Accuracy=0.00%]
Evaluating adversarial:   2%|▏         | 2/100 [00:01<00:34,  2.85it/s, Accuracy=0.00%]
Evaluating adversarial:   3%|▎         | 3/100 [00:01<00:34,  2.84it/s, Accuracy=0.00%]
Evaluating adversarial:   3%|▎         | 3/100 [00:01<00:34,  2.84it/s, Accuracy=0.00%]
Evaluating adversarial:   4%|▍         | 4/100 [00:01<00:33,  2.84it/s, Accuracy=0.00%]
Evaluating adversarial:   4%|▍         | 4/100 [00:01<00:33,  2.84it/s, Accuracy=0.00%]
Evaluating adversarial:   5%|▌         | 5/100 [00:01<00:33,  2.84it/s, Accuracy=0.00%]
Evaluating adversarial:   5%|▌         | 5/100 [00:02<00:33,  2.84it/s, Accuracy=0.00%]
Evaluating adversarial:   6%|▌         | 6/100 [00:02<00:33,  2.84it/s, Accuracy=0.00%]
Evaluating adversarial:   6%|▌         | 6/100 [00:02<00:33,  2.84it/s, Accuracy=0.00%]
Evaluating adversarial:   7%|▋         | 7/100 [00:02<00:32,  2.84it/s, Accuracy=0.00%]
Evaluating adversarial:   7%|▋         | 7/100 [00:02<00:32,  2.84it/s, Accuracy=0.00%]
Evaluating adversarial:   8%|▊         | 8/100 [00:02<00:32,  2.84it/s, Accuracy=0.00%]
Evaluating adversarial:   8%|▊         | 8/100 [00:03<00:32,  2.84it/s, Accuracy=0.00%]
Evaluating adversarial:   9%|▉         | 9/100 [00:03<00:32,  2.84it/s, Accuracy=0.00%]
Evaluating adversarial:   9%|▉         | 9/100 [00:03<00:32,  2.84it/s, Accuracy=0.00%]
Evaluating adversarial:  10%|█         | 10/100 [00:03<00:31,  2.84it/s, Accuracy=0.00%]
Evaluating adversarial:  10%|█         | 10/100 [00:03<00:31,  2.84it/s, Accuracy=0.00%]
Evaluating adversarial:  11%|█         | 11/100 [00:03<00:31,  2.84it/s, Accuracy=0.00%]
Evaluating adversarial:  11%|█         | 11/100 [00:04<00:31,  2.84it/s, Accuracy=0.00%]
Evaluating adversarial:  12%|█▏        | 12/100 [00:04<00:31,  2.84it/s, Accuracy=0.00%]
Evaluating adversarial:  12%|█▏        | 12/100 [00:04<00:31,  2.84it/s, Accuracy=0.00%]
Evaluating adversarial:  13%|█▎        | 13/100 [00:04<00:30,  2.84it/s, Accuracy=0.00%]
Evaluating adversarial:  13%|█▎        | 13/100 [00:04<00:30,  2.84it/s, Accuracy=0.00%]
Evaluating adversarial:  14%|█▍        | 14/100 [00:04<00:30,  2.83it/s, Accuracy=0.00%]
Evaluating adversarial:  14%|█▍        | 14/100 [00:05<00:30,  2.83it/s, Accuracy=0.00%]
Evaluating adversarial:  15%|█▌        | 15/100 [00:05<00:30,  2.83it/s, Accuracy=0.00%]
Evaluating adversarial:  15%|█▌        | 15/100 [00:05<00:30,  2.83it/s, Accuracy=0.00%]
Evaluating adversarial:  16%|█▌        | 16/100 [00:05<00:29,  2.83it/s, Accuracy=0.00%]
Evaluating adversarial:  16%|█▌        | 16/100 [00:05<00:29,  2.83it/s, Accuracy=0.00%]
Evaluating adversarial:  17%|█▋        | 17/100 [00:05<00:29,  2.83it/s, Accuracy=0.00%]
Evaluating adversarial:  17%|█▋        | 17/100 [00:06<00:29,  2.83it/s, Accuracy=0.00%]
Evaluating adversarial:  18%|█▊        | 18/100 [00:06<00:28,  2.83it/s, Accuracy=0.00%]
Evaluating adversarial:  18%|█▊        | 18/100 [00:06<00:28,  2.83it/s, Accuracy=0.00%]
Evaluating adversarial:  19%|█▉        | 19/100 [00:06<00:28,  2.83it/s, Accuracy=0.00%]
Evaluating adversarial:  19%|█▉        | 19/100 [00:07<00:28,  2.83it/s, Accuracy=0.00%]
Evaluating adversarial:  20%|██        | 20/100 [00:07<00:28,  2.83it/s, Accuracy=0.00%]
Evaluating adversarial:  20%|██        | 20/100 [00:07<00:28,  2.83it/s, Accuracy=0.00%]
Evaluating adversarial:  21%|██        | 21/100 [00:07<00:27,  2.83it/s, Accuracy=0.00%]
Evaluating adversarial:  21%|██        | 21/100 [00:07<00:27,  2.83it/s, Accuracy=0.00%]
Evaluating adversarial:  22%|██▏       | 22/100 [00:07<00:27,  2.83it/s, Accuracy=0.00%]
Evaluating adversarial:  22%|██▏       | 22/100 [00:08<00:27,  2.83it/s, Accuracy=0.00%]
Evaluating adversarial:  23%|██▎       | 23/100 [00:08<00:27,  2.83it/s, Accuracy=0.00%]
Evaluating adversarial:  23%|██▎       | 23/100 [00:08<00:27,  2.83it/s, Accuracy=0.00%]
Evaluating adversarial:  24%|██▍       | 24/100 [00:08<00:26,  2.83it/s, Accuracy=0.00%]
Evaluating adversarial:  24%|██▍       | 24/100 [00:08<00:26,  2.83it/s, Accuracy=0.00%]
Evaluating adversarial:  25%|██▌       | 25/100 [00:08<00:26,  2.83it/s, Accuracy=0.00%]
Evaluating adversarial:  25%|██▌       | 25/100 [00:09<00:26,  2.83it/s, Accuracy=0.00%]
Evaluating adversarial:  26%|██▌       | 26/100 [00:09<00:26,  2.83it/s, Accuracy=0.00%]
Evaluating adversarial:  26%|██▌       | 26/100 [00:09<00:26,  2.83it/s, Accuracy=0.00%]
Evaluating adversarial:  27%|██▋       | 27/100 [00:09<00:25,  2.83it/s, Accuracy=0.00%]
Evaluating adversarial:  27%|██▋       | 27/100 [00:09<00:25,  2.83it/s, Accuracy=0.00%]
Evaluating adversarial:  28%|██▊       | 28/100 [00:09<00:25,  2.83it/s, Accuracy=0.00%]
Evaluating adversarial:  28%|██▊       | 28/100 [00:10<00:25,  2.83it/s, Accuracy=0.00%]
Evaluating adversarial:  29%|██▉       | 29/100 [00:10<00:25,  2.83it/s, Accuracy=0.00%]
Evaluating adversarial:  29%|██▉       | 29/100 [00:10<00:25,  2.83it/s, Accuracy=0.00%]
Evaluating adversarial:  30%|███       | 30/100 [00:10<00:24,  2.83it/s, Accuracy=0.00%]
Evaluating adversarial:  30%|███       | 30/100 [00:10<00:24,  2.83it/s, Accuracy=0.00%]
Evaluating adversarial:  31%|███       | 31/100 [00:10<00:24,  2.83it/s, Accuracy=0.00%]
Evaluating adversarial:  31%|███       | 31/100 [00:11<00:24,  2.83it/s, Accuracy=0.00%]
Evaluating adversarial:  32%|███▏      | 32/100 [00:11<00:24,  2.83it/s, Accuracy=0.00%]
Evaluating adversarial:  32%|███▏      | 32/100 [00:11<00:24,  2.83it/s, Accuracy=0.00%]
Evaluating adversarial:  33%|███▎      | 33/100 [00:11<00:23,  2.83it/s, Accuracy=0.00%]
Evaluating adversarial:  33%|███▎      | 33/100 [00:11<00:23,  2.83it/s, Accuracy=0.00%]
Evaluating adversarial:  34%|███▍      | 34/100 [00:11<00:23,  2.83it/s, Accuracy=0.00%]
Evaluating adversarial:  34%|███▍      | 34/100 [00:12<00:23,  2.83it/s, Accuracy=0.00%]
Evaluating adversarial:  35%|███▌      | 35/100 [00:12<00:22,  2.83it/s, Accuracy=0.00%]
Evaluating adversarial:  35%|███▌      | 35/100 [00:12<00:22,  2.83it/s, Accuracy=0.00%]
Evaluating adversarial:  36%|███▌      | 36/100 [00:12<00:22,  2.83it/s, Accuracy=0.00%]
Evaluating adversarial:  36%|███▌      | 36/100 [00:13<00:22,  2.83it/s, Accuracy=0.00%]
Evaluating adversarial:  37%|███▋      | 37/100 [00:13<00:22,  2.83it/s, Accuracy=0.00%]
Evaluating adversarial:  37%|███▋      | 37/100 [00:13<00:22,  2.83it/s, Accuracy=0.00%]
Evaluating adversarial:  38%|███▊      | 38/100 [00:13<00:21,  2.83it/s, Accuracy=0.00%]
Evaluating adversarial:  38%|███▊      | 38/100 [00:13<00:21,  2.83it/s, Accuracy=0.00%]
Evaluating adversarial:  39%|███▉      | 39/100 [00:13<00:21,  2.83it/s, Accuracy=0.00%]
Evaluating adversarial:  39%|███▉      | 39/100 [00:14<00:21,  2.83it/s, Accuracy=0.00%]
Evaluating adversarial:  40%|████      | 40/100 [00:14<00:21,  2.83it/s, Accuracy=0.00%]
Evaluating adversarial:  40%|████      | 40/100 [00:14<00:21,  2.83it/s, Accuracy=0.00%]
Evaluating adversarial:  41%|████      | 41/100 [00:14<00:20,  2.83it/s, Accuracy=0.00%]
Evaluating adversarial:  41%|████      | 41/100 [00:14<00:20,  2.83it/s, Accuracy=0.00%]
Evaluating adversarial:  42%|████▏     | 42/100 [00:14<00:20,  2.83it/s, Accuracy=0.00%]
Evaluating adversarial:  42%|████▏     | 42/100 [00:15<00:20,  2.83it/s, Accuracy=0.00%]
Evaluating adversarial:  43%|████▎     | 43/100 [00:15<00:20,  2.83it/s, Accuracy=0.00%]
Evaluating adversarial:  43%|████▎     | 43/100 [00:15<00:20,  2.83it/s, Accuracy=0.00%]
Evaluating adversarial:  44%|████▍     | 44/100 [00:15<00:19,  2.83it/s, Accuracy=0.00%]
Evaluating adversarial:  44%|████▍     | 44/100 [00:15<00:19,  2.83it/s, Accuracy=0.00%]
Evaluating adversarial:  45%|████▌     | 45/100 [00:15<00:19,  2.83it/s, Accuracy=0.00%]
Evaluating adversarial:  45%|████▌     | 45/100 [00:16<00:19,  2.83it/s, Accuracy=0.00%]
Evaluating adversarial:  46%|████▌     | 46/100 [00:16<00:19,  2.83it/s, Accuracy=0.00%]
Evaluating adversarial:  46%|████▌     | 46/100 [00:16<00:19,  2.83it/s, Accuracy=0.00%]
Evaluating adversarial:  47%|████▋     | 47/100 [00:16<00:18,  2.83it/s, Accuracy=0.00%]
Evaluating adversarial:  47%|████▋     | 47/100 [00:16<00:18,  2.83it/s, Accuracy=0.00%]
Evaluating adversarial:  48%|████▊     | 48/100 [00:16<00:18,  2.83it/s, Accuracy=0.00%]
Evaluating adversarial:  48%|████▊     | 48/100 [00:17<00:18,  2.83it/s, Accuracy=0.00%]
Evaluating adversarial:  49%|████▉     | 49/100 [00:17<00:18,  2.83it/s, Accuracy=0.00%]
Evaluating adversarial:  49%|████▉     | 49/100 [00:17<00:18,  2.83it/s, Accuracy=0.00%]
Evaluating adversarial:  50%|█████     | 50/100 [00:17<00:17,  2.83it/s, Accuracy=0.00%]
Evaluating adversarial:  50%|█████     | 50/100 [00:18<00:17,  2.83it/s, Accuracy=0.00%]
Evaluating adversarial:  51%|█████     | 51/100 [00:18<00:17,  2.83it/s, Accuracy=0.00%]
Evaluating adversarial:  51%|█████     | 51/100 [00:18<00:17,  2.83it/s, Accuracy=0.00%]
Evaluating adversarial:  52%|█████▏    | 52/100 [00:18<00:16,  2.83it/s, Accuracy=0.00%]
Evaluating adversarial:  52%|█████▏    | 52/100 [00:18<00:16,  2.83it/s, Accuracy=0.00%]
Evaluating adversarial:  53%|█████▎    | 53/100 [00:18<00:16,  2.83it/s, Accuracy=0.00%]
Evaluating adversarial:  53%|█████▎    | 53/100 [00:19<00:16,  2.83it/s, Accuracy=0.00%]
Evaluating adversarial:  54%|█████▍    | 54/100 [00:19<00:16,  2.83it/s, Accuracy=0.00%]
Evaluating adversarial:  54%|█████▍    | 54/100 [00:19<00:16,  2.83it/s, Accuracy=0.00%]
Evaluating adversarial:  55%|█████▌    | 55/100 [00:19<00:15,  2.83it/s, Accuracy=0.00%]
Evaluating adversarial:  55%|█████▌    | 55/100 [00:19<00:15,  2.83it/s, Accuracy=0.00%]
Evaluating adversarial:  56%|█████▌    | 56/100 [00:19<00:15,  2.83it/s, Accuracy=0.00%]
Evaluating adversarial:  56%|█████▌    | 56/100 [00:20<00:15,  2.83it/s, Accuracy=0.00%]
Evaluating adversarial:  57%|█████▋    | 57/100 [00:20<00:15,  2.83it/s, Accuracy=0.00%]
Evaluating adversarial:  57%|█████▋    | 57/100 [00:20<00:15,  2.83it/s, Accuracy=0.00%]
Evaluating adversarial:  58%|█████▊    | 58/100 [00:20<00:14,  2.83it/s, Accuracy=0.00%]
Evaluating adversarial:  58%|█████▊    | 58/100 [00:20<00:14,  2.83it/s, Accuracy=0.00%]
Evaluating adversarial:  59%|█████▉    | 59/100 [00:20<00:14,  2.83it/s, Accuracy=0.00%]
Evaluating adversarial:  59%|█████▉    | 59/100 [00:21<00:14,  2.83it/s, Accuracy=0.00%]
Evaluating adversarial:  60%|██████    | 60/100 [00:21<00:14,  2.83it/s, Accuracy=0.00%]
Evaluating adversarial:  60%|██████    | 60/100 [00:21<00:14,  2.83it/s, Accuracy=0.00%]
Evaluating adversarial:  61%|██████    | 61/100 [00:21<00:13,  2.82it/s, Accuracy=0.00%]
Evaluating adversarial:  61%|██████    | 61/100 [00:21<00:13,  2.82it/s, Accuracy=0.00%]
Evaluating adversarial:  62%|██████▏   | 62/100 [00:21<00:13,  2.82it/s, Accuracy=0.00%]
Evaluating adversarial:  62%|██████▏   | 62/100 [00:22<00:13,  2.82it/s, Accuracy=0.00%]
Evaluating adversarial:  63%|██████▎   | 63/100 [00:22<00:13,  2.82it/s, Accuracy=0.00%]
Evaluating adversarial:  63%|██████▎   | 63/100 [00:22<00:13,  2.82it/s, Accuracy=0.00%]
Evaluating adversarial:  64%|██████▍   | 64/100 [00:22<00:12,  2.82it/s, Accuracy=0.00%]
Evaluating adversarial:  64%|██████▍   | 64/100 [00:22<00:12,  2.82it/s, Accuracy=0.00%]
Evaluating adversarial:  65%|██████▌   | 65/100 [00:22<00:12,  2.82it/s, Accuracy=0.00%]
Evaluating adversarial:  65%|██████▌   | 65/100 [00:23<00:12,  2.82it/s, Accuracy=0.00%]
Evaluating adversarial:  66%|██████▌   | 66/100 [00:23<00:12,  2.82it/s, Accuracy=0.00%]
Evaluating adversarial:  66%|██████▌   | 66/100 [00:23<00:12,  2.82it/s, Accuracy=0.00%]
Evaluating adversarial:  67%|██████▋   | 67/100 [00:23<00:11,  2.83it/s, Accuracy=0.00%]
Evaluating adversarial:  67%|██████▋   | 67/100 [00:24<00:11,  2.83it/s, Accuracy=0.00%]
Evaluating adversarial:  68%|██████▊   | 68/100 [00:24<00:11,  2.83it/s, Accuracy=0.00%]
Evaluating adversarial:  68%|██████▊   | 68/100 [00:24<00:11,  2.83it/s, Accuracy=0.00%]
Evaluating adversarial:  69%|██████▉   | 69/100 [00:24<00:10,  2.82it/s, Accuracy=0.00%]
Evaluating adversarial:  69%|██████▉   | 69/100 [00:24<00:10,  2.82it/s, Accuracy=0.00%]
Evaluating adversarial:  70%|███████   | 70/100 [00:24<00:10,  2.83it/s, Accuracy=0.00%]
Evaluating adversarial:  70%|███████   | 70/100 [00:25<00:10,  2.83it/s, Accuracy=0.00%]
Evaluating adversarial:  71%|███████   | 71/100 [00:25<00:10,  2.83it/s, Accuracy=0.00%]
Evaluating adversarial:  71%|███████   | 71/100 [00:25<00:10,  2.83it/s, Accuracy=0.00%]
Evaluating adversarial:  72%|███████▏  | 72/100 [00:25<00:09,  2.83it/s, Accuracy=0.00%]
Evaluating adversarial:  72%|███████▏  | 72/100 [00:25<00:09,  2.83it/s, Accuracy=0.00%]
Evaluating adversarial:  73%|███████▎  | 73/100 [00:25<00:09,  2.83it/s, Accuracy=0.00%]
Evaluating adversarial:  73%|███████▎  | 73/100 [00:26<00:09,  2.83it/s, Accuracy=0.00%]
Evaluating adversarial:  74%|███████▍  | 74/100 [00:26<00:09,  2.83it/s, Accuracy=0.00%]
Evaluating adversarial:  74%|███████▍  | 74/100 [00:26<00:09,  2.83it/s, Accuracy=0.00%]
Evaluating adversarial:  75%|███████▌  | 75/100 [00:26<00:08,  2.83it/s, Accuracy=0.00%]
Evaluating adversarial:  75%|███████▌  | 75/100 [00:26<00:08,  2.83it/s, Accuracy=0.00%]
Evaluating adversarial:  76%|███████▌  | 76/100 [00:26<00:08,  2.83it/s, Accuracy=0.00%]
Evaluating adversarial:  76%|███████▌  | 76/100 [00:27<00:08,  2.83it/s, Accuracy=0.00%]
Evaluating adversarial:  77%|███████▋  | 77/100 [00:27<00:08,  2.83it/s, Accuracy=0.00%]
Evaluating adversarial:  77%|███████▋  | 77/100 [00:27<00:08,  2.83it/s, Accuracy=0.00%]
Evaluating adversarial:  78%|███████▊  | 78/100 [00:27<00:07,  2.83it/s, Accuracy=0.00%]
Evaluating adversarial:  78%|███████▊  | 78/100 [00:27<00:07,  2.83it/s, Accuracy=0.00%]
Evaluating adversarial:  79%|███████▉  | 79/100 [00:27<00:07,  2.83it/s, Accuracy=0.00%]
Evaluating adversarial:  79%|███████▉  | 79/100 [00:28<00:07,  2.83it/s, Accuracy=0.00%]
Evaluating adversarial:  80%|████████  | 80/100 [00:28<00:07,  2.83it/s, Accuracy=0.00%]
Evaluating adversarial:  80%|████████  | 80/100 [00:28<00:07,  2.83it/s, Accuracy=0.00%]
Evaluating adversarial:  81%|████████  | 81/100 [00:28<00:06,  2.83it/s, Accuracy=0.00%]
Evaluating adversarial:  81%|████████  | 81/100 [00:28<00:06,  2.83it/s, Accuracy=0.00%]
Evaluating adversarial:  82%|████████▏ | 82/100 [00:28<00:06,  2.83it/s, Accuracy=0.00%]
Evaluating adversarial:  82%|████████▏ | 82/100 [00:29<00:06,  2.83it/s, Accuracy=0.00%]
Evaluating adversarial:  83%|████████▎ | 83/100 [00:29<00:06,  2.83it/s, Accuracy=0.00%]
Evaluating adversarial:  83%|████████▎ | 83/100 [00:29<00:06,  2.83it/s, Accuracy=0.00%]
Evaluating adversarial:  84%|████████▍ | 84/100 [00:29<00:05,  2.83it/s, Accuracy=0.00%]
Evaluating adversarial:  84%|████████▍ | 84/100 [00:30<00:05,  2.83it/s, Accuracy=0.00%]
Evaluating adversarial:  85%|████████▌ | 85/100 [00:30<00:05,  2.83it/s, Accuracy=0.00%]
Evaluating adversarial:  85%|████████▌ | 85/100 [00:30<00:05,  2.83it/s, Accuracy=0.00%]
Evaluating adversarial:  86%|████████▌ | 86/100 [00:30<00:04,  2.83it/s, Accuracy=0.00%]
Evaluating adversarial:  86%|████████▌ | 86/100 [00:30<00:04,  2.83it/s, Accuracy=0.00%]
Evaluating adversarial:  87%|████████▋ | 87/100 [00:30<00:04,  2.83it/s, Accuracy=0.00%]
Evaluating adversarial:  87%|████████▋ | 87/100 [00:31<00:04,  2.83it/s, Accuracy=0.00%]
Evaluating adversarial:  88%|████████▊ | 88/100 [00:31<00:04,  2.83it/s, Accuracy=0.00%]
Evaluating adversarial:  88%|████████▊ | 88/100 [00:31<00:04,  2.83it/s, Accuracy=0.00%]
Evaluating adversarial:  89%|████████▉ | 89/100 [00:31<00:03,  2.83it/s, Accuracy=0.00%]
Evaluating adversarial:  89%|████████▉ | 89/100 [00:31<00:03,  2.83it/s, Accuracy=0.00%]
Evaluating adversarial:  90%|█████████ | 90/100 [00:31<00:03,  2.83it/s, Accuracy=0.00%]
Evaluating adversarial:  90%|█████████ | 90/100 [00:32<00:03,  2.83it/s, Accuracy=0.00%]
Evaluating adversarial:  91%|█████████ | 91/100 [00:32<00:03,  2.82it/s, Accuracy=0.00%]
Evaluating adversarial:  91%|█████████ | 91/100 [00:32<00:03,  2.82it/s, Accuracy=0.00%]
Evaluating adversarial:  92%|█████████▏| 92/100 [00:32<00:02,  2.83it/s, Accuracy=0.00%]
Evaluating adversarial:  92%|█████████▏| 92/100 [00:32<00:02,  2.83it/s, Accuracy=0.00%]
Evaluating adversarial:  93%|█████████▎| 93/100 [00:32<00:02,  2.83it/s, Accuracy=0.00%]
Evaluating adversarial:  93%|█████████▎| 93/100 [00:33<00:02,  2.83it/s, Accuracy=0.00%]
Evaluating adversarial:  94%|█████████▍| 94/100 [00:33<00:02,  2.82it/s, Accuracy=0.00%]
Evaluating adversarial:  94%|█████████▍| 94/100 [00:33<00:02,  2.82it/s, Accuracy=0.00%]
Evaluating adversarial:  95%|█████████▌| 95/100 [00:33<00:01,  2.82it/s, Accuracy=0.00%]
Evaluating adversarial:  95%|█████████▌| 95/100 [00:33<00:01,  2.82it/s, Accuracy=0.00%]
Evaluating adversarial:  96%|█████████▌| 96/100 [00:33<00:01,  2.82it/s, Accuracy=0.00%]
Evaluating adversarial:  96%|█████████▌| 96/100 [00:34<00:01,  2.82it/s, Accuracy=0.00%]
Evaluating adversarial:  97%|█████████▋| 97/100 [00:34<00:01,  2.82it/s, Accuracy=0.00%]
Evaluating adversarial:  97%|█████████▋| 97/100 [00:34<00:01,  2.82it/s, Accuracy=0.00%]
Evaluating adversarial:  98%|█████████▊| 98/100 [00:34<00:00,  2.82it/s, Accuracy=0.00%]
Evaluating adversarial:  98%|█████████▊| 98/100 [00:34<00:00,  2.82it/s, Accuracy=0.00%]
Evaluating adversarial:  99%|█████████▉| 99/100 [00:34<00:00,  2.83it/s, Accuracy=0.00%]
Evaluating adversarial:  99%|█████████▉| 99/100 [00:35<00:00,  2.83it/s, Accuracy=0.00%]
Evaluating adversarial: 100%|██████████| 100/100 [00:35<00:00,  2.83it/s, Accuracy=0.00%]
Evaluating adversarial: 100%|██████████| 100/100 [00:35<00:00,  2.83it/s, Accuracy=0.00%]
Test Accuracy (Adversarial): 0.0000
Round 7 duration: 109.15 seconds

--- Round 8/20 ---
Selected 5 clients for training

Client 0 - Epoch 1/1:   0%|          | 0/18 [00:00<?, ?it/s]
Client 0 - Epoch 1/1:   0%|          | 0/18 [00:00<?, ?it/s, Loss=0.0245]
Client 0 - Epoch 1/1:   6%|▌         | 1/18 [00:00<00:04,  4.03it/s, Loss=0.0245]
Client 0 - Epoch 1/1:   6%|▌         | 1/18 [00:00<00:04,  4.03it/s, Loss=0.0133]
Client 0 - Epoch 1/1:  11%|█         | 2/18 [00:00<00:03,  4.04it/s, Loss=0.0133]
Client 0 - Epoch 1/1:  11%|█         | 2/18 [00:00<00:03,  4.04it/s, Loss=0.0140]
Client 0 - Epoch 1/1:  17%|█▋        | 3/18 [00:00<00:03,  4.05it/s, Loss=0.0140]
Client 0 - Epoch 1/1:  17%|█▋        | 3/18 [00:00<00:03,  4.05it/s, Loss=0.0011]
Client 0 - Epoch 1/1:  22%|██▏       | 4/18 [00:00<00:03,  4.05it/s, Loss=0.0011]
Client 0 - Epoch 1/1:  22%|██▏       | 4/18 [00:01<00:03,  4.05it/s, Loss=0.0050]
Client 0 - Epoch 1/1:  28%|██▊       | 5/18 [00:01<00:03,  4.06it/s, Loss=0.0050]
Client 0 - Epoch 1/1:  28%|██▊       | 5/18 [00:01<00:03,  4.06it/s, Loss=0.0103]
Client 0 - Epoch 1/1:  33%|███▎      | 6/18 [00:01<00:02,  4.05it/s, Loss=0.0103]
Client 0 - Epoch 1/1:  33%|███▎      | 6/18 [00:01<00:02,  4.05it/s, Loss=0.0043]
Client 0 - Epoch 1/1:  39%|███▉      | 7/18 [00:01<00:02,  4.05it/s, Loss=0.0043]
Client 0 - Epoch 1/1:  39%|███▉      | 7/18 [00:01<00:02,  4.05it/s, Loss=0.0005]
Client 0 - Epoch 1/1:  44%|████▍     | 8/18 [00:01<00:02,  4.06it/s, Loss=0.0005]
Client 0 - Epoch 1/1:  44%|████▍     | 8/18 [00:02<00:02,  4.06it/s, Loss=0.0005]
Client 0 - Epoch 1/1:  50%|█████     | 9/18 [00:02<00:02,  4.06it/s, Loss=0.0005]
Client 0 - Epoch 1/1:  50%|█████     | 9/18 [00:02<00:02,  4.06it/s, Loss=0.0025]
Client 0 - Epoch 1/1:  56%|█████▌    | 10/18 [00:02<00:01,  4.06it/s, Loss=0.0025]
Client 0 - Epoch 1/1:  56%|█████▌    | 10/18 [00:02<00:01,  4.06it/s, Loss=0.0020]
Client 0 - Epoch 1/1:  61%|██████    | 11/18 [00:02<00:01,  4.06it/s, Loss=0.0020]
Client 0 - Epoch 1/1:  61%|██████    | 11/18 [00:02<00:01,  4.06it/s, Loss=0.0032]
Client 0 - Epoch 1/1:  67%|██████▋   | 12/18 [00:02<00:01,  4.05it/s, Loss=0.0032]
Client 0 - Epoch 1/1:  67%|██████▋   | 12/18 [00:03<00:01,  4.05it/s, Loss=0.0012]
Client 0 - Epoch 1/1:  72%|███████▏  | 13/18 [00:03<00:01,  4.05it/s, Loss=0.0012]
Client 0 - Epoch 1/1:  72%|███████▏  | 13/18 [00:03<00:01,  4.05it/s, Loss=0.0025]
Client 0 - Epoch 1/1:  78%|███████▊  | 14/18 [00:03<00:00,  4.05it/s, Loss=0.0025]
Client 0 - Epoch 1/1:  78%|███████▊  | 14/18 [00:03<00:00,  4.05it/s, Loss=0.0014]
Client 0 - Epoch 1/1:  83%|████████▎ | 15/18 [00:03<00:00,  4.05it/s, Loss=0.0014]
Client 0 - Epoch 1/1:  83%|████████▎ | 15/18 [00:03<00:00,  4.05it/s, Loss=0.0058]
Client 0 - Epoch 1/1:  89%|████████▉ | 16/18 [00:03<00:00,  4.05it/s, Loss=0.0058]
Client 0 - Epoch 1/1:  89%|████████▉ | 16/18 [00:04<00:00,  4.05it/s, Loss=0.0010]
Client 0 - Epoch 1/1:  94%|█████████▍| 17/18 [00:04<00:00,  4.05it/s, Loss=0.0010]
Client 0 - Epoch 1/1:  94%|█████████▍| 17/18 [00:04<00:00,  4.05it/s, Loss=0.0000]
Client 0 - Epoch 1/1: 100%|██████████| 18/18 [00:04<00:00,  4.90it/s, Loss=0.0000]
Client 0 - Epoch 1/1: 100%|██████████| 18/18 [00:04<00:00,  4.19it/s, Loss=0.0000]
Client 0 - Epoch 1/1 | Avg Loss: 0.0052

Client 3 - Epoch 1/1:   0%|          | 0/9 [00:00<?, ?it/s]
Client 3 - Epoch 1/1:   0%|          | 0/9 [00:00<?, ?it/s, Loss=0.4082]
Client 3 - Epoch 1/1:  11%|█         | 1/9 [00:00<00:01,  4.03it/s, Loss=0.4082]
Client 3 - Epoch 1/1:  11%|█         | 1/9 [00:00<00:01,  4.03it/s, Loss=0.0090]
Client 3 - Epoch 1/1:  22%|██▏       | 2/9 [00:00<00:01,  4.04it/s, Loss=0.0090]
Client 3 - Epoch 1/1:  22%|██▏       | 2/9 [00:00<00:01,  4.04it/s, Loss=0.0359]
Client 3 - Epoch 1/1:  33%|███▎      | 3/9 [00:00<00:01,  4.04it/s, Loss=0.0359]
Client 3 - Epoch 1/1:  33%|███▎      | 3/9 [00:00<00:01,  4.04it/s, Loss=0.0104]
Client 3 - Epoch 1/1:  44%|████▍     | 4/9 [00:00<00:01,  4.04it/s, Loss=0.0104]
Client 3 - Epoch 1/1:  44%|████▍     | 4/9 [00:01<00:01,  4.04it/s, Loss=0.0566]
Client 3 - Epoch 1/1:  56%|█████▌    | 5/9 [00:01<00:00,  4.04it/s, Loss=0.0566]
Client 3 - Epoch 1/1:  56%|█████▌    | 5/9 [00:01<00:00,  4.04it/s, Loss=0.1768]
Client 3 - Epoch 1/1:  67%|██████▋   | 6/9 [00:01<00:00,  4.04it/s, Loss=0.1768]
Client 3 - Epoch 1/1:  67%|██████▋   | 6/9 [00:01<00:00,  4.04it/s, Loss=0.0381]
Client 3 - Epoch 1/1:  78%|███████▊  | 7/9 [00:01<00:00,  4.05it/s, Loss=0.0381]
Client 3 - Epoch 1/1:  78%|███████▊  | 7/9 [00:01<00:00,  4.05it/s, Loss=0.0216]
Client 3 - Epoch 1/1:  89%|████████▉ | 8/9 [00:01<00:00,  4.05it/s, Loss=0.0216]
Client 3 - Epoch 1/1:  89%|████████▉ | 8/9 [00:02<00:00,  4.05it/s, Loss=0.0042]
Client 3 - Epoch 1/1: 100%|██████████| 9/9 [00:02<00:00,  4.72it/s, Loss=0.0042]
Client 3 - Epoch 1/1: 100%|██████████| 9/9 [00:02<00:00,  4.26it/s, Loss=0.0042]
Client 3 - Epoch 1/1 | Avg Loss: 0.0845

Client 4 - Epoch 1/1:   0%|          | 0/31 [00:00<?, ?it/s]
Client 4 - Epoch 1/1:   0%|          | 0/31 [00:00<?, ?it/s, Loss=0.0107]
Client 4 - Epoch 1/1:   3%|▎         | 1/31 [00:00<00:07,  4.01it/s, Loss=0.0107]
Client 4 - Epoch 1/1:   3%|▎         | 1/31 [00:00<00:07,  4.01it/s, Loss=0.0061]
Client 4 - Epoch 1/1:   6%|▋         | 2/31 [00:00<00:07,  4.02it/s, Loss=0.0061]
Client 4 - Epoch 1/1:   6%|▋         | 2/31 [00:00<00:07,  4.02it/s, Loss=0.0018]
Client 4 - Epoch 1/1:  10%|▉         | 3/31 [00:00<00:06,  4.03it/s, Loss=0.0018]
Client 4 - Epoch 1/1:  10%|▉         | 3/31 [00:00<00:06,  4.03it/s, Loss=0.0029]
Client 4 - Epoch 1/1:  13%|█▎        | 4/31 [00:00<00:06,  4.04it/s, Loss=0.0029]
Client 4 - Epoch 1/1:  13%|█▎        | 4/31 [00:01<00:06,  4.04it/s, Loss=0.0251]
Client 4 - Epoch 1/1:  16%|█▌        | 5/31 [00:01<00:06,  4.05it/s, Loss=0.0251]
Client 4 - Epoch 1/1:  16%|█▌        | 5/31 [00:01<00:06,  4.05it/s, Loss=0.0425]
Client 4 - Epoch 1/1:  19%|█▉        | 6/31 [00:01<00:06,  4.06it/s, Loss=0.0425]
Client 4 - Epoch 1/1:  19%|█▉        | 6/31 [00:01<00:06,  4.06it/s, Loss=0.0036]
Client 4 - Epoch 1/1:  23%|██▎       | 7/31 [00:01<00:05,  4.05it/s, Loss=0.0036]
Client 4 - Epoch 1/1:  23%|██▎       | 7/31 [00:01<00:05,  4.05it/s, Loss=0.0004]
Client 4 - Epoch 1/1:  26%|██▌       | 8/31 [00:01<00:05,  4.04it/s, Loss=0.0004]
Client 4 - Epoch 1/1:  26%|██▌       | 8/31 [00:02<00:05,  4.04it/s, Loss=0.0072]
Client 4 - Epoch 1/1:  29%|██▉       | 9/31 [00:02<00:05,  4.04it/s, Loss=0.0072]
Client 4 - Epoch 1/1:  29%|██▉       | 9/31 [00:02<00:05,  4.04it/s, Loss=0.0486]
Client 4 - Epoch 1/1:  32%|███▏      | 10/31 [00:02<00:05,  4.04it/s, Loss=0.0486]
Client 4 - Epoch 1/1:  32%|███▏      | 10/31 [00:02<00:05,  4.04it/s, Loss=0.0486]
Client 4 - Epoch 1/1:  35%|███▌      | 11/31 [00:02<00:04,  4.03it/s, Loss=0.0486]
Client 4 - Epoch 1/1:  35%|███▌      | 11/31 [00:02<00:04,  4.03it/s, Loss=0.0027]
Client 4 - Epoch 1/1:  39%|███▊      | 12/31 [00:02<00:04,  4.03it/s, Loss=0.0027]
Client 4 - Epoch 1/1:  39%|███▊      | 12/31 [00:03<00:04,  4.03it/s, Loss=0.0061]
Client 4 - Epoch 1/1:  42%|████▏     | 13/31 [00:03<00:04,  4.03it/s, Loss=0.0061]
Client 4 - Epoch 1/1:  42%|████▏     | 13/31 [00:03<00:04,  4.03it/s, Loss=0.0050]
Client 4 - Epoch 1/1:  45%|████▌     | 14/31 [00:03<00:04,  4.04it/s, Loss=0.0050]
Client 4 - Epoch 1/1:  45%|████▌     | 14/31 [00:03<00:04,  4.04it/s, Loss=0.0014]
Client 4 - Epoch 1/1:  48%|████▊     | 15/31 [00:03<00:03,  4.05it/s, Loss=0.0014]
Client 4 - Epoch 1/1:  48%|████▊     | 15/31 [00:03<00:03,  4.05it/s, Loss=0.0044]
Client 4 - Epoch 1/1:  52%|█████▏    | 16/31 [00:03<00:03,  4.05it/s, Loss=0.0044]
Client 4 - Epoch 1/1:  52%|█████▏    | 16/31 [00:04<00:03,  4.05it/s, Loss=0.1177]
Client 4 - Epoch 1/1:  55%|█████▍    | 17/31 [00:04<00:03,  4.05it/s, Loss=0.1177]
Client 4 - Epoch 1/1:  55%|█████▍    | 17/31 [00:04<00:03,  4.05it/s, Loss=0.0498]
Client 4 - Epoch 1/1:  58%|█████▊    | 18/31 [00:04<00:03,  4.05it/s, Loss=0.0498]
Client 4 - Epoch 1/1:  58%|█████▊    | 18/31 [00:04<00:03,  4.05it/s, Loss=0.0278]
Client 4 - Epoch 1/1:  61%|██████▏   | 19/31 [00:04<00:02,  4.05it/s, Loss=0.0278]
Client 4 - Epoch 1/1:  61%|██████▏   | 19/31 [00:04<00:02,  4.05it/s, Loss=0.0182]
Client 4 - Epoch 1/1:  65%|██████▍   | 20/31 [00:04<00:02,  4.06it/s, Loss=0.0182]
Client 4 - Epoch 1/1:  65%|██████▍   | 20/31 [00:05<00:02,  4.06it/s, Loss=0.0074]
Client 4 - Epoch 1/1:  68%|██████▊   | 21/31 [00:05<00:02,  4.06it/s, Loss=0.0074]
Client 4 - Epoch 1/1:  68%|██████▊   | 21/31 [00:05<00:02,  4.06it/s, Loss=0.0109]
Client 4 - Epoch 1/1:  71%|███████   | 22/31 [00:05<00:02,  4.06it/s, Loss=0.0109]
Client 4 - Epoch 1/1:  71%|███████   | 22/31 [00:05<00:02,  4.06it/s, Loss=0.0026]
Client 4 - Epoch 1/1:  74%|███████▍  | 23/31 [00:05<00:01,  4.06it/s, Loss=0.0026]
Client 4 - Epoch 1/1:  74%|███████▍  | 23/31 [00:05<00:01,  4.06it/s, Loss=0.0845]
Client 4 - Epoch 1/1:  77%|███████▋  | 24/31 [00:05<00:01,  4.05it/s, Loss=0.0845]
Client 4 - Epoch 1/1:  77%|███████▋  | 24/31 [00:06<00:01,  4.05it/s, Loss=0.0015]
Client 4 - Epoch 1/1:  81%|████████  | 25/31 [00:06<00:01,  4.05it/s, Loss=0.0015]
Client 4 - Epoch 1/1:  81%|████████  | 25/31 [00:06<00:01,  4.05it/s, Loss=0.1621]
Client 4 - Epoch 1/1:  84%|████████▍ | 26/31 [00:06<00:01,  4.06it/s, Loss=0.1621]
Client 4 - Epoch 1/1:  84%|████████▍ | 26/31 [00:06<00:01,  4.06it/s, Loss=0.0085]
Client 4 - Epoch 1/1:  87%|████████▋ | 27/31 [00:06<00:00,  4.05it/s, Loss=0.0085]
Client 4 - Epoch 1/1:  87%|████████▋ | 27/31 [00:06<00:00,  4.05it/s, Loss=0.0544]
Client 4 - Epoch 1/1:  90%|█████████ | 28/31 [00:06<00:00,  4.05it/s, Loss=0.0544]
Client 4 - Epoch 1/1:  90%|█████████ | 28/31 [00:07<00:00,  4.05it/s, Loss=0.0077]
Client 4 - Epoch 1/1:  94%|█████████▎| 29/31 [00:07<00:00,  4.05it/s, Loss=0.0077]
Client 4 - Epoch 1/1:  94%|█████████▎| 29/31 [00:07<00:00,  4.05it/s, Loss=0.0227]
Client 4 - Epoch 1/1:  97%|█████████▋| 30/31 [00:07<00:00,  4.05it/s, Loss=0.0227]
Client 4 - Epoch 1/1:  97%|█████████▋| 30/31 [00:07<00:00,  4.05it/s, Loss=0.0038]
Client 4 - Epoch 1/1: 100%|██████████| 31/31 [00:07<00:00,  4.23it/s, Loss=0.0038]
Client 4 - Epoch 1/1: 100%|██████████| 31/31 [00:07<00:00,  4.06it/s, Loss=0.0038]
Client 4 - Epoch 1/1 | Avg Loss: 0.0257

Client 1 - Epoch 1/1:   0%|          | 0/84 [00:00<?, ?it/s]
Client 1 - Epoch 1/1:   0%|          | 0/84 [00:00<?, ?it/s, Loss=0.0097]
Client 1 - Epoch 1/1:   1%|          | 1/84 [00:00<00:20,  4.03it/s, Loss=0.0097]
Client 1 - Epoch 1/1:   1%|          | 1/84 [00:00<00:20,  4.03it/s, Loss=0.2754]
Client 1 - Epoch 1/1:   2%|▏         | 2/84 [00:00<00:20,  4.05it/s, Loss=0.2754]
Client 1 - Epoch 1/1:   2%|▏         | 2/84 [00:00<00:20,  4.05it/s, Loss=0.1592]
Client 1 - Epoch 1/1:   4%|▎         | 3/84 [00:00<00:19,  4.06it/s, Loss=0.1592]
Client 1 - Epoch 1/1:   4%|▎         | 3/84 [00:00<00:19,  4.06it/s, Loss=0.0864]
Client 1 - Epoch 1/1:   5%|▍         | 4/84 [00:00<00:19,  4.06it/s, Loss=0.0864]
Client 1 - Epoch 1/1:   5%|▍         | 4/84 [00:01<00:19,  4.06it/s, Loss=0.0288]
Client 1 - Epoch 1/1:   6%|▌         | 5/84 [00:01<00:19,  4.06it/s, Loss=0.0288]
Client 1 - Epoch 1/1:   6%|▌         | 5/84 [00:01<00:19,  4.06it/s, Loss=0.0175]
Client 1 - Epoch 1/1:   7%|▋         | 6/84 [00:01<00:19,  4.06it/s, Loss=0.0175]
Client 1 - Epoch 1/1:   7%|▋         | 6/84 [00:01<00:19,  4.06it/s, Loss=0.0041]
Client 1 - Epoch 1/1:   8%|▊         | 7/84 [00:01<00:18,  4.06it/s, Loss=0.0041]
Client 1 - Epoch 1/1:   8%|▊         | 7/84 [00:01<00:18,  4.06it/s, Loss=0.0067]
Client 1 - Epoch 1/1:  10%|▉         | 8/84 [00:01<00:18,  4.04it/s, Loss=0.0067]
Client 1 - Epoch 1/1:  10%|▉         | 8/84 [00:02<00:18,  4.04it/s, Loss=0.0287]
Client 1 - Epoch 1/1:  11%|█         | 9/84 [00:02<00:18,  4.04it/s, Loss=0.0287]
Client 1 - Epoch 1/1:  11%|█         | 9/84 [00:02<00:18,  4.04it/s, Loss=0.0884]
Client 1 - Epoch 1/1:  12%|█▏        | 10/84 [00:02<00:18,  4.04it/s, Loss=0.0884]
Client 1 - Epoch 1/1:  12%|█▏        | 10/84 [00:02<00:18,  4.04it/s, Loss=0.1445]
Client 1 - Epoch 1/1:  13%|█▎        | 11/84 [00:02<00:18,  4.05it/s, Loss=0.1445]
Client 1 - Epoch 1/1:  13%|█▎        | 11/84 [00:02<00:18,  4.05it/s, Loss=0.0042]
Client 1 - Epoch 1/1:  14%|█▍        | 12/84 [00:02<00:17,  4.05it/s, Loss=0.0042]
Client 1 - Epoch 1/1:  14%|█▍        | 12/84 [00:03<00:17,  4.05it/s, Loss=0.0045]
Client 1 - Epoch 1/1:  15%|█▌        | 13/84 [00:03<00:17,  4.04it/s, Loss=0.0045]
Client 1 - Epoch 1/1:  15%|█▌        | 13/84 [00:03<00:17,  4.04it/s, Loss=0.0046]
Client 1 - Epoch 1/1:  17%|█▋        | 14/84 [00:03<00:17,  4.04it/s, Loss=0.0046]
Client 1 - Epoch 1/1:  17%|█▋        | 14/84 [00:03<00:17,  4.04it/s, Loss=0.0022]
Client 1 - Epoch 1/1:  18%|█▊        | 15/84 [00:03<00:17,  4.04it/s, Loss=0.0022]
Client 1 - Epoch 1/1:  18%|█▊        | 15/84 [00:03<00:17,  4.04it/s, Loss=0.0576]
Client 1 - Epoch 1/1:  19%|█▉        | 16/84 [00:03<00:16,  4.05it/s, Loss=0.0576]
Client 1 - Epoch 1/1:  19%|█▉        | 16/84 [00:04<00:16,  4.05it/s, Loss=0.0186]
Client 1 - Epoch 1/1:  20%|██        | 17/84 [00:04<00:16,  4.05it/s, Loss=0.0186]
Client 1 - Epoch 1/1:  20%|██        | 17/84 [00:04<00:16,  4.05it/s, Loss=0.0070]
Client 1 - Epoch 1/1:  21%|██▏       | 18/84 [00:04<00:16,  4.05it/s, Loss=0.0070]
Client 1 - Epoch 1/1:  21%|██▏       | 18/84 [00:04<00:16,  4.05it/s, Loss=0.0092]
Client 1 - Epoch 1/1:  23%|██▎       | 19/84 [00:04<00:16,  4.05it/s, Loss=0.0092]
Client 1 - Epoch 1/1:  23%|██▎       | 19/84 [00:04<00:16,  4.05it/s, Loss=0.0008]
Client 1 - Epoch 1/1:  24%|██▍       | 20/84 [00:04<00:15,  4.05it/s, Loss=0.0008]
Client 1 - Epoch 1/1:  24%|██▍       | 20/84 [00:05<00:15,  4.05it/s, Loss=0.0031]
Client 1 - Epoch 1/1:  25%|██▌       | 21/84 [00:05<00:15,  4.05it/s, Loss=0.0031]
Client 1 - Epoch 1/1:  25%|██▌       | 21/84 [00:05<00:15,  4.05it/s, Loss=0.0140]
Client 1 - Epoch 1/1:  26%|██▌       | 22/84 [00:05<00:15,  4.03it/s, Loss=0.0140]
Client 1 - Epoch 1/1:  26%|██▌       | 22/84 [00:05<00:15,  4.03it/s, Loss=0.0046]
Client 1 - Epoch 1/1:  27%|██▋       | 23/84 [00:05<00:15,  4.04it/s, Loss=0.0046]
Client 1 - Epoch 1/1:  27%|██▋       | 23/84 [00:05<00:15,  4.04it/s, Loss=0.0049]
Client 1 - Epoch 1/1:  29%|██▊       | 24/84 [00:05<00:14,  4.04it/s, Loss=0.0049]
Client 1 - Epoch 1/1:  29%|██▊       | 24/84 [00:06<00:14,  4.04it/s, Loss=0.0063]
Client 1 - Epoch 1/1:  30%|██▉       | 25/84 [00:06<00:14,  4.04it/s, Loss=0.0063]
Client 1 - Epoch 1/1:  30%|██▉       | 25/84 [00:06<00:14,  4.04it/s, Loss=0.0017]
Client 1 - Epoch 1/1:  31%|███       | 26/84 [00:06<00:14,  4.05it/s, Loss=0.0017]
Client 1 - Epoch 1/1:  31%|███       | 26/84 [00:06<00:14,  4.05it/s, Loss=0.0167]
Client 1 - Epoch 1/1:  32%|███▏      | 27/84 [00:06<00:14,  4.05it/s, Loss=0.0167]
Client 1 - Epoch 1/1:  32%|███▏      | 27/84 [00:06<00:14,  4.05it/s, Loss=0.0466]
Client 1 - Epoch 1/1:  33%|███▎      | 28/84 [00:06<00:13,  4.05it/s, Loss=0.0466]
Client 1 - Epoch 1/1:  33%|███▎      | 28/84 [00:07<00:13,  4.05it/s, Loss=0.0591]
Client 1 - Epoch 1/1:  35%|███▍      | 29/84 [00:07<00:13,  4.06it/s, Loss=0.0591]
Client 1 - Epoch 1/1:  35%|███▍      | 29/84 [00:07<00:13,  4.06it/s, Loss=0.0074]
Client 1 - Epoch 1/1:  36%|███▌      | 30/84 [00:07<00:13,  4.05it/s, Loss=0.0074]
Client 1 - Epoch 1/1:  36%|███▌      | 30/84 [00:07<00:13,  4.05it/s, Loss=0.0211]
Client 1 - Epoch 1/1:  37%|███▋      | 31/84 [00:07<00:13,  4.06it/s, Loss=0.0211]
Client 1 - Epoch 1/1:  37%|███▋      | 31/84 [00:07<00:13,  4.06it/s, Loss=0.0242]
Client 1 - Epoch 1/1:  38%|███▊      | 32/84 [00:07<00:12,  4.06it/s, Loss=0.0242]
Client 1 - Epoch 1/1:  38%|███▊      | 32/84 [00:08<00:12,  4.06it/s, Loss=0.0019]
Client 1 - Epoch 1/1:  39%|███▉      | 33/84 [00:08<00:12,  4.06it/s, Loss=0.0019]
Client 1 - Epoch 1/1:  39%|███▉      | 33/84 [00:08<00:12,  4.06it/s, Loss=0.0063]
Client 1 - Epoch 1/1:  40%|████      | 34/84 [00:08<00:12,  4.06it/s, Loss=0.0063]
Client 1 - Epoch 1/1:  40%|████      | 34/84 [00:08<00:12,  4.06it/s, Loss=0.0757]
Client 1 - Epoch 1/1:  42%|████▏     | 35/84 [00:08<00:12,  4.06it/s, Loss=0.0757]
Client 1 - Epoch 1/1:  42%|████▏     | 35/84 [00:08<00:12,  4.06it/s, Loss=0.0036]
Client 1 - Epoch 1/1:  43%|████▎     | 36/84 [00:08<00:11,  4.06it/s, Loss=0.0036]
Client 1 - Epoch 1/1:  43%|████▎     | 36/84 [00:09<00:11,  4.06it/s, Loss=0.0154]
Client 1 - Epoch 1/1:  44%|████▍     | 37/84 [00:09<00:11,  4.06it/s, Loss=0.0154]
Client 1 - Epoch 1/1:  44%|████▍     | 37/84 [00:09<00:11,  4.06it/s, Loss=0.0008]
Client 1 - Epoch 1/1:  45%|████▌     | 38/84 [00:09<00:11,  4.05it/s, Loss=0.0008]
Client 1 - Epoch 1/1:  45%|████▌     | 38/84 [00:09<00:11,  4.05it/s, Loss=0.0143]
Client 1 - Epoch 1/1:  46%|████▋     | 39/84 [00:09<00:11,  4.06it/s, Loss=0.0143]
Client 1 - Epoch 1/1:  46%|████▋     | 39/84 [00:09<00:11,  4.06it/s, Loss=0.0013]
Client 1 - Epoch 1/1:  48%|████▊     | 40/84 [00:09<00:10,  4.06it/s, Loss=0.0013]
Client 1 - Epoch 1/1:  48%|████▊     | 40/84 [00:10<00:10,  4.06it/s, Loss=0.0099]
Client 1 - Epoch 1/1:  49%|████▉     | 41/84 [00:10<00:10,  4.06it/s, Loss=0.0099]
Client 1 - Epoch 1/1:  49%|████▉     | 41/84 [00:10<00:10,  4.06it/s, Loss=0.1416]
Client 1 - Epoch 1/1:  50%|█████     | 42/84 [00:10<00:10,  4.06it/s, Loss=0.1416]
Client 1 - Epoch 1/1:  50%|█████     | 42/84 [00:10<00:10,  4.06it/s, Loss=0.0027]
Client 1 - Epoch 1/1:  51%|█████     | 43/84 [00:10<00:10,  4.06it/s, Loss=0.0027]
Client 1 - Epoch 1/1:  51%|█████     | 43/84 [00:10<00:10,  4.06it/s, Loss=0.0703]
Client 1 - Epoch 1/1:  52%|█████▏    | 44/84 [00:10<00:09,  4.06it/s, Loss=0.0703]
Client 1 - Epoch 1/1:  52%|█████▏    | 44/84 [00:11<00:09,  4.06it/s, Loss=0.0074]
Client 1 - Epoch 1/1:  54%|█████▎    | 45/84 [00:11<00:09,  4.06it/s, Loss=0.0074]
Client 1 - Epoch 1/1:  54%|█████▎    | 45/84 [00:11<00:09,  4.06it/s, Loss=0.0009]
Client 1 - Epoch 1/1:  55%|█████▍    | 46/84 [00:11<00:09,  4.06it/s, Loss=0.0009]
Client 1 - Epoch 1/1:  55%|█████▍    | 46/84 [00:11<00:09,  4.06it/s, Loss=0.0184]
Client 1 - Epoch 1/1:  56%|█████▌    | 47/84 [00:11<00:09,  4.06it/s, Loss=0.0184]
Client 1 - Epoch 1/1:  56%|█████▌    | 47/84 [00:11<00:09,  4.06it/s, Loss=0.1147]
Client 1 - Epoch 1/1:  57%|█████▋    | 48/84 [00:11<00:08,  4.06it/s, Loss=0.1147]
Client 1 - Epoch 1/1:  57%|█████▋    | 48/84 [00:12<00:08,  4.06it/s, Loss=0.0051]
Client 1 - Epoch 1/1:  58%|█████▊    | 49/84 [00:12<00:08,  4.06it/s, Loss=0.0051]
Client 1 - Epoch 1/1:  58%|█████▊    | 49/84 [00:12<00:08,  4.06it/s, Loss=0.0011]
Client 1 - Epoch 1/1:  60%|█████▉    | 50/84 [00:12<00:08,  4.06it/s, Loss=0.0011]
Client 1 - Epoch 1/1:  60%|█████▉    | 50/84 [00:12<00:08,  4.06it/s, Loss=0.0177]
Client 1 - Epoch 1/1:  61%|██████    | 51/84 [00:12<00:08,  4.06it/s, Loss=0.0177]
Client 1 - Epoch 1/1:  61%|██████    | 51/84 [00:12<00:08,  4.06it/s, Loss=0.0233]
Client 1 - Epoch 1/1:  62%|██████▏   | 52/84 [00:12<00:07,  4.05it/s, Loss=0.0233]
Client 1 - Epoch 1/1:  62%|██████▏   | 52/84 [00:13<00:07,  4.05it/s, Loss=0.0027]
Client 1 - Epoch 1/1:  63%|██████▎   | 53/84 [00:13<00:07,  4.05it/s, Loss=0.0027]
Client 1 - Epoch 1/1:  63%|██████▎   | 53/84 [00:13<00:07,  4.05it/s, Loss=0.0036]
Client 1 - Epoch 1/1:  64%|██████▍   | 54/84 [00:13<00:07,  4.05it/s, Loss=0.0036]
Client 1 - Epoch 1/1:  64%|██████▍   | 54/84 [00:13<00:07,  4.05it/s, Loss=0.0093]
Client 1 - Epoch 1/1:  65%|██████▌   | 55/84 [00:13<00:07,  4.05it/s, Loss=0.0093]
Client 1 - Epoch 1/1:  65%|██████▌   | 55/84 [00:13<00:07,  4.05it/s, Loss=0.0072]
Client 1 - Epoch 1/1:  67%|██████▋   | 56/84 [00:13<00:06,  4.05it/s, Loss=0.0072]
Client 1 - Epoch 1/1:  67%|██████▋   | 56/84 [00:14<00:06,  4.05it/s, Loss=0.0134]
Client 1 - Epoch 1/1:  68%|██████▊   | 57/84 [00:14<00:06,  4.05it/s, Loss=0.0134]
Client 1 - Epoch 1/1:  68%|██████▊   | 57/84 [00:14<00:06,  4.05it/s, Loss=0.0356]
Client 1 - Epoch 1/1:  69%|██████▉   | 58/84 [00:14<00:06,  4.05it/s, Loss=0.0356]
Client 1 - Epoch 1/1:  69%|██████▉   | 58/84 [00:14<00:06,  4.05it/s, Loss=0.0086]
Client 1 - Epoch 1/1:  70%|███████   | 59/84 [00:14<00:06,  4.05it/s, Loss=0.0086]
Client 1 - Epoch 1/1:  70%|███████   | 59/84 [00:14<00:06,  4.05it/s, Loss=0.0161]
Client 1 - Epoch 1/1:  71%|███████▏  | 60/84 [00:14<00:05,  4.05it/s, Loss=0.0161]
Client 1 - Epoch 1/1:  71%|███████▏  | 60/84 [00:15<00:05,  4.05it/s, Loss=0.0471]
Client 1 - Epoch 1/1:  73%|███████▎  | 61/84 [00:15<00:05,  4.05it/s, Loss=0.0471]
Client 1 - Epoch 1/1:  73%|███████▎  | 61/84 [00:15<00:05,  4.05it/s, Loss=0.0051]
Client 1 - Epoch 1/1:  74%|███████▍  | 62/84 [00:15<00:05,  4.06it/s, Loss=0.0051]
Client 1 - Epoch 1/1:  74%|███████▍  | 62/84 [00:15<00:05,  4.06it/s, Loss=0.0029]
Client 1 - Epoch 1/1:  75%|███████▌  | 63/84 [00:15<00:05,  4.06it/s, Loss=0.0029]
Client 1 - Epoch 1/1:  75%|███████▌  | 63/84 [00:15<00:05,  4.06it/s, Loss=0.0010]
Client 1 - Epoch 1/1:  76%|███████▌  | 64/84 [00:15<00:04,  4.06it/s, Loss=0.0010]
Client 1 - Epoch 1/1:  76%|███████▌  | 64/84 [00:16<00:04,  4.06it/s, Loss=0.0042]
Client 1 - Epoch 1/1:  77%|███████▋  | 65/84 [00:16<00:04,  4.06it/s, Loss=0.0042]
Client 1 - Epoch 1/1:  77%|███████▋  | 65/84 [00:16<00:04,  4.06it/s, Loss=0.0327]
Client 1 - Epoch 1/1:  79%|███████▊  | 66/84 [00:16<00:04,  4.05it/s, Loss=0.0327]
Client 1 - Epoch 1/1:  79%|███████▊  | 66/84 [00:16<00:04,  4.05it/s, Loss=0.0182]
Client 1 - Epoch 1/1:  80%|███████▉  | 67/84 [00:16<00:04,  4.05it/s, Loss=0.0182]
Client 1 - Epoch 1/1:  80%|███████▉  | 67/84 [00:16<00:04,  4.05it/s, Loss=0.0081]
Client 1 - Epoch 1/1:  81%|████████  | 68/84 [00:16<00:03,  4.05it/s, Loss=0.0081]
Client 1 - Epoch 1/1:  81%|████████  | 68/84 [00:17<00:03,  4.05it/s, Loss=0.0067]
Client 1 - Epoch 1/1:  82%|████████▏ | 69/84 [00:17<00:03,  4.06it/s, Loss=0.0067]
Client 1 - Epoch 1/1:  82%|████████▏ | 69/84 [00:17<00:03,  4.06it/s, Loss=0.0204]
Client 1 - Epoch 1/1:  83%|████████▎ | 70/84 [00:17<00:03,  4.05it/s, Loss=0.0204]
Client 1 - Epoch 1/1:  83%|████████▎ | 70/84 [00:17<00:03,  4.05it/s, Loss=0.0267]
Client 1 - Epoch 1/1:  85%|████████▍ | 71/84 [00:17<00:03,  4.05it/s, Loss=0.0267]
Client 1 - Epoch 1/1:  85%|████████▍ | 71/84 [00:17<00:03,  4.05it/s, Loss=0.0118]
Client 1 - Epoch 1/1:  86%|████████▌ | 72/84 [00:17<00:02,  4.05it/s, Loss=0.0118]
Client 1 - Epoch 1/1:  86%|████████▌ | 72/84 [00:18<00:02,  4.05it/s, Loss=0.0036]
Client 1 - Epoch 1/1:  87%|████████▋ | 73/84 [00:18<00:02,  4.05it/s, Loss=0.0036]
Client 1 - Epoch 1/1:  87%|████████▋ | 73/84 [00:18<00:02,  4.05it/s, Loss=0.0146]
Client 1 - Epoch 1/1:  88%|████████▊ | 74/84 [00:18<00:02,  4.05it/s, Loss=0.0146]
Client 1 - Epoch 1/1:  88%|████████▊ | 74/84 [00:18<00:02,  4.05it/s, Loss=0.0073]
Client 1 - Epoch 1/1:  89%|████████▉ | 75/84 [00:18<00:02,  4.05it/s, Loss=0.0073]
Client 1 - Epoch 1/1:  89%|████████▉ | 75/84 [00:18<00:02,  4.05it/s, Loss=0.0025]
Client 1 - Epoch 1/1:  90%|█████████ | 76/84 [00:18<00:01,  4.05it/s, Loss=0.0025]
Client 1 - Epoch 1/1:  90%|█████████ | 76/84 [00:19<00:01,  4.05it/s, Loss=0.0027]
Client 1 - Epoch 1/1:  92%|█████████▏| 77/84 [00:19<00:01,  4.05it/s, Loss=0.0027]
Client 1 - Epoch 1/1:  92%|█████████▏| 77/84 [00:19<00:01,  4.05it/s, Loss=0.0022]
Client 1 - Epoch 1/1:  93%|█████████▎| 78/84 [00:19<00:01,  4.05it/s, Loss=0.0022]
Client 1 - Epoch 1/1:  93%|█████████▎| 78/84 [00:19<00:01,  4.05it/s, Loss=0.0052]
Client 1 - Epoch 1/1:  94%|█████████▍| 79/84 [00:19<00:01,  4.05it/s, Loss=0.0052]
Client 1 - Epoch 1/1:  94%|█████████▍| 79/84 [00:19<00:01,  4.05it/s, Loss=0.0354]
Client 1 - Epoch 1/1:  95%|█████████▌| 80/84 [00:19<00:00,  4.05it/s, Loss=0.0354]
Client 1 - Epoch 1/1:  95%|█████████▌| 80/84 [00:19<00:00,  4.05it/s, Loss=0.0564]
Client 1 - Epoch 1/1:  96%|█████████▋| 81/84 [00:19<00:00,  4.05it/s, Loss=0.0564]
Client 1 - Epoch 1/1:  96%|█████████▋| 81/84 [00:20<00:00,  4.05it/s, Loss=0.0039]
Client 1 - Epoch 1/1:  98%|█████████▊| 82/84 [00:20<00:00,  4.05it/s, Loss=0.0039]
Client 1 - Epoch 1/1:  98%|█████████▊| 82/84 [00:20<00:00,  4.05it/s, Loss=0.0071]
Client 1 - Epoch 1/1:  99%|█████████▉| 83/84 [00:20<00:00,  4.05it/s, Loss=0.0071]
Client 1 - Epoch 1/1:  99%|█████████▉| 83/84 [00:20<00:00,  4.05it/s, Loss=0.0198]
Client 1 - Epoch 1/1: 100%|██████████| 84/84 [00:20<00:00,  4.23it/s, Loss=0.0198]
Client 1 - Epoch 1/1: 100%|██████████| 84/84 [00:20<00:00,  4.06it/s, Loss=0.0198]
Client 1 - Epoch 1/1 | Avg Loss: 0.0255

Client 2 - Epoch 1/1:   0%|          | 0/10 [00:00<?, ?it/s]
Client 2 - Epoch 1/1:   0%|          | 0/10 [00:00<?, ?it/s, Loss=0.0105]
Client 2 - Epoch 1/1:  10%|█         | 1/10 [00:00<00:02,  4.02it/s, Loss=0.0105]
Client 2 - Epoch 1/1:  10%|█         | 1/10 [00:00<00:02,  4.02it/s, Loss=0.0146]
Client 2 - Epoch 1/1:  20%|██        | 2/10 [00:00<00:01,  4.04it/s, Loss=0.0146]
Client 2 - Epoch 1/1:  20%|██        | 2/10 [00:00<00:01,  4.04it/s, Loss=0.0017]
Client 2 - Epoch 1/1:  30%|███       | 3/10 [00:00<00:01,  4.05it/s, Loss=0.0017]
Client 2 - Epoch 1/1:  30%|███       | 3/10 [00:00<00:01,  4.05it/s, Loss=0.0062]
Client 2 - Epoch 1/1:  40%|████      | 4/10 [00:00<00:01,  4.06it/s, Loss=0.0062]
Client 2 - Epoch 1/1:  40%|████      | 4/10 [00:01<00:01,  4.06it/s, Loss=0.4434]
Client 2 - Epoch 1/1:  50%|█████     | 5/10 [00:01<00:01,  4.06it/s, Loss=0.4434]
Client 2 - Epoch 1/1:  50%|█████     | 5/10 [00:01<00:01,  4.06it/s, Loss=0.1377]
Client 2 - Epoch 1/1:  60%|██████    | 6/10 [00:01<00:00,  4.06it/s, Loss=0.1377]
Client 2 - Epoch 1/1:  60%|██████    | 6/10 [00:01<00:00,  4.06it/s, Loss=0.0226]
Client 2 - Epoch 1/1:  70%|███████   | 7/10 [00:01<00:00,  4.06it/s, Loss=0.0226]
Client 2 - Epoch 1/1:  70%|███████   | 7/10 [00:01<00:00,  4.06it/s, Loss=0.0016]
Client 2 - Epoch 1/1:  80%|████████  | 8/10 [00:01<00:00,  4.06it/s, Loss=0.0016]
Client 2 - Epoch 1/1:  80%|████████  | 8/10 [00:02<00:00,  4.06it/s, Loss=0.0089]
Client 2 - Epoch 1/1:  90%|█████████ | 9/10 [00:02<00:00,  4.07it/s, Loss=0.0089]
Client 2 - Epoch 1/1:  90%|█████████ | 9/10 [00:02<00:00,  4.07it/s, Loss=0.0017]
Client 2 - Epoch 1/1: 100%|██████████| 10/10 [00:02<00:00,  4.95it/s, Loss=0.0017]
Client 2 - Epoch 1/1: 100%|██████████| 10/10 [00:02<00:00,  4.31it/s, Loss=0.0017]
Client 2 - Epoch 1/1 | Avg Loss: 0.0649

Evaluating normal:   0%|          | 0/100 [00:00<?, ?it/s]
Evaluating normal:   0%|          | 0/100 [00:00<?, ?it/s, Accuracy=75.00%]
Evaluating normal:   1%|          | 1/100 [00:00<00:10,  9.30it/s, Accuracy=75.00%]
Evaluating normal:   1%|          | 1/100 [00:00<00:10,  9.30it/s, Accuracy=87.50%]
Evaluating normal:   2%|▏         | 2/100 [00:00<00:10,  9.26it/s, Accuracy=87.50%]
Evaluating normal:   2%|▏         | 2/100 [00:00<00:10,  9.26it/s, Accuracy=91.67%]
Evaluating normal:   3%|▎         | 3/100 [00:00<00:10,  9.28it/s, Accuracy=91.67%]
Evaluating normal:   3%|▎         | 3/100 [00:00<00:10,  9.28it/s, Accuracy=93.75%]
Evaluating normal:   4%|▍         | 4/100 [00:00<00:10,  9.27it/s, Accuracy=93.75%]
Evaluating normal:   4%|▍         | 4/100 [00:00<00:10,  9.27it/s, Accuracy=92.50%]
Evaluating normal:   5%|▌         | 5/100 [00:00<00:10,  8.99it/s, Accuracy=92.50%]
Evaluating normal:   5%|▌         | 5/100 [00:00<00:10,  8.99it/s, Accuracy=93.75%]
Evaluating normal:   6%|▌         | 6/100 [00:00<00:10,  9.08it/s, Accuracy=93.75%]
Evaluating normal:   6%|▌         | 6/100 [00:00<00:10,  9.08it/s, Accuracy=91.07%]
Evaluating normal:   7%|▋         | 7/100 [00:00<00:10,  9.15it/s, Accuracy=91.07%]
Evaluating normal:   7%|▋         | 7/100 [00:00<00:10,  9.15it/s, Accuracy=89.06%]
Evaluating normal:   8%|▊         | 8/100 [00:00<00:10,  9.18it/s, Accuracy=89.06%]
Evaluating normal:   8%|▊         | 8/100 [00:00<00:10,  9.18it/s, Accuracy=88.89%]
Evaluating normal:   9%|▉         | 9/100 [00:00<00:10,  9.03it/s, Accuracy=88.89%]
Evaluating normal:   9%|▉         | 9/100 [00:01<00:10,  9.03it/s, Accuracy=88.75%]
Evaluating normal:  10%|█         | 10/100 [00:01<00:09,  9.10it/s, Accuracy=88.75%]
Evaluating normal:  10%|█         | 10/100 [00:01<00:09,  9.10it/s, Accuracy=87.50%]
Evaluating normal:  11%|█         | 11/100 [00:01<00:09,  9.12it/s, Accuracy=87.50%]
Evaluating normal:  11%|█         | 11/100 [00:01<00:09,  9.12it/s, Accuracy=86.46%]
Evaluating normal:  12%|█▏        | 12/100 [00:01<00:09,  9.12it/s, Accuracy=86.46%]
Evaluating normal:  12%|█▏        | 12/100 [00:01<00:09,  9.12it/s, Accuracy=85.58%]
Evaluating normal:  13%|█▎        | 13/100 [00:01<00:09,  9.14it/s, Accuracy=85.58%]
Evaluating normal:  13%|█▎        | 13/100 [00:01<00:09,  9.14it/s, Accuracy=84.82%]
Evaluating normal:  14%|█▍        | 14/100 [00:01<00:09,  9.14it/s, Accuracy=84.82%]
Evaluating normal:  14%|█▍        | 14/100 [00:01<00:09,  9.14it/s, Accuracy=83.33%]
Evaluating normal:  15%|█▌        | 15/100 [00:01<00:09,  9.15it/s, Accuracy=83.33%]
Evaluating normal:  15%|█▌        | 15/100 [00:01<00:09,  9.15it/s, Accuracy=83.59%]
Evaluating normal:  16%|█▌        | 16/100 [00:01<00:09,  9.18it/s, Accuracy=83.59%]
Evaluating normal:  16%|█▌        | 16/100 [00:01<00:09,  9.18it/s, Accuracy=83.82%]
Evaluating normal:  17%|█▋        | 17/100 [00:01<00:09,  9.18it/s, Accuracy=83.82%]
Evaluating normal:  17%|█▋        | 17/100 [00:01<00:09,  9.18it/s, Accuracy=84.03%]
Evaluating normal:  18%|█▊        | 18/100 [00:01<00:08,  9.18it/s, Accuracy=84.03%]
Evaluating normal:  18%|█▊        | 18/100 [00:02<00:08,  9.18it/s, Accuracy=83.55%]
Evaluating normal:  19%|█▉        | 19/100 [00:02<00:08,  9.20it/s, Accuracy=83.55%]
Evaluating normal:  19%|█▉        | 19/100 [00:02<00:08,  9.20it/s, Accuracy=84.38%]
Evaluating normal:  20%|██        | 20/100 [00:02<00:08,  9.21it/s, Accuracy=84.38%]
Evaluating normal:  20%|██        | 20/100 [00:02<00:08,  9.21it/s, Accuracy=83.93%]
Evaluating normal:  21%|██        | 21/100 [00:02<00:08,  9.23it/s, Accuracy=83.93%]
Evaluating normal:  21%|██        | 21/100 [00:02<00:08,  9.23it/s, Accuracy=83.52%]
Evaluating normal:  22%|██▏       | 22/100 [00:02<00:08,  9.24it/s, Accuracy=83.52%]
Evaluating normal:  22%|██▏       | 22/100 [00:02<00:08,  9.24it/s, Accuracy=84.24%]
Evaluating normal:  23%|██▎       | 23/100 [00:02<00:08,  9.24it/s, Accuracy=84.24%]
Evaluating normal:  23%|██▎       | 23/100 [00:02<00:08,  9.24it/s, Accuracy=84.90%]
Evaluating normal:  24%|██▍       | 24/100 [00:02<00:08,  9.25it/s, Accuracy=84.90%]
Evaluating normal:  24%|██▍       | 24/100 [00:02<00:08,  9.25it/s, Accuracy=84.50%]
Evaluating normal:  25%|██▌       | 25/100 [00:02<00:08,  9.25it/s, Accuracy=84.50%]
Evaluating normal:  25%|██▌       | 25/100 [00:02<00:08,  9.25it/s, Accuracy=85.10%]
Evaluating normal:  26%|██▌       | 26/100 [00:02<00:08,  9.24it/s, Accuracy=85.10%]
Evaluating normal:  26%|██▌       | 26/100 [00:02<00:08,  9.24it/s, Accuracy=84.72%]
Evaluating normal:  27%|██▋       | 27/100 [00:02<00:07,  9.23it/s, Accuracy=84.72%]
Evaluating normal:  27%|██▋       | 27/100 [00:03<00:07,  9.23it/s, Accuracy=84.82%]
Evaluating normal:  28%|██▊       | 28/100 [00:03<00:07,  9.25it/s, Accuracy=84.82%]
Evaluating normal:  28%|██▊       | 28/100 [00:03<00:07,  9.25it/s, Accuracy=84.91%]
Evaluating normal:  29%|██▉       | 29/100 [00:03<00:07,  9.26it/s, Accuracy=84.91%]
Evaluating normal:  29%|██▉       | 29/100 [00:03<00:07,  9.26it/s, Accuracy=84.58%]
Evaluating normal:  30%|███       | 30/100 [00:03<00:07,  9.26it/s, Accuracy=84.58%]
Evaluating normal:  30%|███       | 30/100 [00:03<00:07,  9.26it/s, Accuracy=84.68%]
Evaluating normal:  31%|███       | 31/100 [00:03<00:07,  9.25it/s, Accuracy=84.68%]
Evaluating normal:  31%|███       | 31/100 [00:03<00:07,  9.25it/s, Accuracy=84.38%]
Evaluating normal:  32%|███▏      | 32/100 [00:03<00:07,  9.25it/s, Accuracy=84.38%]
Evaluating normal:  32%|███▏      | 32/100 [00:03<00:07,  9.25it/s, Accuracy=84.09%]
Evaluating normal:  33%|███▎      | 33/100 [00:03<00:07,  9.25it/s, Accuracy=84.09%]
Evaluating normal:  33%|███▎      | 33/100 [00:03<00:07,  9.25it/s, Accuracy=84.19%]
Evaluating normal:  34%|███▍      | 34/100 [00:03<00:07,  9.25it/s, Accuracy=84.19%]
Evaluating normal:  34%|███▍      | 34/100 [00:03<00:07,  9.25it/s, Accuracy=84.29%]
Evaluating normal:  35%|███▌      | 35/100 [00:03<00:07,  9.24it/s, Accuracy=84.29%]
Evaluating normal:  35%|███▌      | 35/100 [00:03<00:07,  9.24it/s, Accuracy=83.68%]
Evaluating normal:  36%|███▌      | 36/100 [00:03<00:06,  9.25it/s, Accuracy=83.68%]
Evaluating normal:  36%|███▌      | 36/100 [00:04<00:06,  9.25it/s, Accuracy=84.12%]
Evaluating normal:  37%|███▋      | 37/100 [00:04<00:06,  9.25it/s, Accuracy=84.12%]
Evaluating normal:  37%|███▋      | 37/100 [00:04<00:06,  9.25it/s, Accuracy=84.54%]
Evaluating normal:  38%|███▊      | 38/100 [00:04<00:06,  9.23it/s, Accuracy=84.54%]
Evaluating normal:  38%|███▊      | 38/100 [00:04<00:06,  9.23it/s, Accuracy=83.97%]
Evaluating normal:  39%|███▉      | 39/100 [00:04<00:06,  9.24it/s, Accuracy=83.97%]
Evaluating normal:  39%|███▉      | 39/100 [00:04<00:06,  9.24it/s, Accuracy=84.38%]
Evaluating normal:  40%|████      | 40/100 [00:04<00:06,  9.23it/s, Accuracy=84.38%]
Evaluating normal:  40%|████      | 40/100 [00:04<00:06,  9.23it/s, Accuracy=84.45%]
Evaluating normal:  41%|████      | 41/100 [00:04<00:06,  9.23it/s, Accuracy=84.45%]
Evaluating normal:  41%|████      | 41/100 [00:04<00:06,  9.23it/s, Accuracy=84.52%]
Evaluating normal:  42%|████▏     | 42/100 [00:04<00:06,  9.23it/s, Accuracy=84.52%]
Evaluating normal:  42%|████▏     | 42/100 [00:04<00:06,  9.23it/s, Accuracy=84.59%]
Evaluating normal:  43%|████▎     | 43/100 [00:04<00:06,  9.23it/s, Accuracy=84.59%]
Evaluating normal:  43%|████▎     | 43/100 [00:04<00:06,  9.23it/s, Accuracy=84.09%]
Evaluating normal:  44%|████▍     | 44/100 [00:04<00:06,  9.22it/s, Accuracy=84.09%]
Evaluating normal:  44%|████▍     | 44/100 [00:04<00:06,  9.22it/s, Accuracy=84.17%]
Evaluating normal:  45%|████▌     | 45/100 [00:04<00:05,  9.23it/s, Accuracy=84.17%]
Evaluating normal:  45%|████▌     | 45/100 [00:04<00:05,  9.23it/s, Accuracy=84.51%]
Evaluating normal:  46%|████▌     | 46/100 [00:04<00:05,  9.23it/s, Accuracy=84.51%]
Evaluating normal:  46%|████▌     | 46/100 [00:05<00:05,  9.23it/s, Accuracy=84.84%]
Evaluating normal:  47%|████▋     | 47/100 [00:05<00:05,  9.23it/s, Accuracy=84.84%]
Evaluating normal:  47%|████▋     | 47/100 [00:05<00:05,  9.23it/s, Accuracy=85.16%]
Evaluating normal:  48%|████▊     | 48/100 [00:05<00:05,  9.25it/s, Accuracy=85.16%]
Evaluating normal:  48%|████▊     | 48/100 [00:05<00:05,  9.25it/s, Accuracy=85.20%]
Evaluating normal:  49%|████▉     | 49/100 [00:05<00:05,  9.24it/s, Accuracy=85.20%]
Evaluating normal:  49%|████▉     | 49/100 [00:05<00:05,  9.24it/s, Accuracy=85.25%]
Evaluating normal:  50%|█████     | 50/100 [00:05<00:05,  9.20it/s, Accuracy=85.25%]
Evaluating normal:  50%|█████     | 50/100 [00:05<00:05,  9.20it/s, Accuracy=84.80%]
Evaluating normal:  51%|█████     | 51/100 [00:05<00:05,  9.22it/s, Accuracy=84.80%]
Evaluating normal:  51%|█████     | 51/100 [00:05<00:05,  9.22it/s, Accuracy=84.62%]
Evaluating normal:  52%|█████▏    | 52/100 [00:05<00:05,  9.22it/s, Accuracy=84.62%]
Evaluating normal:  52%|█████▏    | 52/100 [00:05<00:05,  9.22it/s, Accuracy=84.20%]
Evaluating normal:  53%|█████▎    | 53/100 [00:05<00:05,  9.23it/s, Accuracy=84.20%]
Evaluating normal:  53%|█████▎    | 53/100 [00:05<00:05,  9.23it/s, Accuracy=84.49%]
Evaluating normal:  54%|█████▍    | 54/100 [00:05<00:04,  9.23it/s, Accuracy=84.49%]
Evaluating normal:  54%|█████▍    | 54/100 [00:05<00:04,  9.23it/s, Accuracy=84.55%]
Evaluating normal:  55%|█████▌    | 55/100 [00:05<00:04,  9.24it/s, Accuracy=84.55%]
Evaluating normal:  55%|█████▌    | 55/100 [00:06<00:04,  9.24it/s, Accuracy=84.60%]
Evaluating normal:  56%|█████▌    | 56/100 [00:06<00:04,  9.24it/s, Accuracy=84.60%]
Evaluating normal:  56%|█████▌    | 56/100 [00:06<00:04,  9.24it/s, Accuracy=84.87%]
Evaluating normal:  57%|█████▋    | 57/100 [00:06<00:04,  9.26it/s, Accuracy=84.87%]
Evaluating normal:  57%|█████▋    | 57/100 [00:06<00:04,  9.26it/s, Accuracy=84.70%]
Evaluating normal:  58%|█████▊    | 58/100 [00:06<00:04,  9.25it/s, Accuracy=84.70%]
Evaluating normal:  58%|█████▊    | 58/100 [00:06<00:04,  9.25it/s, Accuracy=84.32%]
Evaluating normal:  59%|█████▉    | 59/100 [00:06<00:04,  9.22it/s, Accuracy=84.32%]
Evaluating normal:  59%|█████▉    | 59/100 [00:06<00:04,  9.22it/s, Accuracy=84.58%]
Evaluating normal:  60%|██████    | 60/100 [00:06<00:04,  9.23it/s, Accuracy=84.58%]
Evaluating normal:  60%|██████    | 60/100 [00:06<00:04,  9.23it/s, Accuracy=84.84%]
Evaluating normal:  61%|██████    | 61/100 [00:06<00:04,  9.23it/s, Accuracy=84.84%]
Evaluating normal:  61%|██████    | 61/100 [00:06<00:04,  9.23it/s, Accuracy=84.88%]
Evaluating normal:  62%|██████▏   | 62/100 [00:06<00:04,  9.23it/s, Accuracy=84.88%]
Evaluating normal:  62%|██████▏   | 62/100 [00:06<00:04,  9.23it/s, Accuracy=84.92%]
Evaluating normal:  63%|██████▎   | 63/100 [00:06<00:04,  9.24it/s, Accuracy=84.92%]
Evaluating normal:  63%|██████▎   | 63/100 [00:06<00:04,  9.24it/s, Accuracy=85.16%]
Evaluating normal:  64%|██████▍   | 64/100 [00:06<00:03,  9.23it/s, Accuracy=85.16%]
Evaluating normal:  64%|██████▍   | 64/100 [00:07<00:03,  9.23it/s, Accuracy=85.38%]
Evaluating normal:  65%|██████▌   | 65/100 [00:07<00:03,  9.24it/s, Accuracy=85.38%]
Evaluating normal:  65%|██████▌   | 65/100 [00:07<00:03,  9.24it/s, Accuracy=85.42%]
Evaluating normal:  66%|██████▌   | 66/100 [00:07<00:03,  9.24it/s, Accuracy=85.42%]
Evaluating normal:  66%|██████▌   | 66/100 [00:07<00:03,  9.24it/s, Accuracy=85.26%]
Evaluating normal:  67%|██████▋   | 67/100 [00:07<00:03,  9.23it/s, Accuracy=85.26%]
Evaluating normal:  67%|██████▋   | 67/100 [00:07<00:03,  9.23it/s, Accuracy=85.48%]
Evaluating normal:  68%|██████▊   | 68/100 [00:07<00:03,  9.24it/s, Accuracy=85.48%]
Evaluating normal:  68%|██████▊   | 68/100 [00:07<00:03,  9.24it/s, Accuracy=85.69%]
Evaluating normal:  69%|██████▉   | 69/100 [00:07<00:03,  9.22it/s, Accuracy=85.69%]
Evaluating normal:  69%|██████▉   | 69/100 [00:07<00:03,  9.22it/s, Accuracy=85.54%]
Evaluating normal:  70%|███████   | 70/100 [00:07<00:03,  9.22it/s, Accuracy=85.54%]
Evaluating normal:  70%|███████   | 70/100 [00:07<00:03,  9.22it/s, Accuracy=85.74%]
Evaluating normal:  71%|███████   | 71/100 [00:07<00:03,  9.22it/s, Accuracy=85.74%]
Evaluating normal:  71%|███████   | 71/100 [00:07<00:03,  9.22it/s, Accuracy=85.94%]
Evaluating normal:  72%|███████▏  | 72/100 [00:07<00:03,  9.24it/s, Accuracy=85.94%]
Evaluating normal:  72%|███████▏  | 72/100 [00:07<00:03,  9.24it/s, Accuracy=85.96%]
Evaluating normal:  73%|███████▎  | 73/100 [00:07<00:02,  9.24it/s, Accuracy=85.96%]
Evaluating normal:  73%|███████▎  | 73/100 [00:08<00:02,  9.24it/s, Accuracy=85.64%]
Evaluating normal:  74%|███████▍  | 74/100 [00:08<00:02,  9.25it/s, Accuracy=85.64%]
Evaluating normal:  74%|███████▍  | 74/100 [00:08<00:02,  9.25it/s, Accuracy=85.83%]
Evaluating normal:  75%|███████▌  | 75/100 [00:08<00:02,  9.26it/s, Accuracy=85.83%]
Evaluating normal:  75%|███████▌  | 75/100 [00:08<00:02,  9.26it/s, Accuracy=86.02%]
Evaluating normal:  76%|███████▌  | 76/100 [00:08<00:02,  9.26it/s, Accuracy=86.02%]
Evaluating normal:  76%|███████▌  | 76/100 [00:08<00:02,  9.26it/s, Accuracy=86.04%]
Evaluating normal:  77%|███████▋  | 77/100 [00:08<00:02,  9.27it/s, Accuracy=86.04%]
Evaluating normal:  77%|███████▋  | 77/100 [00:08<00:02,  9.27it/s, Accuracy=85.90%]
Evaluating normal:  78%|███████▊  | 78/100 [00:08<00:02,  9.25it/s, Accuracy=85.90%]
Evaluating normal:  78%|███████▊  | 78/100 [00:08<00:02,  9.25it/s, Accuracy=85.92%]
Evaluating normal:  79%|███████▉  | 79/100 [00:08<00:02,  9.24it/s, Accuracy=85.92%]
Evaluating normal:  79%|███████▉  | 79/100 [00:08<00:02,  9.24it/s, Accuracy=86.09%]
Evaluating normal:  80%|████████  | 80/100 [00:08<00:02,  9.25it/s, Accuracy=86.09%]
Evaluating normal:  80%|████████  | 80/100 [00:08<00:02,  9.25it/s, Accuracy=86.11%]
Evaluating normal:  81%|████████  | 81/100 [00:08<00:02,  9.25it/s, Accuracy=86.11%]
Evaluating normal:  81%|████████  | 81/100 [00:08<00:02,  9.25it/s, Accuracy=86.13%]
Evaluating normal:  82%|████████▏ | 82/100 [00:08<00:01,  9.26it/s, Accuracy=86.13%]
Evaluating normal:  82%|████████▏ | 82/100 [00:09<00:01,  9.26it/s, Accuracy=85.99%]
Evaluating normal:  83%|████████▎ | 83/100 [00:09<00:01,  9.24it/s, Accuracy=85.99%]
Evaluating normal:  83%|████████▎ | 83/100 [00:09<00:01,  9.24it/s, Accuracy=86.01%]
Evaluating normal:  84%|████████▍ | 84/100 [00:09<00:01,  9.24it/s, Accuracy=86.01%]
Evaluating normal:  84%|████████▍ | 84/100 [00:09<00:01,  9.24it/s, Accuracy=86.03%]
Evaluating normal:  85%|████████▌ | 85/100 [00:09<00:01,  9.25it/s, Accuracy=86.03%]
Evaluating normal:  85%|████████▌ | 85/100 [00:09<00:01,  9.25it/s, Accuracy=85.61%]
Evaluating normal:  86%|████████▌ | 86/100 [00:09<00:01,  9.26it/s, Accuracy=85.61%]
Evaluating normal:  86%|████████▌ | 86/100 [00:09<00:01,  9.26it/s, Accuracy=85.20%]
Evaluating normal:  87%|████████▋ | 87/100 [00:09<00:01,  9.26it/s, Accuracy=85.20%]
Evaluating normal:  87%|████████▋ | 87/100 [00:09<00:01,  9.26it/s, Accuracy=85.23%]
Evaluating normal:  88%|████████▊ | 88/100 [00:09<00:01,  9.25it/s, Accuracy=85.23%]
Evaluating normal:  88%|████████▊ | 88/100 [00:09<00:01,  9.25it/s, Accuracy=85.25%]
Evaluating normal:  89%|████████▉ | 89/100 [00:09<00:01,  9.25it/s, Accuracy=85.25%]
Evaluating normal:  89%|████████▉ | 89/100 [00:09<00:01,  9.25it/s, Accuracy=85.28%]
Evaluating normal:  90%|█████████ | 90/100 [00:09<00:01,  9.25it/s, Accuracy=85.28%]
Evaluating normal:  90%|█████████ | 90/100 [00:09<00:01,  9.25it/s, Accuracy=85.16%]
Evaluating normal:  91%|█████████ | 91/100 [00:09<00:00,  9.25it/s, Accuracy=85.16%]
Evaluating normal:  91%|█████████ | 91/100 [00:09<00:00,  9.25it/s, Accuracy=85.33%]
Evaluating normal:  92%|█████████▏| 92/100 [00:09<00:00,  9.25it/s, Accuracy=85.33%]
Evaluating normal:  92%|█████████▏| 92/100 [00:10<00:00,  9.25it/s, Accuracy=85.08%]
Evaluating normal:  93%|█████████▎| 93/100 [00:10<00:00,  9.26it/s, Accuracy=85.08%]
Evaluating normal:  93%|█████████▎| 93/100 [00:10<00:00,  9.26it/s, Accuracy=84.97%]
Evaluating normal:  94%|█████████▍| 94/100 [00:10<00:00,  9.24it/s, Accuracy=84.97%]
Evaluating normal:  94%|█████████▍| 94/100 [00:10<00:00,  9.24it/s, Accuracy=84.74%]
Evaluating normal:  95%|█████████▌| 95/100 [00:10<00:00,  9.24it/s, Accuracy=84.74%]
Evaluating normal:  95%|█████████▌| 95/100 [00:10<00:00,  9.24it/s, Accuracy=84.77%]
Evaluating normal:  96%|█████████▌| 96/100 [00:10<00:00,  9.24it/s, Accuracy=84.77%]
Evaluating normal:  96%|█████████▌| 96/100 [00:10<00:00,  9.24it/s, Accuracy=84.66%]
Evaluating normal:  97%|█████████▋| 97/100 [00:10<00:00,  9.23it/s, Accuracy=84.66%]
Evaluating normal:  97%|█████████▋| 97/100 [00:10<00:00,  9.23it/s, Accuracy=84.69%]
Evaluating normal:  98%|█████████▊| 98/100 [00:10<00:00,  9.23it/s, Accuracy=84.69%]
Evaluating normal:  98%|█████████▊| 98/100 [00:10<00:00,  9.23it/s, Accuracy=84.60%]
Evaluating normal:  99%|█████████▉| 99/100 [00:10<00:00,  9.24it/s, Accuracy=84.60%]
Evaluating normal:  99%|█████████▉| 99/100 [00:10<00:00,  9.24it/s, Accuracy=84.62%]
Evaluating normal: 100%|██████████| 100/100 [00:10<00:00,  9.24it/s, Accuracy=84.62%]
Evaluating normal: 100%|██████████| 100/100 [00:10<00:00,  9.22it/s, Accuracy=84.62%]
Test Accuracy (Normal): 0.8462

Evaluating adversarial:   0%|          | 0/100 [00:00<?, ?it/s]
Evaluating adversarial:   0%|          | 0/100 [00:00<?, ?it/s, Accuracy=0.00%]
Evaluating adversarial:   1%|          | 1/100 [00:00<00:34,  2.85it/s, Accuracy=0.00%]
Evaluating adversarial:   1%|          | 1/100 [00:00<00:34,  2.85it/s, Accuracy=0.00%]
Evaluating adversarial:   2%|▏         | 2/100 [00:00<00:34,  2.84it/s, Accuracy=0.00%]
Evaluating adversarial:   2%|▏         | 2/100 [00:01<00:34,  2.84it/s, Accuracy=0.00%]
Evaluating adversarial:   3%|▎         | 3/100 [00:01<00:34,  2.84it/s, Accuracy=0.00%]
Evaluating adversarial:   3%|▎         | 3/100 [00:01<00:34,  2.84it/s, Accuracy=0.00%]
Evaluating adversarial:   4%|▍         | 4/100 [00:01<00:33,  2.84it/s, Accuracy=0.00%]
Evaluating adversarial:   4%|▍         | 4/100 [00:01<00:33,  2.84it/s, Accuracy=0.00%]
Evaluating adversarial:   5%|▌         | 5/100 [00:01<00:33,  2.84it/s, Accuracy=0.00%]
Evaluating adversarial:   5%|▌         | 5/100 [00:02<00:33,  2.84it/s, Accuracy=0.00%]
Evaluating adversarial:   6%|▌         | 6/100 [00:02<00:33,  2.84it/s, Accuracy=0.00%]
Evaluating adversarial:   6%|▌         | 6/100 [00:02<00:33,  2.84it/s, Accuracy=0.00%]
Evaluating adversarial:   7%|▋         | 7/100 [00:02<00:32,  2.84it/s, Accuracy=0.00%]
Evaluating adversarial:   7%|▋         | 7/100 [00:02<00:32,  2.84it/s, Accuracy=0.00%]
Evaluating adversarial:   8%|▊         | 8/100 [00:02<00:32,  2.84it/s, Accuracy=0.00%]
Evaluating adversarial:   8%|▊         | 8/100 [00:03<00:32,  2.84it/s, Accuracy=0.00%]
Evaluating adversarial:   9%|▉         | 9/100 [00:03<00:32,  2.83it/s, Accuracy=0.00%]
Evaluating adversarial:   9%|▉         | 9/100 [00:03<00:32,  2.83it/s, Accuracy=0.00%]
Evaluating adversarial:  10%|█         | 10/100 [00:03<00:31,  2.83it/s, Accuracy=0.00%]
Evaluating adversarial:  10%|█         | 10/100 [00:03<00:31,  2.83it/s, Accuracy=0.00%]
Evaluating adversarial:  11%|█         | 11/100 [00:03<00:31,  2.83it/s, Accuracy=0.00%]
Evaluating adversarial:  11%|█         | 11/100 [00:04<00:31,  2.83it/s, Accuracy=0.00%]
Evaluating adversarial:  12%|█▏        | 12/100 [00:04<00:31,  2.83it/s, Accuracy=0.00%]
Evaluating adversarial:  12%|█▏        | 12/100 [00:04<00:31,  2.83it/s, Accuracy=0.00%]
Evaluating adversarial:  13%|█▎        | 13/100 [00:04<00:30,  2.83it/s, Accuracy=0.00%]
Evaluating adversarial:  13%|█▎        | 13/100 [00:04<00:30,  2.83it/s, Accuracy=0.00%]
Evaluating adversarial:  14%|█▍        | 14/100 [00:04<00:30,  2.83it/s, Accuracy=0.00%]
Evaluating adversarial:  14%|█▍        | 14/100 [00:05<00:30,  2.83it/s, Accuracy=0.00%]
Evaluating adversarial:  15%|█▌        | 15/100 [00:05<00:30,  2.83it/s, Accuracy=0.00%]
Evaluating adversarial:  15%|█▌        | 15/100 [00:05<00:30,  2.83it/s, Accuracy=0.00%]
Evaluating adversarial:  16%|█▌        | 16/100 [00:05<00:29,  2.83it/s, Accuracy=0.00%]
Evaluating adversarial:  16%|█▌        | 16/100 [00:05<00:29,  2.83it/s, Accuracy=0.00%]
Evaluating adversarial:  17%|█▋        | 17/100 [00:05<00:29,  2.83it/s, Accuracy=0.00%]
Evaluating adversarial:  17%|█▋        | 17/100 [00:06<00:29,  2.83it/s, Accuracy=0.00%]
